=== NCCL SendRecv P2P Benchmark — 2 Nodes ===
Job ID: 79912
Nodes: use3a-ss-b200-gpu-149 use3a-ss-b200-gpu-150 
Date: Fri Apr 10 01:51:13 PM PDT 2026

	[4mGPU0	GPU1	GPU2	GPU3	GPU4	GPU5	GPU6	GPU7	NIC0	NIC1	NIC2	NIC3	NIC4	NIC5	NIC6	NIC7	NIC8	NIC9	NIC10	NIC11	NIC12	NIC13	NIC14	NIC15	CPU Affinity	NUMA Affinity	GPU NUMA ID[0m
GPU0	 X 	NV18	NV18	NV18	NV18	NV18	NV18	NV18	PIX	NODE	NODE	NODE	NODE	NODE	SYS	SYS	SYS	SYS	SYS	SYS	SYS	SYS	SYS	SYS	0-127	0		N/A
GPU1	NV18	 X 	NV18	NV18	NV18	NV18	NV18	NV18	NODE	PIX	NODE	NODE	NODE	NODE	SYS	SYS	SYS	SYS	SYS	SYS	SYS	SYS	SYS	SYS	0-127	0		N/A
GPU2	NV18	NV18	 X 	NV18	NV18	NV18	NV18	NV18	NODE	NODE	NODE	NODE	PIX	NODE	SYS	SYS	SYS	SYS	SYS	SYS	SYS	SYS	SYS	SYS	0-127	0		N/A
GPU3	NV18	NV18	NV18	 X 	NV18	NV18	NV18	NV18	NODE	NODE	NODE	NODE	NODE	PIX	SYS	SYS	SYS	SYS	SYS	SYS	SYS	SYS	SYS	SYS	0-127	0		N/A
GPU4	NV18	NV18	NV18	NV18	 X 	NV18	NV18	NV18	SYS	SYS	SYS	SYS	SYS	SYS	PIX	NODE	NODE	NODE	NODE	NODE	NODE	NODE	NODE	NODE	128-255	1		N/A
GPU5	NV18	NV18	NV18	NV18	NV18	 X 	NV18	NV18	SYS	SYS	SYS	SYS	SYS	SYS	NODE	NODE	NODE	NODE	NODE	PIX	NODE	NODE	NODE	NODE	128-255	1		N/A
GPU6	NV18	NV18	NV18	NV18	NV18	NV18	 X 	NV18	SYS	SYS	SYS	SYS	SYS	SYS	NODE	NODE	NODE	NODE	NODE	NODE	NODE	NODE	PIX	NODE	128-255	1		N/A
GPU7	NV18	NV18	NV18	NV18	NV18	NV18	NV18	 X 	SYS	SYS	SYS	SYS	SYS	SYS	NODE	NODE	NODE	NODE	NODE	NODE	NODE	NODE	NODE	PIX	128-255	1		N/A
NIC0	PIX	NODE	NODE	NODE	SYS	SYS	SYS	SYS	 X 	NODE	NODE	NODE	NODE	NODE	SYS	SYS	SYS	SYS	SYS	SYS	SYS	SYS	SYS	SYS				
NIC1	NODE	PIX	NODE	NODE	SYS	SYS	SYS	SYS	NODE	 X 	NODE	NODE	NODE	NODE	SYS	SYS	SYS	SYS	SYS	SYS	SYS	SYS	SYS	SYS				
NIC2	NODE	NODE	NODE	NODE	SYS	SYS	SYS	SYS	NODE	NODE	 X 	PIX	NODE	NODE	SYS	SYS	SYS	SYS	SYS	SYS	SYS	SYS	SYS	SYS				
NIC3	NODE	NODE	NODE	NODE	SYS	SYS	SYS	SYS	NODE	NODE	PIX	 X 	NODE	NODE	SYS	SYS	SYS	SYS	SYS	SYS	SYS	SYS	SYS	SYS				
NIC4	NODE	NODE	PIX	NODE	SYS	SYS	SYS	SYS	NODE	NODE	NODE	NODE	 X 	NODE	SYS	SYS	SYS	SYS	SYS	SYS	SYS	SYS	SYS	SYS				
NIC5	NODE	NODE	NODE	PIX	SYS	SYS	SYS	SYS	NODE	NODE	NODE	NODE	NODE	 X 	SYS	SYS	SYS	SYS	SYS	SYS	SYS	SYS	SYS	SYS				
NIC6	SYS	SYS	SYS	SYS	PIX	NODE	NODE	NODE	SYS	SYS	SYS	SYS	SYS	SYS	 X 	NODE	NODE	NODE	NODE	NODE	NODE	NODE	NODE	NODE				
NIC7	SYS	SYS	SYS	SYS	NODE	NODE	NODE	NODE	SYS	SYS	SYS	SYS	SYS	SYS	NODE	 X 	PIX	PIX	PIX	NODE	NODE	NODE	NODE	NODE				
NIC8	SYS	SYS	SYS	SYS	NODE	NODE	NODE	NODE	SYS	SYS	SYS	SYS	SYS	SYS	NODE	PIX	 X 	PIX	PIX	NODE	NODE	NODE	NODE	NODE				
NIC9	SYS	SYS	SYS	SYS	NODE	NODE	NODE	NODE	SYS	SYS	SYS	SYS	SYS	SYS	NODE	PIX	PIX	 X 	PIX	NODE	NODE	NODE	NODE	NODE				
NIC10	SYS	SYS	SYS	SYS	NODE	NODE	NODE	NODE	SYS	SYS	SYS	SYS	SYS	SYS	NODE	PIX	PIX	PIX	 X 	NODE	NODE	NODE	NODE	NODE				
NIC11	SYS	SYS	SYS	SYS	NODE	PIX	NODE	NODE	SYS	SYS	SYS	SYS	SYS	SYS	NODE	NODE	NODE	NODE	NODE	 X 	NODE	NODE	NODE	NODE				
NIC12	SYS	SYS	SYS	SYS	NODE	NODE	NODE	NODE	SYS	SYS	SYS	SYS	SYS	SYS	NODE	NODE	NODE	NODE	NODE	NODE	 X 	PIX	NODE	NODE				
NIC13	SYS	SYS	SYS	SYS	NODE	NODE	NODE	NODE	SYS	SYS	SYS	SYS	SYS	SYS	NODE	NODE	NODE	NODE	NODE	NODE	PIX	 X 	NODE	NODE				
NIC14	SYS	SYS	SYS	SYS	NODE	NODE	PIX	NODE	SYS	SYS	SYS	SYS	SYS	SYS	NODE	NODE	NODE	NODE	NODE	NODE	NODE	NODE	 X 	NODE				
NIC15	SYS	SYS	SYS	SYS	NODE	NODE	NODE	PIX	SYS	SYS	SYS	SYS	SYS	SYS	NODE	NODE	NODE	NODE	NODE	NODE	NODE	NODE	NODE	 X 				

Legend:

  X    = Self
  SYS  = Connection traversing PCIe as well as the SMP interconnect between NUMA nodes (e.g., QPI/UPI)
  NODE = Connection traversing PCIe as well as the interconnect between PCIe Host Bridges within a NUMA node
  PHB  = Connection traversing PCIe as well as a PCIe Host Bridge (typically the CPU)
  PXB  = Connection traversing multiple PCIe bridges (without traversing the PCIe Host Bridge)
  PIX  = Connection traversing at most a single PCIe bridge
  NV#  = Connection traversing a bonded set of # NVLinks

NIC Legend:

  NIC0: mlx5_0
  NIC1: mlx5_1
  NIC2: mlx5_2
  NIC3: mlx5_3
  NIC4: mlx5_4
  NIC5: mlx5_5
  NIC6: mlx5_6
  NIC7: mlx5_7
  NIC8: mlx5_8
  NIC9: mlx5_9
  NIC10: mlx5_10
  NIC11: mlx5_11
  NIC12: mlx5_12
  NIC13: mlx5_13
  NIC14: mlx5_14
  NIC15: mlx5_15


>>> SendRecv bandwidth sweep (1KB to 256MB)...
# nThread 1 nGpus 1 minBytes 1024 maxBytes 268435456 step: 2(factor) warmup iters: 5 iters: 50 agg iters: 1 validation: 1 graph: 0
#
# Using devices
#  Rank  0 Group  0 Pid  98982 on use3a-ss-b200-gpu-149 device  0 [0x17] NVIDIA B200
#  Rank  1 Group  0 Pid  98983 on use3a-ss-b200-gpu-149 device  1 [0x3d] NVIDIA B200
#  Rank  2 Group  0 Pid  98984 on use3a-ss-b200-gpu-149 device  2 [0x5f] NVIDIA B200
#  Rank  3 Group  0 Pid  98985 on use3a-ss-b200-gpu-149 device  3 [0x70] NVIDIA B200
#  Rank  4 Group  0 Pid  98986 on use3a-ss-b200-gpu-149 device  4 [0x97] NVIDIA B200
#  Rank  5 Group  0 Pid  98987 on use3a-ss-b200-gpu-149 device  5 [0xba] NVIDIA B200
#  Rank  6 Group  0 Pid  98988 on use3a-ss-b200-gpu-149 device  6 [0xdc] NVIDIA B200
#  Rank  7 Group  0 Pid  98989 on use3a-ss-b200-gpu-149 device  7 [0xed] NVIDIA B200
#  Rank  8 Group  0 Pid  98204 on use3a-ss-b200-gpu-150 device  0 [0x17] NVIDIA B200
#  Rank  9 Group  0 Pid  98205 on use3a-ss-b200-gpu-150 device  1 [0x3d] NVIDIA B200
#  Rank 10 Group  0 Pid  98206 on use3a-ss-b200-gpu-150 device  2 [0x5f] NVIDIA B200
#  Rank 11 Group  0 Pid  98207 on use3a-ss-b200-gpu-150 device  3 [0x70] NVIDIA B200
#  Rank 12 Group  0 Pid  98208 on use3a-ss-b200-gpu-150 device  4 [0x97] NVIDIA B200
#  Rank 13 Group  0 Pid  98209 on use3a-ss-b200-gpu-150 device  5 [0xba] NVIDIA B200
#  Rank 14 Group  0 Pid  98210 on use3a-ss-b200-gpu-150 device  6 [0xdc] NVIDIA B200
#  Rank 15 Group  0 Pid  98211 on use3a-ss-b200-gpu-150 device  7 [0xed] NVIDIA B200
use3a-ss-b200-gpu-149:98982:98982 [0] NCCL INFO ENV/Plugin: Could not find: libnccl-env.so
use3a-ss-b200-gpu-149:98982:98982 [0] NCCL INFO NCCL_SOCKET_IFNAME set by environment to bond0
use3a-ss-b200-gpu-149:98982:98982 [0] NCCL INFO Bootstrap: Using bond0:7.247.232.121<0>
use3a-ss-b200-gpu-149:98982:98982 [0] NCCL INFO cudaDriverVersion 12090
use3a-ss-b200-gpu-150:98205:98205 [1] NCCL INFO ENV/Plugin: Could not find: libnccl-env.so
use3a-ss-b200-gpu-150:98205:98205 [1] NCCL INFO cudaDriverVersion 12090
use3a-ss-b200-gpu-150:98207:98207 [3] NCCL INFO ENV/Plugin: Could not find: libnccl-env.so
use3a-ss-b200-gpu-150:98207:98207 [3] NCCL INFO cudaDriverVersion 12090
use3a-ss-b200-gpu-150:98211:98211 [7] NCCL INFO ENV/Plugin: Could not find: libnccl-env.so
use3a-ss-b200-gpu-150:98211:98211 [7] NCCL INFO cudaDriverVersion 12090
use3a-ss-b200-gpu-149:98982:98982 [0] NCCL INFO NCCL version 2.29.7+cuda12.9
use3a-ss-b200-gpu-149:98982:98982 [0] NCCL INFO NCCL git version stable b81d6a5a3
use3a-ss-b200-gpu-150:98205:98205 [1] NCCL INFO NCCL_SOCKET_IFNAME set by environment to bond0
use3a-ss-b200-gpu-150:98205:98205 [1] NCCL INFO Bootstrap: Using bond0:7.247.232.122<0>
use3a-ss-b200-gpu-150:98205:98205 [1] NCCL INFO NCCL version 2.29.7+cuda12.9
use3a-ss-b200-gpu-150:98205:98205 [1] NCCL INFO NCCL git version stable b81d6a5a3
use3a-ss-b200-gpu-150:98211:98211 [7] NCCL INFO NCCL_SOCKET_IFNAME set by environment to bond0
use3a-ss-b200-gpu-150:98209:98209 [5] NCCL INFO ENV/Plugin: Could not find: libnccl-env.so
use3a-ss-b200-gpu-150:98209:98209 [5] NCCL INFO cudaDriverVersion 12090
use3a-ss-b200-gpu-150:98211:98211 [7] NCCL INFO Bootstrap: Using bond0:7.247.232.122<0>
use3a-ss-b200-gpu-150:98211:98211 [7] NCCL INFO NCCL version 2.29.7+cuda12.9
use3a-ss-b200-gpu-150:98211:98211 [7] NCCL INFO NCCL git version stable b81d6a5a3
use3a-ss-b200-gpu-149:98986:98986 [4] NCCL INFO ENV/Plugin: Could not find: libnccl-env.so
use3a-ss-b200-gpu-149:98986:98986 [4] NCCL INFO cudaDriverVersion 12090
use3a-ss-b200-gpu-150:98207:98207 [3] NCCL INFO NCCL_SOCKET_IFNAME set by environment to bond0
use3a-ss-b200-gpu-150:98207:98207 [3] NCCL INFO Bootstrap: Using bond0:7.247.232.122<0>
use3a-ss-b200-gpu-150:98207:98207 [3] NCCL INFO NCCL version 2.29.7+cuda12.9
use3a-ss-b200-gpu-150:98207:98207 [3] NCCL INFO NCCL git version stable b81d6a5a3
use3a-ss-b200-gpu-149:98989:98989 [7] NCCL INFO ENV/Plugin: Could not find: libnccl-env.so
use3a-ss-b200-gpu-149:98989:98989 [7] NCCL INFO cudaDriverVersion 12090
use3a-ss-b200-gpu-150:98210:98210 [6] NCCL INFO ENV/Plugin: Could not find: libnccl-env.so
use3a-ss-b200-gpu-150:98210:98210 [6] NCCL INFO cudaDriverVersion 12090
use3a-ss-b200-gpu-150:98208:98208 [4] NCCL INFO ENV/Plugin: Could not find: libnccl-env.so
use3a-ss-b200-gpu-150:98208:98208 [4] NCCL INFO cudaDriverVersion 12090
use3a-ss-b200-gpu-150:98206:98206 [2] NCCL INFO ENV/Plugin: Could not find: libnccl-env.so
use3a-ss-b200-gpu-150:98206:98206 [2] NCCL INFO cudaDriverVersion 12090
use3a-ss-b200-gpu-149:98986:98986 [4] NCCL INFO NCCL_SOCKET_IFNAME set by environment to bond0
use3a-ss-b200-gpu-149:98986:98986 [4] NCCL INFO Bootstrap: Using bond0:7.247.232.121<0>
use3a-ss-b200-gpu-149:98986:98986 [4] NCCL INFO NCCL version 2.29.7+cuda12.9
use3a-ss-b200-gpu-149:98986:98986 [4] NCCL INFO NCCL git version stable b81d6a5a3
use3a-ss-b200-gpu-149:98988:98988 [6] NCCL INFO ENV/Plugin: Could not find: libnccl-env.so
use3a-ss-b200-gpu-149:98988:98988 [6] NCCL INFO cudaDriverVersion 12090
use3a-ss-b200-gpu-149:98984:98984 [2] NCCL INFO ENV/Plugin: Could not find: libnccl-env.so
use3a-ss-b200-gpu-149:98984:98984 [2] NCCL INFO cudaDriverVersion 12090
use3a-ss-b200-gpu-149:98983:98983 [1] NCCL INFO ENV/Plugin: Could not find: libnccl-env.so
use3a-ss-b200-gpu-149:98983:98983 [1] NCCL INFO cudaDriverVersion 12090
use3a-ss-b200-gpu-149:98985:98985 [3] NCCL INFO ENV/Plugin: Could not find: libnccl-env.so
use3a-ss-b200-gpu-149:98985:98985 [3] NCCL INFO cudaDriverVersion 12090
use3a-ss-b200-gpu-150:98209:98209 [5] NCCL INFO NCCL_SOCKET_IFNAME set by environment to bond0
use3a-ss-b200-gpu-150:98209:98209 [5] NCCL INFO Bootstrap: Using bond0:7.247.232.122<0>
use3a-ss-b200-gpu-150:98209:98209 [5] NCCL INFO NCCL version 2.29.7+cuda12.9
use3a-ss-b200-gpu-150:98209:98209 [5] NCCL INFO NCCL git version stable b81d6a5a3
use3a-ss-b200-gpu-150:98208:98208 [4] NCCL INFO NCCL_SOCKET_IFNAME set by environment to bond0
use3a-ss-b200-gpu-150:98208:98208 [4] NCCL INFO Bootstrap: Using bond0:7.247.232.122<0>
use3a-ss-b200-gpu-150:98208:98208 [4] NCCL INFO NCCL version 2.29.7+cuda12.9
use3a-ss-b200-gpu-150:98208:98208 [4] NCCL INFO NCCL git version stable b81d6a5a3
use3a-ss-b200-gpu-150:98206:98206 [2] NCCL INFO NCCL_SOCKET_IFNAME set by environment to bond0
use3a-ss-b200-gpu-150:98206:98206 [2] NCCL INFO Bootstrap: Using bond0:7.247.232.122<0>
use3a-ss-b200-gpu-150:98206:98206 [2] NCCL INFO NCCL version 2.29.7+cuda12.9
use3a-ss-b200-gpu-150:98206:98206 [2] NCCL INFO NCCL git version stable b81d6a5a3
use3a-ss-b200-gpu-150:98204:98204 [0] NCCL INFO ENV/Plugin: Could not find: libnccl-env.so
use3a-ss-b200-gpu-150:98204:98204 [0] NCCL INFO cudaDriverVersion 12090
use3a-ss-b200-gpu-149:98989:98989 [7] NCCL INFO NCCL_SOCKET_IFNAME set by environment to bond0
use3a-ss-b200-gpu-150:98210:98210 [6] NCCL INFO NCCL_SOCKET_IFNAME set by environment to bond0
use3a-ss-b200-gpu-149:98989:98989 [7] NCCL INFO Bootstrap: Using bond0:7.247.232.121<0>
use3a-ss-b200-gpu-149:98989:98989 [7] NCCL INFO NCCL version 2.29.7+cuda12.9
use3a-ss-b200-gpu-149:98989:98989 [7] NCCL INFO NCCL git version stable b81d6a5a3
use3a-ss-b200-gpu-150:98210:98210 [6] NCCL INFO Bootstrap: Using bond0:7.247.232.122<0>
use3a-ss-b200-gpu-150:98210:98210 [6] NCCL INFO NCCL version 2.29.7+cuda12.9
use3a-ss-b200-gpu-150:98210:98210 [6] NCCL INFO NCCL git version stable b81d6a5a3
use3a-ss-b200-gpu-150:98204:98204 [0] NCCL INFO NCCL_SOCKET_IFNAME set by environment to bond0
use3a-ss-b200-gpu-150:98204:98204 [0] NCCL INFO Bootstrap: Using bond0:7.247.232.122<0>
use3a-ss-b200-gpu-150:98204:98204 [0] NCCL INFO NCCL version 2.29.7+cuda12.9
use3a-ss-b200-gpu-150:98204:98204 [0] NCCL INFO NCCL git version stable b81d6a5a3
use3a-ss-b200-gpu-149:98987:98987 [5] NCCL INFO ENV/Plugin: Could not find: libnccl-env.so
use3a-ss-b200-gpu-149:98987:98987 [5] NCCL INFO cudaDriverVersion 12090
use3a-ss-b200-gpu-149:98984:98984 [2] NCCL INFO NCCL_SOCKET_IFNAME set by environment to bond0
use3a-ss-b200-gpu-149:98984:98984 [2] NCCL INFO Bootstrap: Using bond0:7.247.232.121<0>
use3a-ss-b200-gpu-149:98984:98984 [2] NCCL INFO NCCL version 2.29.7+cuda12.9
use3a-ss-b200-gpu-149:98984:98984 [2] NCCL INFO NCCL git version stable b81d6a5a3
use3a-ss-b200-gpu-149:98983:98983 [1] NCCL INFO NCCL_SOCKET_IFNAME set by environment to bond0
use3a-ss-b200-gpu-149:98983:98983 [1] NCCL INFO Bootstrap: Using bond0:7.247.232.121<0>
use3a-ss-b200-gpu-149:98983:98983 [1] NCCL INFO NCCL version 2.29.7+cuda12.9
use3a-ss-b200-gpu-149:98983:98983 [1] NCCL INFO NCCL git version stable b81d6a5a3
use3a-ss-b200-gpu-150:98207:98207 [3] NCCL INFO NET/Plugin: Loaded net plugin NCCL RDMA Plugin v8 (v8)
use3a-ss-b200-gpu-150:98207:98207 [3] NCCL INFO NET/Plugin: Loaded collnet plugin SHARP (v8)
use3a-ss-b200-gpu-150:98207:98207 [3] NCCL INFO Successfully loaded external network plugin /opt/hpcx/nccl_rdma_sharp_plugin/lib/libnccl-net.so
use3a-ss-b200-gpu-150:98207:98207 [3] NCCL INFO Plugin Path : /opt/hpcx/nccl_rdma_sharp_plugin/lib/libnccl-net.so
use3a-ss-b200-gpu-150:98207:98207 [3] NCCL INFO P2P plugin IBext_v8
use3a-ss-b200-gpu-150:98207:98207 [3] NCCL INFO NCCL_SOCKET_IFNAME set by environment to bond0
use3a-ss-b200-gpu-150:98205:98205 [1] NCCL INFO NET/Plugin: Loaded net plugin NCCL RDMA Plugin v8 (v8)
use3a-ss-b200-gpu-150:98205:98205 [1] NCCL INFO NET/Plugin: Loaded collnet plugin SHARP (v8)
use3a-ss-b200-gpu-150:98205:98205 [1] NCCL INFO Successfully loaded external network plugin /opt/hpcx/nccl_rdma_sharp_plugin/lib/libnccl-net.so
use3a-ss-b200-gpu-150:98205:98205 [1] NCCL INFO Plugin Path : /opt/hpcx/nccl_rdma_sharp_plugin/lib/libnccl-net.so
use3a-ss-b200-gpu-150:98205:98205 [1] NCCL INFO P2P plugin IBext_v8
use3a-ss-b200-gpu-150:98205:98205 [1] NCCL INFO NCCL_SOCKET_IFNAME set by environment to bond0
use3a-ss-b200-gpu-150:98211:98211 [7] NCCL INFO NET/Plugin: Loaded net plugin NCCL RDMA Plugin v8 (v8)
use3a-ss-b200-gpu-150:98211:98211 [7] NCCL INFO NET/Plugin: Loaded collnet plugin SHARP (v8)
use3a-ss-b200-gpu-150:98211:98211 [7] NCCL INFO Successfully loaded external network plugin /opt/hpcx/nccl_rdma_sharp_plugin/lib/libnccl-net.so
use3a-ss-b200-gpu-150:98211:98211 [7] NCCL INFO Plugin Path : /opt/hpcx/nccl_rdma_sharp_plugin/lib/libnccl-net.so
use3a-ss-b200-gpu-150:98211:98211 [7] NCCL INFO P2P plugin IBext_v8
use3a-ss-b200-gpu-150:98211:98211 [7] NCCL INFO NCCL_SOCKET_IFNAME set by environment to bond0
use3a-ss-b200-gpu-149:98988:98988 [6] NCCL INFO NCCL_SOCKET_IFNAME set by environment to bond0
use3a-ss-b200-gpu-149:98988:98988 [6] NCCL INFO Bootstrap: Using bond0:7.247.232.121<0>
use3a-ss-b200-gpu-149:98988:98988 [6] NCCL INFO NCCL version 2.29.7+cuda12.9
use3a-ss-b200-gpu-149:98988:98988 [6] NCCL INFO NCCL git version stable b81d6a5a3
use3a-ss-b200-gpu-149:98985:98985 [3] NCCL INFO NCCL_SOCKET_IFNAME set by environment to bond0
use3a-ss-b200-gpu-149:98985:98985 [3] NCCL INFO Bootstrap: Using bond0:7.247.232.121<0>
use3a-ss-b200-gpu-149:98985:98985 [3] NCCL INFO NCCL version 2.29.7+cuda12.9
use3a-ss-b200-gpu-149:98985:98985 [3] NCCL INFO NCCL git version stable b81d6a5a3
use3a-ss-b200-gpu-149:98987:98987 [5] NCCL INFO NCCL_SOCKET_IFNAME set by environment to bond0
use3a-ss-b200-gpu-149:98987:98987 [5] NCCL INFO Bootstrap: Using bond0:7.247.232.121<0>
use3a-ss-b200-gpu-149:98987:98987 [5] NCCL INFO NCCL version 2.29.7+cuda12.9
use3a-ss-b200-gpu-149:98987:98987 [5] NCCL INFO NCCL git version stable b81d6a5a3
use3a-ss-b200-gpu-149:98982:98982 [0] NCCL INFO NET/Plugin: Loaded net plugin NCCL RDMA Plugin v8 (v8)
use3a-ss-b200-gpu-149:98982:98982 [0] NCCL INFO NET/Plugin: Loaded collnet plugin SHARP (v8)
use3a-ss-b200-gpu-149:98982:98982 [0] NCCL INFO Successfully loaded external network plugin /opt/hpcx/nccl_rdma_sharp_plugin/lib/libnccl-net.so
use3a-ss-b200-gpu-149:98982:98982 [0] NCCL INFO Plugin Path : /opt/hpcx/nccl_rdma_sharp_plugin/lib/libnccl-net.so
use3a-ss-b200-gpu-149:98982:98982 [0] NCCL INFO P2P plugin IBext_v8
use3a-ss-b200-gpu-149:98982:98982 [0] NCCL INFO NCCL_SOCKET_IFNAME set by environment to bond0
use3a-ss-b200-gpu-150:98205:98205 [1] NCCL INFO NET/IB : Using [0]mlx5_0:1/IB/SHARP [1]mlx5_1:1/IB/SHARP [2]mlx5_4:1/IB/SHARP [3]mlx5_5:1/IB/SHARP [4]mlx5_6:1/IB/SHARP [5]mlx5_11:1/IB/SHARP [6]mlx5_14:1/IB/SHARP [7]mlx5_15:1/IB/SHARP [RO]; OOB bond0:7.247.232.122<0>
use3a-ss-b200-gpu-150:98205:98205 [1] NCCL INFO Initialized NET plugin NCCL RDMA Plugin v8
use3a-ss-b200-gpu-150:98205:98205 [1] NCCL INFO Assigned NET plugin NCCL RDMA Plugin v8 to comm
use3a-ss-b200-gpu-150:98205:98205 [1] NCCL INFO GIN/Plugin: Could not find: libnccl-gin.so
use3a-ss-b200-gpu-150:98205:98205 [1] NCCL INFO Successfully loaded external gin plugin /opt/hpcx/nccl_rdma_sharp_plugin/lib/libnccl-net.so
use3a-ss-b200-gpu-150:98205:98205 [1] NCCL INFO NCCL_SOCKET_IFNAME set by environment to bond0
use3a-ss-b200-gpu-150:98205:98205 [1] NCCL INFO NCCL_IB_HCA set to =mlx5_0:1,mlx5_1:1,mlx5_4:1,mlx5_5:1,mlx5_6:1,mlx5_11:1,mlx5_14:1,mlx5_15:1
use3a-ss-b200-gpu-150:98207:98207 [3] NCCL INFO NET/IB : Using [0]mlx5_0:1/IB/SHARP [1]mlx5_1:1/IB/SHARP [2]mlx5_4:1/IB/SHARP [3]mlx5_5:1/IB/SHARP [4]mlx5_6:1/IB/SHARP [5]mlx5_11:1/IB/SHARP [6]mlx5_14:1/IB/SHARP [7]mlx5_15:1/IB/SHARP [RO]; OOB bond0:7.247.232.122<0>
use3a-ss-b200-gpu-150:98207:98207 [3] NCCL INFO Initialized NET plugin NCCL RDMA Plugin v8
use3a-ss-b200-gpu-150:98211:98211 [7] NCCL INFO NET/IB : Using [0]mlx5_0:1/IB/SHARP [1]mlx5_1:1/IB/SHARP [2]mlx5_4:1/IB/SHARP [3]mlx5_5:1/IB/SHARP [4]mlx5_6:1/IB/SHARP [5]mlx5_11:1/IB/SHARP [6]mlx5_14:1/IB/SHARP [7]mlx5_15:1/IB/SHARP [RO]; OOB bond0:7.247.232.122<0>
use3a-ss-b200-gpu-150:98211:98211 [7] NCCL INFO Initialized NET plugin NCCL RDMA Plugin v8
use3a-ss-b200-gpu-150:98211:98211 [7] NCCL INFO Assigned NET plugin NCCL RDMA Plugin v8 to comm
use3a-ss-b200-gpu-150:98207:98207 [3] NCCL INFO Assigned NET plugin NCCL RDMA Plugin v8 to comm
use3a-ss-b200-gpu-150:98207:98207 [3] NCCL INFO GIN/Plugin: Could not find: libnccl-gin.so
use3a-ss-b200-gpu-150:98207:98207 [3] NCCL INFO Successfully loaded external gin plugin /opt/hpcx/nccl_rdma_sharp_plugin/lib/libnccl-net.so
use3a-ss-b200-gpu-150:98211:98211 [7] NCCL INFO GIN/Plugin: Could not find: libnccl-gin.so
use3a-ss-b200-gpu-150:98211:98211 [7] NCCL INFO Successfully loaded external gin plugin /opt/hpcx/nccl_rdma_sharp_plugin/lib/libnccl-net.so
use3a-ss-b200-gpu-150:98207:98207 [3] NCCL INFO NCCL_SOCKET_IFNAME set by environment to bond0
use3a-ss-b200-gpu-150:98211:98211 [7] NCCL INFO NCCL_SOCKET_IFNAME set by environment to bond0
use3a-ss-b200-gpu-150:98207:98207 [3] NCCL INFO NCCL_IB_HCA set to =mlx5_0:1,mlx5_1:1,mlx5_4:1,mlx5_5:1,mlx5_6:1,mlx5_11:1,mlx5_14:1,mlx5_15:1
use3a-ss-b200-gpu-150:98211:98211 [7] NCCL INFO NCCL_IB_HCA set to =mlx5_0:1,mlx5_1:1,mlx5_4:1,mlx5_5:1,mlx5_6:1,mlx5_11:1,mlx5_14:1,mlx5_15:1
use3a-ss-b200-gpu-150:98209:98209 [5] NCCL INFO NET/Plugin: Loaded net plugin NCCL RDMA Plugin v8 (v8)
use3a-ss-b200-gpu-150:98209:98209 [5] NCCL INFO NET/Plugin: Loaded collnet plugin SHARP (v8)
use3a-ss-b200-gpu-150:98209:98209 [5] NCCL INFO Successfully loaded external network plugin /opt/hpcx/nccl_rdma_sharp_plugin/lib/libnccl-net.so
use3a-ss-b200-gpu-150:98209:98209 [5] NCCL INFO Plugin Path : /opt/hpcx/nccl_rdma_sharp_plugin/lib/libnccl-net.so
use3a-ss-b200-gpu-150:98209:98209 [5] NCCL INFO P2P plugin IBext_v8
use3a-ss-b200-gpu-150:98209:98209 [5] NCCL INFO NCCL_SOCKET_IFNAME set by environment to bond0
use3a-ss-b200-gpu-149:98986:98986 [4] NCCL INFO NET/Plugin: Loaded net plugin NCCL RDMA Plugin v8 (v8)
use3a-ss-b200-gpu-149:98986:98986 [4] NCCL INFO NET/Plugin: Loaded collnet plugin SHARP (v8)
use3a-ss-b200-gpu-149:98986:98986 [4] NCCL INFO Successfully loaded external network plugin /opt/hpcx/nccl_rdma_sharp_plugin/lib/libnccl-net.so
use3a-ss-b200-gpu-149:98986:98986 [4] NCCL INFO Plugin Path : /opt/hpcx/nccl_rdma_sharp_plugin/lib/libnccl-net.so
use3a-ss-b200-gpu-149:98986:98986 [4] NCCL INFO P2P plugin IBext_v8
use3a-ss-b200-gpu-149:98986:98986 [4] NCCL INFO NCCL_SOCKET_IFNAME set by environment to bond0
use3a-ss-b200-gpu-150:98206:98206 [2] NCCL INFO NET/Plugin: Loaded net plugin NCCL RDMA Plugin v8 (v8)
use3a-ss-b200-gpu-150:98206:98206 [2] NCCL INFO NET/Plugin: Loaded collnet plugin SHARP (v8)
use3a-ss-b200-gpu-150:98206:98206 [2] NCCL INFO Successfully loaded external network plugin /opt/hpcx/nccl_rdma_sharp_plugin/lib/libnccl-net.so
use3a-ss-b200-gpu-150:98206:98206 [2] NCCL INFO Plugin Path : /opt/hpcx/nccl_rdma_sharp_plugin/lib/libnccl-net.so
use3a-ss-b200-gpu-150:98206:98206 [2] NCCL INFO P2P plugin IBext_v8
use3a-ss-b200-gpu-150:98206:98206 [2] NCCL INFO NCCL_SOCKET_IFNAME set by environment to bond0
use3a-ss-b200-gpu-150:98208:98208 [4] NCCL INFO NET/Plugin: Loaded net plugin NCCL RDMA Plugin v8 (v8)
use3a-ss-b200-gpu-150:98208:98208 [4] NCCL INFO NET/Plugin: Loaded collnet plugin SHARP (v8)
use3a-ss-b200-gpu-150:98208:98208 [4] NCCL INFO Successfully loaded external network plugin /opt/hpcx/nccl_rdma_sharp_plugin/lib/libnccl-net.so
use3a-ss-b200-gpu-150:98208:98208 [4] NCCL INFO Plugin Path : /opt/hpcx/nccl_rdma_sharp_plugin/lib/libnccl-net.so
use3a-ss-b200-gpu-150:98208:98208 [4] NCCL INFO P2P plugin IBext_v8
use3a-ss-b200-gpu-150:98208:98208 [4] NCCL INFO NCCL_SOCKET_IFNAME set by environment to bond0
use3a-ss-b200-gpu-150:98210:98210 [6] NCCL INFO NET/Plugin: Loaded net plugin NCCL RDMA Plugin v8 (v8)
use3a-ss-b200-gpu-150:98210:98210 [6] NCCL INFO NET/Plugin: Loaded collnet plugin SHARP (v8)
use3a-ss-b200-gpu-150:98210:98210 [6] NCCL INFO Successfully loaded external network plugin /opt/hpcx/nccl_rdma_sharp_plugin/lib/libnccl-net.so
use3a-ss-b200-gpu-150:98210:98210 [6] NCCL INFO Plugin Path : /opt/hpcx/nccl_rdma_sharp_plugin/lib/libnccl-net.so
use3a-ss-b200-gpu-150:98210:98210 [6] NCCL INFO P2P plugin IBext_v8
use3a-ss-b200-gpu-150:98210:98210 [6] NCCL INFO NCCL_SOCKET_IFNAME set by environment to bond0
use3a-ss-b200-gpu-149:98982:98982 [0] NCCL INFO NET/IB : Using [0]mlx5_0:1/IB/SHARP [1]mlx5_1:1/IB/SHARP [2]mlx5_4:1/IB/SHARP [3]mlx5_5:1/IB/SHARP [4]mlx5_6:1/IB/SHARP [5]mlx5_11:1/IB/SHARP [6]mlx5_14:1/IB/SHARP [7]mlx5_15:1/IB/SHARP [RO]; OOB bond0:7.247.232.121<0>
use3a-ss-b200-gpu-149:98982:98982 [0] NCCL INFO Initialized NET plugin NCCL RDMA Plugin v8
use3a-ss-b200-gpu-149:98982:98982 [0] NCCL INFO Assigned NET plugin NCCL RDMA Plugin v8 to comm
use3a-ss-b200-gpu-149:98982:98982 [0] NCCL INFO GIN/Plugin: Could not find: libnccl-gin.so
use3a-ss-b200-gpu-149:98982:98982 [0] NCCL INFO Successfully loaded external gin plugin /opt/hpcx/nccl_rdma_sharp_plugin/lib/libnccl-net.so
use3a-ss-b200-gpu-150:98204:98204 [0] NCCL INFO NET/Plugin: Loaded net plugin NCCL RDMA Plugin v8 (v8)
use3a-ss-b200-gpu-150:98204:98204 [0] NCCL INFO NET/Plugin: Loaded collnet plugin SHARP (v8)
use3a-ss-b200-gpu-150:98204:98204 [0] NCCL INFO Successfully loaded external network plugin /opt/hpcx/nccl_rdma_sharp_plugin/lib/libnccl-net.so
use3a-ss-b200-gpu-150:98204:98204 [0] NCCL INFO Plugin Path : /opt/hpcx/nccl_rdma_sharp_plugin/lib/libnccl-net.so
use3a-ss-b200-gpu-150:98204:98204 [0] NCCL INFO P2P plugin IBext_v8
use3a-ss-b200-gpu-150:98204:98204 [0] NCCL INFO NCCL_SOCKET_IFNAME set by environment to bond0
use3a-ss-b200-gpu-149:98982:98982 [0] NCCL INFO NCCL_SOCKET_IFNAME set by environment to bond0
use3a-ss-b200-gpu-149:98982:98982 [0] NCCL INFO NCCL_IB_HCA set to =mlx5_0:1,mlx5_1:1,mlx5_4:1,mlx5_5:1,mlx5_6:1,mlx5_11:1,mlx5_14:1,mlx5_15:1
use3a-ss-b200-gpu-149:98989:98989 [7] NCCL INFO NET/Plugin: Loaded net plugin NCCL RDMA Plugin v8 (v8)
use3a-ss-b200-gpu-149:98989:98989 [7] NCCL INFO NET/Plugin: Loaded collnet plugin SHARP (v8)
use3a-ss-b200-gpu-149:98989:98989 [7] NCCL INFO Successfully loaded external network plugin /opt/hpcx/nccl_rdma_sharp_plugin/lib/libnccl-net.so
use3a-ss-b200-gpu-149:98989:98989 [7] NCCL INFO Plugin Path : /opt/hpcx/nccl_rdma_sharp_plugin/lib/libnccl-net.so
use3a-ss-b200-gpu-149:98989:98989 [7] NCCL INFO P2P plugin IBext_v8
use3a-ss-b200-gpu-149:98989:98989 [7] NCCL INFO NCCL_SOCKET_IFNAME set by environment to bond0
use3a-ss-b200-gpu-150:98205:98205 [1] NCCL INFO NET/IB : Using [0]mlx5_0:1/IB [1]mlx5_1:1/IB [2]mlx5_4:1/IB [3]mlx5_5:1/IB [4]mlx5_6:1/IB [5]mlx5_11:1/IB [6]mlx5_14:1/IB [7]mlx5_15:1/IB [RO]; OOB bond0:7.247.232.122<0>
use3a-ss-b200-gpu-150:98205:98205 [1] NCCL INFO Assigned GIN plugin GIN_IB_GDAKI to comm
use3a-ss-b200-gpu-150:98205:98205 [1] NCCL INFO Assigned RMA plugin GIN_IB_PROXY to comm
use3a-ss-b200-gpu-150:98205:98205 [1] NCCL INFO Using network NCCL RDMA Plugin v8
use3a-ss-b200-gpu-150:98207:98207 [3] NCCL INFO NET/IB : Using [0]mlx5_0:1/IB [1]mlx5_1:1/IB [2]mlx5_4:1/IB [3]mlx5_5:1/IB [4]mlx5_6:1/IB [5]mlx5_11:1/IB [6]mlx5_14:1/IB [7]mlx5_15:1/IB [RO]; OOB bond0:7.247.232.122<0>
use3a-ss-b200-gpu-150:98207:98207 [3] NCCL INFO Assigned GIN plugin GIN_IB_GDAKI to comm
use3a-ss-b200-gpu-150:98207:98207 [3] NCCL INFO Assigned RMA plugin GIN_IB_PROXY to comm
use3a-ss-b200-gpu-150:98207:98207 [3] NCCL INFO Using network NCCL RDMA Plugin v8
use3a-ss-b200-gpu-150:98209:98209 [5] NCCL INFO NET/IB : Using [0]mlx5_0:1/IB/SHARP [1]mlx5_1:1/IB/SHARP [2]mlx5_4:1/IB/SHARP [3]mlx5_5:1/IB/SHARP [4]mlx5_6:1/IB/SHARP [5]mlx5_11:1/IB/SHARP [6]mlx5_14:1/IB/SHARP [7]mlx5_15:1/IB/SHARP [RO]; OOB bond0:7.247.232.122<0>
use3a-ss-b200-gpu-150:98209:98209 [5] NCCL INFO Initialized NET plugin NCCL RDMA Plugin v8
use3a-ss-b200-gpu-150:98209:98209 [5] NCCL INFO Assigned NET plugin NCCL RDMA Plugin v8 to comm
use3a-ss-b200-gpu-150:98211:98211 [7] NCCL INFO NET/IB : Using [0]mlx5_0:1/IB [1]mlx5_1:1/IB [2]mlx5_4:1/IB [3]mlx5_5:1/IB [4]mlx5_6:1/IB [5]mlx5_11:1/IB [6]mlx5_14:1/IB [7]mlx5_15:1/IB [RO]; OOB bond0:7.247.232.122<0>
use3a-ss-b200-gpu-150:98209:98209 [5] NCCL INFO GIN/Plugin: Could not find: libnccl-gin.so
use3a-ss-b200-gpu-150:98209:98209 [5] NCCL INFO Successfully loaded external gin plugin /opt/hpcx/nccl_rdma_sharp_plugin/lib/libnccl-net.so
use3a-ss-b200-gpu-150:98211:98211 [7] NCCL INFO Assigned GIN plugin GIN_IB_GDAKI to comm
use3a-ss-b200-gpu-150:98211:98211 [7] NCCL INFO Assigned RMA plugin GIN_IB_PROXY to comm
use3a-ss-b200-gpu-150:98211:98211 [7] NCCL INFO Using network NCCL RDMA Plugin v8
use3a-ss-b200-gpu-150:98209:98209 [5] NCCL INFO NCCL_SOCKET_IFNAME set by environment to bond0
use3a-ss-b200-gpu-149:98986:98986 [4] NCCL INFO NET/IB : Using [0]mlx5_0:1/IB/SHARP [1]mlx5_1:1/IB/SHARP [2]mlx5_4:1/IB/SHARP [3]mlx5_5:1/IB/SHARP [4]mlx5_6:1/IB/SHARP [5]mlx5_11:1/IB/SHARP [6]mlx5_14:1/IB/SHARP [7]mlx5_15:1/IB/SHARP [RO]; OOB bond0:7.247.232.121<0>
use3a-ss-b200-gpu-149:98986:98986 [4] NCCL INFO Initialized NET plugin NCCL RDMA Plugin v8
use3a-ss-b200-gpu-149:98986:98986 [4] NCCL INFO Assigned NET plugin NCCL RDMA Plugin v8 to comm
use3a-ss-b200-gpu-150:98209:98209 [5] NCCL INFO NCCL_IB_HCA set to =mlx5_0:1,mlx5_1:1,mlx5_4:1,mlx5_5:1,mlx5_6:1,mlx5_11:1,mlx5_14:1,mlx5_15:1
use3a-ss-b200-gpu-149:98986:98986 [4] NCCL INFO GIN/Plugin: Could not find: libnccl-gin.so
use3a-ss-b200-gpu-149:98986:98986 [4] NCCL INFO Successfully loaded external gin plugin /opt/hpcx/nccl_rdma_sharp_plugin/lib/libnccl-net.so
use3a-ss-b200-gpu-149:98986:98986 [4] NCCL INFO NCCL_SOCKET_IFNAME set by environment to bond0
use3a-ss-b200-gpu-149:98986:98986 [4] NCCL INFO NCCL_IB_HCA set to =mlx5_0:1,mlx5_1:1,mlx5_4:1,mlx5_5:1,mlx5_6:1,mlx5_11:1,mlx5_14:1,mlx5_15:1
use3a-ss-b200-gpu-150:98206:98206 [2] NCCL INFO NET/IB : Using [0]mlx5_0:1/IB/SHARP [1]mlx5_1:1/IB/SHARP [2]mlx5_4:1/IB/SHARP [3]mlx5_5:1/IB/SHARP [4]mlx5_6:1/IB/SHARP [5]mlx5_11:1/IB/SHARP [6]mlx5_14:1/IB/SHARP [7]mlx5_15:1/IB/SHARP [RO]; OOB bond0:7.247.232.122<0>
use3a-ss-b200-gpu-150:98206:98206 [2] NCCL INFO Initialized NET plugin NCCL RDMA Plugin v8
use3a-ss-b200-gpu-150:98206:98206 [2] NCCL INFO Assigned NET plugin NCCL RDMA Plugin v8 to comm
use3a-ss-b200-gpu-150:98206:98206 [2] NCCL INFO GIN/Plugin: Could not find: libnccl-gin.so
use3a-ss-b200-gpu-150:98206:98206 [2] NCCL INFO Successfully loaded external gin plugin /opt/hpcx/nccl_rdma_sharp_plugin/lib/libnccl-net.so
use3a-ss-b200-gpu-150:98206:98206 [2] NCCL INFO NCCL_SOCKET_IFNAME set by environment to bond0
use3a-ss-b200-gpu-150:98206:98206 [2] NCCL INFO NCCL_IB_HCA set to =mlx5_0:1,mlx5_1:1,mlx5_4:1,mlx5_5:1,mlx5_6:1,mlx5_11:1,mlx5_14:1,mlx5_15:1
use3a-ss-b200-gpu-149:98983:98983 [1] NCCL INFO NET/Plugin: Loaded net plugin NCCL RDMA Plugin v8 (v8)
use3a-ss-b200-gpu-149:98983:98983 [1] NCCL INFO NET/Plugin: Loaded collnet plugin SHARP (v8)
use3a-ss-b200-gpu-149:98983:98983 [1] NCCL INFO Successfully loaded external network plugin /opt/hpcx/nccl_rdma_sharp_plugin/lib/libnccl-net.so
use3a-ss-b200-gpu-149:98983:98983 [1] NCCL INFO Plugin Path : /opt/hpcx/nccl_rdma_sharp_plugin/lib/libnccl-net.so
use3a-ss-b200-gpu-149:98983:98983 [1] NCCL INFO P2P plugin IBext_v8
use3a-ss-b200-gpu-149:98983:98983 [1] NCCL INFO NCCL_SOCKET_IFNAME set by environment to bond0
use3a-ss-b200-gpu-150:98208:98208 [4] NCCL INFO NET/IB : Using [0]mlx5_0:1/IB/SHARP [1]mlx5_1:1/IB/SHARP [2]mlx5_4:1/IB/SHARP [3]mlx5_5:1/IB/SHARP [4]mlx5_6:1/IB/SHARP [5]mlx5_11:1/IB/SHARP [6]mlx5_14:1/IB/SHARP [7]mlx5_15:1/IB/SHARP [RO]; OOB bond0:7.247.232.122<0>
use3a-ss-b200-gpu-150:98208:98208 [4] NCCL INFO Initialized NET plugin NCCL RDMA Plugin v8
use3a-ss-b200-gpu-150:98210:98210 [6] NCCL INFO NET/IB : Using [0]mlx5_0:1/IB/SHARP [1]mlx5_1:1/IB/SHARP [2]mlx5_4:1/IB/SHARP [3]mlx5_5:1/IB/SHARP [4]mlx5_6:1/IB/SHARP [5]mlx5_11:1/IB/SHARP [6]mlx5_14:1/IB/SHARP [7]mlx5_15:1/IB/SHARP [RO]; OOB bond0:7.247.232.122<0>
use3a-ss-b200-gpu-150:98210:98210 [6] NCCL INFO Initialized NET plugin NCCL RDMA Plugin v8
use3a-ss-b200-gpu-150:98208:98208 [4] NCCL INFO Assigned NET plugin NCCL RDMA Plugin v8 to comm
use3a-ss-b200-gpu-150:98210:98210 [6] NCCL INFO Assigned NET plugin NCCL RDMA Plugin v8 to comm
use3a-ss-b200-gpu-150:98208:98208 [4] NCCL INFO GIN/Plugin: Could not find: libnccl-gin.so
use3a-ss-b200-gpu-150:98208:98208 [4] NCCL INFO Successfully loaded external gin plugin /opt/hpcx/nccl_rdma_sharp_plugin/lib/libnccl-net.so
use3a-ss-b200-gpu-150:98208:98208 [4] NCCL INFO NCCL_SOCKET_IFNAME set by environment to bond0
use3a-ss-b200-gpu-150:98208:98208 [4] NCCL INFO NCCL_IB_HCA set to =mlx5_0:1,mlx5_1:1,mlx5_4:1,mlx5_5:1,mlx5_6:1,mlx5_11:1,mlx5_14:1,mlx5_15:1
use3a-ss-b200-gpu-150:98210:98210 [6] NCCL INFO GIN/Plugin: Could not find: libnccl-gin.so
use3a-ss-b200-gpu-150:98210:98210 [6] NCCL INFO Successfully loaded external gin plugin /opt/hpcx/nccl_rdma_sharp_plugin/lib/libnccl-net.so
use3a-ss-b200-gpu-149:98984:98984 [2] NCCL INFO NET/Plugin: Loaded net plugin NCCL RDMA Plugin v8 (v8)
use3a-ss-b200-gpu-149:98984:98984 [2] NCCL INFO NET/Plugin: Loaded collnet plugin SHARP (v8)
use3a-ss-b200-gpu-149:98984:98984 [2] NCCL INFO Successfully loaded external network plugin /opt/hpcx/nccl_rdma_sharp_plugin/lib/libnccl-net.so
use3a-ss-b200-gpu-149:98984:98984 [2] NCCL INFO Plugin Path : /opt/hpcx/nccl_rdma_sharp_plugin/lib/libnccl-net.so
use3a-ss-b200-gpu-149:98984:98984 [2] NCCL INFO P2P plugin IBext_v8
use3a-ss-b200-gpu-149:98984:98984 [2] NCCL INFO NCCL_SOCKET_IFNAME set by environment to bond0
use3a-ss-b200-gpu-150:98210:98210 [6] NCCL INFO NCCL_SOCKET_IFNAME set by environment to bond0
use3a-ss-b200-gpu-150:98210:98210 [6] NCCL INFO NCCL_IB_HCA set to =mlx5_0:1,mlx5_1:1,mlx5_4:1,mlx5_5:1,mlx5_6:1,mlx5_11:1,mlx5_14:1,mlx5_15:1
use3a-ss-b200-gpu-149:98985:98985 [3] NCCL INFO NET/Plugin: Loaded net plugin NCCL RDMA Plugin v8 (v8)
use3a-ss-b200-gpu-149:98985:98985 [3] NCCL INFO NET/Plugin: Loaded collnet plugin SHARP (v8)
use3a-ss-b200-gpu-149:98985:98985 [3] NCCL INFO Successfully loaded external network plugin /opt/hpcx/nccl_rdma_sharp_plugin/lib/libnccl-net.so
use3a-ss-b200-gpu-149:98985:98985 [3] NCCL INFO Plugin Path : /opt/hpcx/nccl_rdma_sharp_plugin/lib/libnccl-net.so
use3a-ss-b200-gpu-149:98985:98985 [3] NCCL INFO P2P plugin IBext_v8
use3a-ss-b200-gpu-149:98985:98985 [3] NCCL INFO NCCL_SOCKET_IFNAME set by environment to bond0
use3a-ss-b200-gpu-149:98982:98982 [0] NCCL INFO NET/IB : Using [0]mlx5_0:1/IB [1]mlx5_1:1/IB [2]mlx5_4:1/IB [3]mlx5_5:1/IB [4]mlx5_6:1/IB [5]mlx5_11:1/IB [6]mlx5_14:1/IB [7]mlx5_15:1/IB [RO]; OOB bond0:7.247.232.121<0>
use3a-ss-b200-gpu-149:98982:98982 [0] NCCL INFO Assigned GIN plugin GIN_IB_GDAKI to comm
use3a-ss-b200-gpu-149:98982:98982 [0] NCCL INFO Assigned RMA plugin GIN_IB_PROXY to comm
use3a-ss-b200-gpu-149:98982:98982 [0] NCCL INFO Using network NCCL RDMA Plugin v8
use3a-ss-b200-gpu-150:98204:98204 [0] NCCL INFO NET/IB : Using [0]mlx5_0:1/IB/SHARP [1]mlx5_1:1/IB/SHARP [2]mlx5_4:1/IB/SHARP [3]mlx5_5:1/IB/SHARP [4]mlx5_6:1/IB/SHARP [5]mlx5_11:1/IB/SHARP [6]mlx5_14:1/IB/SHARP [7]mlx5_15:1/IB/SHARP [RO]; OOB bond0:7.247.232.122<0>
use3a-ss-b200-gpu-150:98204:98204 [0] NCCL INFO Initialized NET plugin NCCL RDMA Plugin v8
use3a-ss-b200-gpu-150:98204:98204 [0] NCCL INFO Assigned NET plugin NCCL RDMA Plugin v8 to comm
use3a-ss-b200-gpu-150:98204:98204 [0] NCCL INFO GIN/Plugin: Could not find: libnccl-gin.so
use3a-ss-b200-gpu-150:98204:98204 [0] NCCL INFO Successfully loaded external gin plugin /opt/hpcx/nccl_rdma_sharp_plugin/lib/libnccl-net.so
use3a-ss-b200-gpu-150:98204:98204 [0] NCCL INFO NCCL_SOCKET_IFNAME set by environment to bond0
use3a-ss-b200-gpu-150:98204:98204 [0] NCCL INFO NCCL_IB_HCA set to =mlx5_0:1,mlx5_1:1,mlx5_4:1,mlx5_5:1,mlx5_6:1,mlx5_11:1,mlx5_14:1,mlx5_15:1
use3a-ss-b200-gpu-149:98989:98989 [7] NCCL INFO NET/IB : Using [0]mlx5_0:1/IB/SHARP [1]mlx5_1:1/IB/SHARP [2]mlx5_4:1/IB/SHARP [3]mlx5_5:1/IB/SHARP [4]mlx5_6:1/IB/SHARP [5]mlx5_11:1/IB/SHARP [6]mlx5_14:1/IB/SHARP [7]mlx5_15:1/IB/SHARP [RO]; OOB bond0:7.247.232.121<0>
use3a-ss-b200-gpu-149:98989:98989 [7] NCCL INFO Initialized NET plugin NCCL RDMA Plugin v8
use3a-ss-b200-gpu-149:98989:98989 [7] NCCL INFO Assigned NET plugin NCCL RDMA Plugin v8 to comm
use3a-ss-b200-gpu-149:98989:98989 [7] NCCL INFO GIN/Plugin: Could not find: libnccl-gin.so
use3a-ss-b200-gpu-149:98989:98989 [7] NCCL INFO Successfully loaded external gin plugin /opt/hpcx/nccl_rdma_sharp_plugin/lib/libnccl-net.so
use3a-ss-b200-gpu-149:98989:98989 [7] NCCL INFO NCCL_SOCKET_IFNAME set by environment to bond0
use3a-ss-b200-gpu-149:98987:98987 [5] NCCL INFO NET/Plugin: Loaded net plugin NCCL RDMA Plugin v8 (v8)
use3a-ss-b200-gpu-149:98987:98987 [5] NCCL INFO NET/Plugin: Loaded collnet plugin SHARP (v8)
use3a-ss-b200-gpu-149:98987:98987 [5] NCCL INFO Successfully loaded external network plugin /opt/hpcx/nccl_rdma_sharp_plugin/lib/libnccl-net.so
use3a-ss-b200-gpu-149:98987:98987 [5] NCCL INFO Plugin Path : /opt/hpcx/nccl_rdma_sharp_plugin/lib/libnccl-net.so
use3a-ss-b200-gpu-149:98987:98987 [5] NCCL INFO P2P plugin IBext_v8
use3a-ss-b200-gpu-149:98987:98987 [5] NCCL INFO NCCL_SOCKET_IFNAME set by environment to bond0
use3a-ss-b200-gpu-149:98989:98989 [7] NCCL INFO NCCL_IB_HCA set to =mlx5_0:1,mlx5_1:1,mlx5_4:1,mlx5_5:1,mlx5_6:1,mlx5_11:1,mlx5_14:1,mlx5_15:1
use3a-ss-b200-gpu-149:98988:98988 [6] NCCL INFO NET/Plugin: Loaded net plugin NCCL RDMA Plugin v8 (v8)
use3a-ss-b200-gpu-149:98988:98988 [6] NCCL INFO NET/Plugin: Loaded collnet plugin SHARP (v8)
use3a-ss-b200-gpu-149:98988:98988 [6] NCCL INFO Successfully loaded external network plugin /opt/hpcx/nccl_rdma_sharp_plugin/lib/libnccl-net.so
use3a-ss-b200-gpu-149:98988:98988 [6] NCCL INFO Plugin Path : /opt/hpcx/nccl_rdma_sharp_plugin/lib/libnccl-net.so
use3a-ss-b200-gpu-149:98988:98988 [6] NCCL INFO P2P plugin IBext_v8
use3a-ss-b200-gpu-149:98988:98988 [6] NCCL INFO NCCL_SOCKET_IFNAME set by environment to bond0
use3a-ss-b200-gpu-149:98986:98986 [4] NCCL INFO NET/IB : Using [0]mlx5_0:1/IB [1]mlx5_1:1/IB [2]mlx5_4:1/IB [3]mlx5_5:1/IB [4]mlx5_6:1/IB [5]mlx5_11:1/IB [6]mlx5_14:1/IB [7]mlx5_15:1/IB [RO]; OOB bond0:7.247.232.121<0>
use3a-ss-b200-gpu-149:98986:98986 [4] NCCL INFO Assigned GIN plugin GIN_IB_GDAKI to comm
use3a-ss-b200-gpu-149:98986:98986 [4] NCCL INFO Assigned RMA plugin GIN_IB_PROXY to comm
use3a-ss-b200-gpu-149:98986:98986 [4] NCCL INFO Using network NCCL RDMA Plugin v8
use3a-ss-b200-gpu-150:98209:98209 [5] NCCL INFO NET/IB : Using [0]mlx5_0:1/IB [1]mlx5_1:1/IB [2]mlx5_4:1/IB [3]mlx5_5:1/IB [4]mlx5_6:1/IB [5]mlx5_11:1/IB [6]mlx5_14:1/IB [7]mlx5_15:1/IB [RO]; OOB bond0:7.247.232.122<0>
use3a-ss-b200-gpu-150:98209:98209 [5] NCCL INFO Assigned GIN plugin GIN_IB_GDAKI to comm
use3a-ss-b200-gpu-150:98209:98209 [5] NCCL INFO Assigned RMA plugin GIN_IB_PROXY to comm
use3a-ss-b200-gpu-150:98209:98209 [5] NCCL INFO Using network NCCL RDMA Plugin v8
use3a-ss-b200-gpu-149:98983:98983 [1] NCCL INFO NET/IB : Using [0]mlx5_0:1/IB/SHARP [1]mlx5_1:1/IB/SHARP [2]mlx5_4:1/IB/SHARP [3]mlx5_5:1/IB/SHARP [4]mlx5_6:1/IB/SHARP [5]mlx5_11:1/IB/SHARP [6]mlx5_14:1/IB/SHARP [7]mlx5_15:1/IB/SHARP [RO]; OOB bond0:7.247.232.121<0>
use3a-ss-b200-gpu-149:98983:98983 [1] NCCL INFO Initialized NET plugin NCCL RDMA Plugin v8
use3a-ss-b200-gpu-149:98983:98983 [1] NCCL INFO Assigned NET plugin NCCL RDMA Plugin v8 to comm
use3a-ss-b200-gpu-149:98983:98983 [1] NCCL INFO GIN/Plugin: Could not find: libnccl-gin.so
use3a-ss-b200-gpu-149:98983:98983 [1] NCCL INFO Successfully loaded external gin plugin /opt/hpcx/nccl_rdma_sharp_plugin/lib/libnccl-net.so
use3a-ss-b200-gpu-150:98206:98206 [2] NCCL INFO NET/IB : Using [0]mlx5_0:1/IB [1]mlx5_1:1/IB [2]mlx5_4:1/IB [3]mlx5_5:1/IB [4]mlx5_6:1/IB [5]mlx5_11:1/IB [6]mlx5_14:1/IB [7]mlx5_15:1/IB [RO]; OOB bond0:7.247.232.122<0>
use3a-ss-b200-gpu-150:98206:98206 [2] NCCL INFO Assigned GIN plugin GIN_IB_GDAKI to comm
use3a-ss-b200-gpu-150:98206:98206 [2] NCCL INFO Assigned RMA plugin GIN_IB_PROXY to comm
use3a-ss-b200-gpu-150:98206:98206 [2] NCCL INFO Using network NCCL RDMA Plugin v8
use3a-ss-b200-gpu-149:98983:98983 [1] NCCL INFO NCCL_SOCKET_IFNAME set by environment to bond0
use3a-ss-b200-gpu-149:98984:98984 [2] NCCL INFO NET/IB : Using [0]mlx5_0:1/IB/SHARP [1]mlx5_1:1/IB/SHARP [2]mlx5_4:1/IB/SHARP [3]mlx5_5:1/IB/SHARP [4]mlx5_6:1/IB/SHARP [5]mlx5_11:1/IB/SHARP [6]mlx5_14:1/IB/SHARP [7]mlx5_15:1/IB/SHARP [RO]; OOB bond0:7.247.232.121<0>
use3a-ss-b200-gpu-149:98984:98984 [2] NCCL INFO Initialized NET plugin NCCL RDMA Plugin v8
use3a-ss-b200-gpu-149:98983:98983 [1] NCCL INFO NCCL_IB_HCA set to =mlx5_0:1,mlx5_1:1,mlx5_4:1,mlx5_5:1,mlx5_6:1,mlx5_11:1,mlx5_14:1,mlx5_15:1
use3a-ss-b200-gpu-149:98984:98984 [2] NCCL INFO Assigned NET plugin NCCL RDMA Plugin v8 to comm
use3a-ss-b200-gpu-149:98984:98984 [2] NCCL INFO GIN/Plugin: Could not find: libnccl-gin.so
use3a-ss-b200-gpu-149:98984:98984 [2] NCCL INFO Successfully loaded external gin plugin /opt/hpcx/nccl_rdma_sharp_plugin/lib/libnccl-net.so
use3a-ss-b200-gpu-149:98984:98984 [2] NCCL INFO NCCL_SOCKET_IFNAME set by environment to bond0
use3a-ss-b200-gpu-149:98984:98984 [2] NCCL INFO NCCL_IB_HCA set to =mlx5_0:1,mlx5_1:1,mlx5_4:1,mlx5_5:1,mlx5_6:1,mlx5_11:1,mlx5_14:1,mlx5_15:1
use3a-ss-b200-gpu-149:98985:98985 [3] NCCL INFO NET/IB : Using [0]mlx5_0:1/IB/SHARP [1]mlx5_1:1/IB/SHARP [2]mlx5_4:1/IB/SHARP [3]mlx5_5:1/IB/SHARP [4]mlx5_6:1/IB/SHARP [5]mlx5_11:1/IB/SHARP [6]mlx5_14:1/IB/SHARP [7]mlx5_15:1/IB/SHARP [RO]; OOB bond0:7.247.232.121<0>
use3a-ss-b200-gpu-149:98985:98985 [3] NCCL INFO Initialized NET plugin NCCL RDMA Plugin v8
use3a-ss-b200-gpu-149:98985:98985 [3] NCCL INFO Assigned NET plugin NCCL RDMA Plugin v8 to comm
use3a-ss-b200-gpu-150:98208:98208 [4] NCCL INFO NET/IB : Using [0]mlx5_0:1/IB [1]mlx5_1:1/IB [2]mlx5_4:1/IB [3]mlx5_5:1/IB [4]mlx5_6:1/IB [5]mlx5_11:1/IB [6]mlx5_14:1/IB [7]mlx5_15:1/IB [RO]; OOB bond0:7.247.232.122<0>
use3a-ss-b200-gpu-150:98210:98210 [6] NCCL INFO NET/IB : Using [0]mlx5_0:1/IB [1]mlx5_1:1/IB [2]mlx5_4:1/IB [3]mlx5_5:1/IB [4]mlx5_6:1/IB [5]mlx5_11:1/IB [6]mlx5_14:1/IB [7]mlx5_15:1/IB [RO]; OOB bond0:7.247.232.122<0>
use3a-ss-b200-gpu-150:98208:98208 [4] NCCL INFO Assigned GIN plugin GIN_IB_GDAKI to comm
use3a-ss-b200-gpu-150:98208:98208 [4] NCCL INFO Assigned RMA plugin GIN_IB_PROXY to comm
use3a-ss-b200-gpu-150:98208:98208 [4] NCCL INFO Using network NCCL RDMA Plugin v8
use3a-ss-b200-gpu-150:98210:98210 [6] NCCL INFO Assigned GIN plugin GIN_IB_GDAKI to comm
use3a-ss-b200-gpu-150:98210:98210 [6] NCCL INFO Assigned RMA plugin GIN_IB_PROXY to comm
use3a-ss-b200-gpu-150:98210:98210 [6] NCCL INFO Using network NCCL RDMA Plugin v8
use3a-ss-b200-gpu-149:98985:98985 [3] NCCL INFO GIN/Plugin: Could not find: libnccl-gin.so
use3a-ss-b200-gpu-149:98985:98985 [3] NCCL INFO Successfully loaded external gin plugin /opt/hpcx/nccl_rdma_sharp_plugin/lib/libnccl-net.so
use3a-ss-b200-gpu-149:98985:98985 [3] NCCL INFO NCCL_SOCKET_IFNAME set by environment to bond0
use3a-ss-b200-gpu-149:98985:98985 [3] NCCL INFO NCCL_IB_HCA set to =mlx5_0:1,mlx5_1:1,mlx5_4:1,mlx5_5:1,mlx5_6:1,mlx5_11:1,mlx5_14:1,mlx5_15:1
use3a-ss-b200-gpu-150:98204:98204 [0] NCCL INFO NET/IB : Using [0]mlx5_0:1/IB [1]mlx5_1:1/IB [2]mlx5_4:1/IB [3]mlx5_5:1/IB [4]mlx5_6:1/IB [5]mlx5_11:1/IB [6]mlx5_14:1/IB [7]mlx5_15:1/IB [RO]; OOB bond0:7.247.232.122<0>
use3a-ss-b200-gpu-150:98204:98204 [0] NCCL INFO Assigned GIN plugin GIN_IB_GDAKI to comm
use3a-ss-b200-gpu-150:98204:98204 [0] NCCL INFO Assigned RMA plugin GIN_IB_PROXY to comm
use3a-ss-b200-gpu-150:98204:98204 [0] NCCL INFO Using network NCCL RDMA Plugin v8
use3a-ss-b200-gpu-149:98987:98987 [5] NCCL INFO NET/IB : Using [0]mlx5_0:1/IB/SHARP [1]mlx5_1:1/IB/SHARP [2]mlx5_4:1/IB/SHARP [3]mlx5_5:1/IB/SHARP [4]mlx5_6:1/IB/SHARP [5]mlx5_11:1/IB/SHARP [6]mlx5_14:1/IB/SHARP [7]mlx5_15:1/IB/SHARP [RO]; OOB bond0:7.247.232.121<0>
use3a-ss-b200-gpu-149:98987:98987 [5] NCCL INFO Initialized NET plugin NCCL RDMA Plugin v8
use3a-ss-b200-gpu-149:98987:98987 [5] NCCL INFO Assigned NET plugin NCCL RDMA Plugin v8 to comm
use3a-ss-b200-gpu-149:98987:98987 [5] NCCL INFO GIN/Plugin: Could not find: libnccl-gin.so
use3a-ss-b200-gpu-149:98987:98987 [5] NCCL INFO Successfully loaded external gin plugin /opt/hpcx/nccl_rdma_sharp_plugin/lib/libnccl-net.so
use3a-ss-b200-gpu-149:98989:98989 [7] NCCL INFO NET/IB : Using [0]mlx5_0:1/IB [1]mlx5_1:1/IB [2]mlx5_4:1/IB [3]mlx5_5:1/IB [4]mlx5_6:1/IB [5]mlx5_11:1/IB [6]mlx5_14:1/IB [7]mlx5_15:1/IB [RO]; OOB bond0:7.247.232.121<0>
use3a-ss-b200-gpu-149:98989:98989 [7] NCCL INFO Assigned GIN plugin GIN_IB_GDAKI to comm
use3a-ss-b200-gpu-149:98989:98989 [7] NCCL INFO Assigned RMA plugin GIN_IB_PROXY to comm
use3a-ss-b200-gpu-149:98989:98989 [7] NCCL INFO Using network NCCL RDMA Plugin v8
use3a-ss-b200-gpu-149:98987:98987 [5] NCCL INFO NCCL_SOCKET_IFNAME set by environment to bond0
use3a-ss-b200-gpu-149:98987:98987 [5] NCCL INFO NCCL_IB_HCA set to =mlx5_0:1,mlx5_1:1,mlx5_4:1,mlx5_5:1,mlx5_6:1,mlx5_11:1,mlx5_14:1,mlx5_15:1
use3a-ss-b200-gpu-149:98988:98988 [6] NCCL INFO NET/IB : Using [0]mlx5_0:1/IB/SHARP [1]mlx5_1:1/IB/SHARP [2]mlx5_4:1/IB/SHARP [3]mlx5_5:1/IB/SHARP [4]mlx5_6:1/IB/SHARP [5]mlx5_11:1/IB/SHARP [6]mlx5_14:1/IB/SHARP [7]mlx5_15:1/IB/SHARP [RO]; OOB bond0:7.247.232.121<0>
use3a-ss-b200-gpu-149:98988:98988 [6] NCCL INFO Initialized NET plugin NCCL RDMA Plugin v8
use3a-ss-b200-gpu-149:98988:98988 [6] NCCL INFO Assigned NET plugin NCCL RDMA Plugin v8 to comm
use3a-ss-b200-gpu-149:98988:98988 [6] NCCL INFO GIN/Plugin: Could not find: libnccl-gin.so
use3a-ss-b200-gpu-149:98988:98988 [6] NCCL INFO Successfully loaded external gin plugin /opt/hpcx/nccl_rdma_sharp_plugin/lib/libnccl-net.so
use3a-ss-b200-gpu-149:98988:98988 [6] NCCL INFO NCCL_SOCKET_IFNAME set by environment to bond0
use3a-ss-b200-gpu-149:98988:98988 [6] NCCL INFO NCCL_IB_HCA set to =mlx5_0:1,mlx5_1:1,mlx5_4:1,mlx5_5:1,mlx5_6:1,mlx5_11:1,mlx5_14:1,mlx5_15:1
use3a-ss-b200-gpu-149:98983:98983 [1] NCCL INFO NET/IB : Using [0]mlx5_0:1/IB [1]mlx5_1:1/IB [2]mlx5_4:1/IB [3]mlx5_5:1/IB [4]mlx5_6:1/IB [5]mlx5_11:1/IB [6]mlx5_14:1/IB [7]mlx5_15:1/IB [RO]; OOB bond0:7.247.232.121<0>
use3a-ss-b200-gpu-149:98983:98983 [1] NCCL INFO Assigned GIN plugin GIN_IB_GDAKI to comm
use3a-ss-b200-gpu-149:98983:98983 [1] NCCL INFO Assigned RMA plugin GIN_IB_PROXY to comm
use3a-ss-b200-gpu-149:98983:98983 [1] NCCL INFO Using network NCCL RDMA Plugin v8
use3a-ss-b200-gpu-149:98984:98984 [2] NCCL INFO NET/IB : Using [0]mlx5_0:1/IB [1]mlx5_1:1/IB [2]mlx5_4:1/IB [3]mlx5_5:1/IB [4]mlx5_6:1/IB [5]mlx5_11:1/IB [6]mlx5_14:1/IB [7]mlx5_15:1/IB [RO]; OOB bond0:7.247.232.121<0>
use3a-ss-b200-gpu-149:98984:98984 [2] NCCL INFO Assigned GIN plugin GIN_IB_GDAKI to comm
use3a-ss-b200-gpu-149:98984:98984 [2] NCCL INFO Assigned RMA plugin GIN_IB_PROXY to comm
use3a-ss-b200-gpu-149:98984:98984 [2] NCCL INFO Using network NCCL RDMA Plugin v8
use3a-ss-b200-gpu-149:98985:98985 [3] NCCL INFO NET/IB : Using [0]mlx5_0:1/IB [1]mlx5_1:1/IB [2]mlx5_4:1/IB [3]mlx5_5:1/IB [4]mlx5_6:1/IB [5]mlx5_11:1/IB [6]mlx5_14:1/IB [7]mlx5_15:1/IB [RO]; OOB bond0:7.247.232.121<0>
use3a-ss-b200-gpu-149:98985:98985 [3] NCCL INFO Assigned GIN plugin GIN_IB_GDAKI to comm
use3a-ss-b200-gpu-149:98985:98985 [3] NCCL INFO Assigned RMA plugin GIN_IB_PROXY to comm
use3a-ss-b200-gpu-149:98985:98985 [3] NCCL INFO Using network NCCL RDMA Plugin v8
use3a-ss-b200-gpu-149:98987:98987 [5] NCCL INFO NET/IB : Using [0]mlx5_0:1/IB [1]mlx5_1:1/IB [2]mlx5_4:1/IB [3]mlx5_5:1/IB [4]mlx5_6:1/IB [5]mlx5_11:1/IB [6]mlx5_14:1/IB [7]mlx5_15:1/IB [RO]; OOB bond0:7.247.232.121<0>
use3a-ss-b200-gpu-149:98987:98987 [5] NCCL INFO Assigned GIN plugin GIN_IB_GDAKI to comm
use3a-ss-b200-gpu-149:98987:98987 [5] NCCL INFO Assigned RMA plugin GIN_IB_PROXY to comm
use3a-ss-b200-gpu-149:98987:98987 [5] NCCL INFO Using network NCCL RDMA Plugin v8
use3a-ss-b200-gpu-149:98988:98988 [6] NCCL INFO NET/IB : Using [0]mlx5_0:1/IB [1]mlx5_1:1/IB [2]mlx5_4:1/IB [3]mlx5_5:1/IB [4]mlx5_6:1/IB [5]mlx5_11:1/IB [6]mlx5_14:1/IB [7]mlx5_15:1/IB [RO]; OOB bond0:7.247.232.121<0>
use3a-ss-b200-gpu-149:98988:98988 [6] NCCL INFO Assigned GIN plugin GIN_IB_GDAKI to comm
use3a-ss-b200-gpu-149:98988:98988 [6] NCCL INFO Assigned RMA plugin GIN_IB_PROXY to comm
use3a-ss-b200-gpu-149:98988:98988 [6] NCCL INFO Using network NCCL RDMA Plugin v8
use3a-ss-b200-gpu-149:98982:98982 [0] NCCL INFO DMA-BUF is available on GPU device 0
use3a-ss-b200-gpu-149:98982:98982 [0] NCCL INFO [Rank 0] ncclCommInitRank comm 0x63519a90af80 rank 0 nranks 16 cudaDev 0 nvmlDev 0 busId 17000 commId 0xc6ce07d9ddce9cbb - Init START
use3a-ss-b200-gpu-150:98205:98205 [1] NCCL INFO DMA-BUF is available on GPU device 1
use3a-ss-b200-gpu-150:98205:98205 [1] NCCL INFO [Rank 9] ncclCommInitRank comm 0x585be4f363e0 rank 9 nranks 16 cudaDev 1 nvmlDev 1 busId 3d000 commId 0xc6ce07d9ddce9cbb - Init START
use3a-ss-b200-gpu-149:98986:98986 [4] NCCL INFO DMA-BUF is available on GPU device 4
use3a-ss-b200-gpu-149:98986:98986 [4] NCCL INFO [Rank 4] ncclCommInitRank comm 0x5fa8ed108800 rank 4 nranks 16 cudaDev 4 nvmlDev 4 busId 97000 commId 0xc6ce07d9ddce9cbb - Init START
use3a-ss-b200-gpu-150:98207:98207 [3] NCCL INFO DMA-BUF is available on GPU device 3
use3a-ss-b200-gpu-150:98207:98207 [3] NCCL INFO [Rank 11] ncclCommInitRank comm 0x5cf11274cc80 rank 11 nranks 16 cudaDev 3 nvmlDev 3 busId 70000 commId 0xc6ce07d9ddce9cbb - Init START
use3a-ss-b200-gpu-149:98989:98989 [7] NCCL INFO DMA-BUF is available on GPU device 7
use3a-ss-b200-gpu-149:98989:98989 [7] NCCL INFO [Rank 7] ncclCommInitRank comm 0x5d4189546750 rank 7 nranks 16 cudaDev 7 nvmlDev 7 busId ed000 commId 0xc6ce07d9ddce9cbb - Init START
use3a-ss-b200-gpu-150:98211:98211 [7] NCCL INFO DMA-BUF is available on GPU device 7
use3a-ss-b200-gpu-150:98211:98211 [7] NCCL INFO [Rank 15] ncclCommInitRank comm 0x651fb771a130 rank 15 nranks 16 cudaDev 7 nvmlDev 7 busId ed000 commId 0xc6ce07d9ddce9cbb - Init START
use3a-ss-b200-gpu-150:98206:98206 [2] NCCL INFO DMA-BUF is available on GPU device 2
use3a-ss-b200-gpu-150:98206:98206 [2] NCCL INFO [Rank 10] ncclCommInitRank comm 0x581751e0d2b0 rank 10 nranks 16 cudaDev 2 nvmlDev 2 busId 5f000 commId 0xc6ce07d9ddce9cbb - Init START
use3a-ss-b200-gpu-150:98206:98206 [2] NCCL INFO RAS client listening socket at ::1<28028>
use3a-ss-b200-gpu-150:98209:98209 [5] NCCL INFO DMA-BUF is available on GPU device 5
use3a-ss-b200-gpu-150:98209:98209 [5] NCCL INFO [Rank 13] ncclCommInitRank comm 0x5b0953d46c70 rank 13 nranks 16 cudaDev 5 nvmlDev 5 busId ba000 commId 0xc6ce07d9ddce9cbb - Init START
use3a-ss-b200-gpu-150:98210:98210 [6] NCCL INFO DMA-BUF is available on GPU device 6
use3a-ss-b200-gpu-150:98210:98210 [6] NCCL INFO [Rank 14] ncclCommInitRank comm 0x5f6462c0f230 rank 14 nranks 16 cudaDev 6 nvmlDev 6 busId dc000 commId 0xc6ce07d9ddce9cbb - Init START
use3a-ss-b200-gpu-150:98210:98210 [6] NCCL INFO RAS client listening socket at ::1<28028>
use3a-ss-b200-gpu-150:98211:98211 [7] NCCL INFO RAS client listening socket at ::1<28028>
use3a-ss-b200-gpu-150:98204:98204 [0] NCCL INFO DMA-BUF is available on GPU device 0
use3a-ss-b200-gpu-150:98204:98204 [0] NCCL INFO [Rank 8] ncclCommInitRank comm 0x59c511cd2a20 rank 8 nranks 16 cudaDev 0 nvmlDev 0 busId 17000 commId 0xc6ce07d9ddce9cbb - Init START
use3a-ss-b200-gpu-150:98204:98204 [0] NCCL INFO RAS client listening socket at ::1<28028>
use3a-ss-b200-gpu-150:98205:98205 [1] NCCL INFO RAS client listening socket at ::1<28028>
use3a-ss-b200-gpu-150:98208:98208 [4] NCCL INFO DMA-BUF is available on GPU device 4
use3a-ss-b200-gpu-150:98208:98208 [4] NCCL INFO [Rank 12] ncclCommInitRank comm 0x5ad9749fdfb0 rank 12 nranks 16 cudaDev 4 nvmlDev 4 busId 97000 commId 0xc6ce07d9ddce9cbb - Init START
use3a-ss-b200-gpu-150:98207:98207 [3] NCCL INFO RAS client listening socket at ::1<28028>
use3a-ss-b200-gpu-150:98208:98208 [4] NCCL INFO RAS client listening socket at ::1<28028>
use3a-ss-b200-gpu-150:98209:98209 [5] NCCL INFO RAS client listening socket at ::1<28028>
use3a-ss-b200-gpu-149:98984:98984 [2] NCCL INFO DMA-BUF is available on GPU device 2
use3a-ss-b200-gpu-149:98984:98984 [2] NCCL INFO [Rank 2] ncclCommInitRank comm 0x5e5c3571bc70 rank 2 nranks 16 cudaDev 2 nvmlDev 2 busId 5f000 commId 0xc6ce07d9ddce9cbb - Init START
use3a-ss-b200-gpu-149:98988:98988 [6] NCCL INFO DMA-BUF is available on GPU device 6
use3a-ss-b200-gpu-149:98988:98988 [6] NCCL INFO [Rank 6] ncclCommInitRank comm 0x62e5b396ca90 rank 6 nranks 16 cudaDev 6 nvmlDev 6 busId dc000 commId 0xc6ce07d9ddce9cbb - Init START
use3a-ss-b200-gpu-149:98989:98989 [7] NCCL INFO RAS client listening socket at ::1<28028>
use3a-ss-b200-gpu-149:98983:98983 [1] NCCL INFO DMA-BUF is available on GPU device 1
use3a-ss-b200-gpu-149:98983:98983 [1] NCCL INFO [Rank 1] ncclCommInitRank comm 0x5d63a7a8fad0 rank 1 nranks 16 cudaDev 1 nvmlDev 1 busId 3d000 commId 0xc6ce07d9ddce9cbb - Init START
use3a-ss-b200-gpu-149:98983:98983 [1] NCCL INFO RAS client listening socket at ::1<28028>
use3a-ss-b200-gpu-149:98982:98982 [0] NCCL INFO RAS client listening socket at ::1<28028>
use3a-ss-b200-gpu-149:98985:98985 [3] NCCL INFO DMA-BUF is available on GPU device 3
use3a-ss-b200-gpu-149:98985:98985 [3] NCCL INFO [Rank 3] ncclCommInitRank comm 0x5cadd1c4ff20 rank 3 nranks 16 cudaDev 3 nvmlDev 3 busId 70000 commId 0xc6ce07d9ddce9cbb - Init START
use3a-ss-b200-gpu-149:98984:98984 [2] NCCL INFO RAS client listening socket at ::1<28028>
use3a-ss-b200-gpu-149:98985:98985 [3] NCCL INFO RAS client listening socket at ::1<28028>
use3a-ss-b200-gpu-149:98987:98987 [5] NCCL INFO DMA-BUF is available on GPU device 5
use3a-ss-b200-gpu-149:98987:98987 [5] NCCL INFO [Rank 5] ncclCommInitRank comm 0x577ffb593050 rank 5 nranks 16 cudaDev 5 nvmlDev 5 busId ba000 commId 0xc6ce07d9ddce9cbb - Init START
use3a-ss-b200-gpu-149:98986:98986 [4] NCCL INFO RAS client listening socket at ::1<28028>
use3a-ss-b200-gpu-149:98987:98987 [5] NCCL INFO RAS client listening socket at ::1<28028>
use3a-ss-b200-gpu-149:98988:98988 [6] NCCL INFO RAS client listening socket at ::1<28028>
use3a-ss-b200-gpu-149:98986:98986 [4] NCCL INFO Bootstrap timings total 0.859923 (create 0.000046, send 0.000112, recv 0.856056, ring 0.003162, delay 0.000000)
use3a-ss-b200-gpu-150:98207:98207 [3] NCCL INFO Bootstrap timings total 0.720586 (create 0.000058, send 0.000442, recv 0.623764, ring 0.095766, delay 0.000001)
use3a-ss-b200-gpu-149:98987:98987 [5] NCCL INFO Bootstrap timings total 0.004234 (create 0.000053, send 0.000113, recv 0.000451, ring 0.003157, delay 0.000000)
use3a-ss-b200-gpu-150:98208:98208 [4] NCCL INFO Bootstrap timings total 0.097976 (create 0.000049, send 0.000522, recv 0.001499, ring 0.095391, delay 0.000000)
use3a-ss-b200-gpu-149:98985:98985 [3] NCCL INFO Bootstrap timings total 0.016427 (create 0.000063, send 0.000128, recv 0.000441, ring 0.015303, delay 0.000001)
use3a-ss-b200-gpu-150:98209:98209 [5] NCCL INFO Bootstrap timings total 0.181816 (create 0.000049, send 0.000551, recv 0.021383, ring 0.095110, delay 0.000000)
use3a-ss-b200-gpu-149:98988:98988 [6] NCCL INFO Bootstrap timings total 0.055160 (create 0.000053, send 0.000178, recv 0.000097, ring 0.003324, delay 0.000001)
use3a-ss-b200-gpu-149:98989:98989 [7] NCCL INFO Bootstrap timings total 0.678071 (create 0.000062, send 0.000145, recv 0.564613, ring 0.053812, delay 0.000001)
use3a-ss-b200-gpu-149:98982:98982 [0] NCCL INFO Bootstrap timings total 0.963661 (create 0.000052, send 0.000139, recv 0.935172, ring 0.026770, delay 0.000001)
use3a-ss-b200-gpu-150:98204:98204 [0] NCCL INFO Bootstrap timings total 0.114407 (create 0.000058, send 0.000408, recv 0.001299, ring 0.112117, delay 0.000001)
use3a-ss-b200-gpu-149:98983:98983 [1] NCCL INFO Bootstrap timings total 0.028878 (create 0.000062, send 0.000128, recv 0.000402, ring 0.027811, delay 0.000001)
use3a-ss-b200-gpu-150:98205:98205 [1] NCCL INFO Bootstrap timings total 0.922716 (create 0.000055, send 0.000508, recv 0.735726, ring 0.112047, delay 0.000002)
use3a-ss-b200-gpu-149:98984:98984 [2] NCCL INFO Bootstrap timings total 0.056159 (create 0.000050, send 0.000118, recv 0.039721, ring 0.015734, delay 0.000000)
use3a-ss-b200-gpu-150:98206:98206 [2] NCCL INFO Bootstrap timings total 0.188515 (create 0.000063, send 0.000402, recv 0.002478, ring 0.185020, delay 0.000001)
use3a-ss-b200-gpu-150:98210:98210 [6] NCCL INFO Bootstrap timings total 0.162081 (create 0.000058, send 0.000668, recv 0.001397, ring 0.159336, delay 0.000001)
use3a-ss-b200-gpu-150:98211:98211 [7] NCCL INFO Bootstrap timings total 0.527053 (create 0.000049, send 0.000528, recv 0.001105, ring 0.159277, delay 0.000000)
use3a-ss-b200-gpu-149:98987:98987 [5] NCCL INFO MNNVL busId 0xba000 fabric UUID 0.0 cliqueId 0x0 state 3 healthMask 0x80
use3a-ss-b200-gpu-150:98209:98209 [5] NCCL INFO MNNVL busId 0xba000 fabric UUID 0.0 cliqueId 0x0 state 3 healthMask 0x80
use3a-ss-b200-gpu-149:98986:98986 [4] NCCL INFO MNNVL busId 0x97000 fabric UUID 0.0 cliqueId 0x0 state 3 healthMask 0x80
use3a-ss-b200-gpu-149:98985:98985 [3] NCCL INFO MNNVL busId 0x70000 fabric UUID 0.0 cliqueId 0x0 state 3 healthMask 0x80
use3a-ss-b200-gpu-149:98988:98988 [6] NCCL INFO MNNVL busId 0xdc000 fabric UUID 0.0 cliqueId 0x0 state 3 healthMask 0x80
use3a-ss-b200-gpu-150:98207:98207 [3] NCCL INFO MNNVL busId 0x70000 fabric UUID 0.0 cliqueId 0x0 state 3 healthMask 0x80
use3a-ss-b200-gpu-149:98989:98989 [7] NCCL INFO MNNVL busId 0xed000 fabric UUID 0.0 cliqueId 0x0 state 3 healthMask 0x80
use3a-ss-b200-gpu-150:98208:98208 [4] NCCL INFO MNNVL busId 0x97000 fabric UUID 0.0 cliqueId 0x0 state 3 healthMask 0x80
use3a-ss-b200-gpu-149:98982:98982 [0] NCCL INFO MNNVL busId 0x17000 fabric UUID 0.0 cliqueId 0x0 state 3 healthMask 0x80
use3a-ss-b200-gpu-150:98204:98204 [0] NCCL INFO MNNVL busId 0x17000 fabric UUID 0.0 cliqueId 0x0 state 3 healthMask 0x80
use3a-ss-b200-gpu-149:98984:98984 [2] NCCL INFO MNNVL busId 0x5f000 fabric UUID 0.0 cliqueId 0x0 state 3 healthMask 0x80
use3a-ss-b200-gpu-150:98205:98205 [1] NCCL INFO MNNVL busId 0x3d000 fabric UUID 0.0 cliqueId 0x0 state 3 healthMask 0x80
use3a-ss-b200-gpu-150:98206:98206 [2] NCCL INFO MNNVL busId 0x5f000 fabric UUID 0.0 cliqueId 0x0 state 3 healthMask 0x80
use3a-ss-b200-gpu-150:98210:98210 [6] NCCL INFO MNNVL busId 0xdc000 fabric UUID 0.0 cliqueId 0x0 state 3 healthMask 0x80
use3a-ss-b200-gpu-150:98211:98211 [7] NCCL INFO MNNVL busId 0xed000 fabric UUID 0.0 cliqueId 0x0 state 3 healthMask 0x80
use3a-ss-b200-gpu-149:98983:98983 [1] NCCL INFO MNNVL busId 0x3d000 fabric UUID 0.0 cliqueId 0x0 state 3 healthMask 0x80
use3a-ss-b200-gpu-150:98209:98209 [5] NCCL INFO ncclTopoGetCpuAffinity: Affinity for GPU 5 is 144-151. (GPU affinity = 128-255 ; CPU affinity = 144-151).
use3a-ss-b200-gpu-150:98209:98209 [5] NCCL INFO NCCL_NVLS_ENABLE set by environment to 0.
use3a-ss-b200-gpu-150:98205:98205 [1] NCCL INFO ncclTopoGetCpuAffinity: Affinity for GPU 1 is empty, ignoring. (GPU affinity = 0-127 ; CPU affinity = 128-135).
use3a-ss-b200-gpu-150:98205:98205 [1] NCCL INFO NCCL_NVLS_ENABLE set by environment to 0.
use3a-ss-b200-gpu-150:98208:98208 [4] NCCL INFO ncclTopoGetCpuAffinity: Affinity for GPU 4 is empty, ignoring. (GPU affinity = 128-255 ; CPU affinity = 16-23).
use3a-ss-b200-gpu-150:98208:98208 [4] NCCL INFO NCCL_NVLS_ENABLE set by environment to 0.
use3a-ss-b200-gpu-150:98210:98210 [6] NCCL INFO ncclTopoGetCpuAffinity: Affinity for GPU 6 is empty, ignoring. (GPU affinity = 128-255 ; CPU affinity = 24-31).
use3a-ss-b200-gpu-150:98210:98210 [6] NCCL INFO NCCL_NVLS_ENABLE set by environment to 0.
use3a-ss-b200-gpu-150:98206:98206 [2] NCCL INFO ncclTopoGetCpuAffinity: Affinity for GPU 2 is 8-15. (GPU affinity = 0-127 ; CPU affinity = 8-15).
use3a-ss-b200-gpu-150:98206:98206 [2] NCCL INFO NCCL_NVLS_ENABLE set by environment to 0.
use3a-ss-b200-gpu-150:98204:98204 [0] NCCL INFO ncclTopoGetCpuAffinity: Affinity for GPU 0 is 0-7. (GPU affinity = 0-127 ; CPU affinity = 0-7).
use3a-ss-b200-gpu-150:98204:98204 [0] NCCL INFO NCCL_NVLS_ENABLE set by environment to 0.
use3a-ss-b200-gpu-150:98207:98207 [3] NCCL INFO ncclTopoGetCpuAffinity: Affinity for GPU 3 is empty, ignoring. (GPU affinity = 0-127 ; CPU affinity = 136-143).
use3a-ss-b200-gpu-150:98207:98207 [3] NCCL INFO NCCL_NVLS_ENABLE set by environment to 0.
use3a-ss-b200-gpu-150:98211:98211 [7] NCCL INFO ncclTopoGetCpuAffinity: Affinity for GPU 7 is 152-159. (GPU affinity = 128-255 ; CPU affinity = 152-159).
use3a-ss-b200-gpu-150:98211:98211 [7] NCCL INFO NCCL_NVLS_ENABLE set by environment to 0.
use3a-ss-b200-gpu-149:98987:98987 [5] NCCL INFO ncclTopoGetCpuAffinity: Affinity for GPU 5 is 144-151. (GPU affinity = 128-255 ; CPU affinity = 144-151).
use3a-ss-b200-gpu-149:98987:98987 [5] NCCL INFO NCCL_NVLS_ENABLE set by environment to 0.
use3a-ss-b200-gpu-149:98985:98985 [3] NCCL INFO ncclTopoGetCpuAffinity: Affinity for GPU 3 is empty, ignoring. (GPU affinity = 0-127 ; CPU affinity = 136-143).
use3a-ss-b200-gpu-149:98985:98985 [3] NCCL INFO NCCL_NVLS_ENABLE set by environment to 0.
use3a-ss-b200-gpu-149:98983:98983 [1] NCCL INFO ncclTopoGetCpuAffinity: Affinity for GPU 1 is empty, ignoring. (GPU affinity = 0-127 ; CPU affinity = 128-135).
use3a-ss-b200-gpu-149:98983:98983 [1] NCCL INFO NCCL_NVLS_ENABLE set by environment to 0.
use3a-ss-b200-gpu-149:98989:98989 [7] NCCL INFO ncclTopoGetCpuAffinity: Affinity for GPU 7 is 152-159. (GPU affinity = 128-255 ; CPU affinity = 152-159).
use3a-ss-b200-gpu-149:98989:98989 [7] NCCL INFO NCCL_NVLS_ENABLE set by environment to 0.
use3a-ss-b200-gpu-149:98988:98988 [6] NCCL INFO ncclTopoGetCpuAffinity: Affinity for GPU 6 is empty, ignoring. (GPU affinity = 128-255 ; CPU affinity = 24-31).
use3a-ss-b200-gpu-149:98988:98988 [6] NCCL INFO NCCL_NVLS_ENABLE set by environment to 0.
use3a-ss-b200-gpu-149:98984:98984 [2] NCCL INFO ncclTopoGetCpuAffinity: Affinity for GPU 2 is 8-15. (GPU affinity = 0-127 ; CPU affinity = 8-15).
use3a-ss-b200-gpu-149:98984:98984 [2] NCCL INFO NCCL_NVLS_ENABLE set by environment to 0.
use3a-ss-b200-gpu-149:98986:98986 [4] NCCL INFO ncclTopoGetCpuAffinity: Affinity for GPU 4 is empty, ignoring. (GPU affinity = 128-255 ; CPU affinity = 16-23).
use3a-ss-b200-gpu-149:98986:98986 [4] NCCL INFO NCCL_NVLS_ENABLE set by environment to 0.
use3a-ss-b200-gpu-149:98982:98982 [0] NCCL INFO ncclTopoGetCpuAffinity: Affinity for GPU 0 is 0-7. (GPU affinity = 0-127 ; CPU affinity = 0-7).
use3a-ss-b200-gpu-149:98982:98982 [0] NCCL INFO NCCL_NVLS_ENABLE set by environment to 0.
use3a-ss-b200-gpu-149:98989:98989 [7] NCCL INFO comm 0x5d4189546750 rank 7 nRanks 16 nNodes 2 localRanks 8 localRank 7 MNNVL 0
use3a-ss-b200-gpu-149:98989:98989 [7] NCCL INFO Trees [0] -1/-1/-1->7->6 [1] 0/-1/-1->7->6 [2] 0/-1/-1->7->6 [3] 0/-1/-1->7->6 [4] 0/-1/-1->7->6 [5] 0/-1/-1->7->6 [6] 0/-1/-1->7->6 [7] 0/15/-1->7->-1 [8] -1/-1/-1->7->6 [9] 0/-1/-1->7->6 [10] 0/-1/-1->7->6 [11] 0/-1/-1->7->6 [12] 0/-1/-1->7->6 [13] 0/-1/-1->7->6 [14] 0/-1/-1->7->6 [15] 0/-1/-1->7->15
use3a-ss-b200-gpu-149:98989:98989 [7] NCCL INFO P2P Chunksize set to 131072
use3a-ss-b200-gpu-150:98204:98204 [0] NCCL INFO comm 0x59c511cd2a20 rank 8 nRanks 16 nNodes 2 localRanks 8 localRank 0 MNNVL 0
use3a-ss-b200-gpu-150:98204:98204 [0] NCCL INFO Trees [0] 9/-1/-1->8->0 [1] -1/-1/-1->8->15 [2] 9/-1/-1->8->15 [3] 9/-1/-1->8->15 [4] 9/-1/-1->8->15 [5] 9/-1/-1->8->15 [6] 9/-1/-1->8->15 [7] 9/-1/-1->8->15 [8] 9/0/-1->8->-1 [9] -1/-1/-1->8->15 [10] 9/-1/-1->8->15 [11] 9/-1/-1->8->15 [12] 9/-1/-1->8->15 [13] 9/-1/-1->8->15 [14] 9/-1/-1->8->15 [15] 9/-1/-1->8->15
use3a-ss-b200-gpu-150:98204:98204 [0] NCCL INFO P2P Chunksize set to 131072
use3a-ss-b200-gpu-150:98205:98205 [1] NCCL INFO comm 0x585be4f363e0 rank 9 nRanks 16 nNodes 2 localRanks 8 localRank 1 MNNVL 0
use3a-ss-b200-gpu-150:98205:98205 [1] NCCL INFO Trees [0] 10/-1/-1->9->8 [1] 10/-1/-1->9->1 [2] -1/-1/-1->9->8 [3] 10/-1/-1->9->8 [4] 10/-1/-1->9->8 [5] 10/-1/-1->9->8 [6] 10/-1/-1->9->8 [7] 10/-1/-1->9->8 [8] 10/-1/-1->9->8 [9] 10/1/-1->9->-1 [10] -1/-1/-1->9->8 [11] 10/-1/-1->9->8 [12] 10/-1/-1->9->8 [13] 10/-1/-1->9->8 [14] 10/-1/-1->9->8 [15] 10/-1/-1->9->8
use3a-ss-b200-gpu-150:98205:98205 [1] NCCL INFO P2P Chunksize set to 131072
use3a-ss-b200-gpu-149:98987:98987 [5] NCCL INFO comm 0x577ffb593050 rank 5 nRanks 16 nNodes 2 localRanks 8 localRank 5 MNNVL 0
use3a-ss-b200-gpu-149:98987:98987 [5] NCCL INFO Trees [0] 6/-1/-1->5->4 [1] 6/-1/-1->5->4 [2] 6/-1/-1->5->4 [3] 6/-1/-1->5->4 [4] 6/-1/-1->5->4 [5] 6/13/-1->5->-1 [6] -1/-1/-1->5->4 [7] 6/-1/-1->5->4 [8] 6/-1/-1->5->4 [9] 6/-1/-1->5->4 [10] 6/-1/-1->5->4 [11] 6/-1/-1->5->4 [12] 6/-1/-1->5->4 [13] 6/-1/-1->5->13 [14] -1/-1/-1->5->4 [15] 6/-1/-1->5->4
use3a-ss-b200-gpu-149:98987:98987 [5] NCCL INFO P2P Chunksize set to 131072
use3a-ss-b200-gpu-150:98206:98206 [2] NCCL INFO comm 0x581751e0d2b0 rank 10 nRanks 16 nNodes 2 localRanks 8 localRank 2 MNNVL 0
use3a-ss-b200-gpu-150:98206:98206 [2] NCCL INFO Trees [0] 11/-1/-1->10->9 [1] 11/-1/-1->10->9 [2] 11/-1/-1->10->2 [3] -1/-1/-1->10->9 [4] 11/-1/-1->10->9 [5] 11/-1/-1->10->9 [6] 11/-1/-1->10->9 [7] 11/-1/-1->10->9 [8] 11/-1/-1->10->9 [9] 11/-1/-1->10->9 [10] 11/2/-1->10->-1 [11] -1/-1/-1->10->9 [12] 11/-1/-1->10->9 [13] 11/-1/-1->10->9 [14] 11/-1/-1->10->9 [15] 11/-1/-1->10->9
use3a-ss-b200-gpu-150:98206:98206 [2] NCCL INFO P2P Chunksize set to 131072
use3a-ss-b200-gpu-149:98988:98988 [6] NCCL INFO comm 0x62e5b396ca90 rank 6 nRanks 16 nNodes 2 localRanks 8 localRank 6 MNNVL 0
use3a-ss-b200-gpu-149:98988:98988 [6] NCCL INFO Trees [0] 7/-1/-1->6->5 [1] 7/-1/-1->6->5 [2] 7/-1/-1->6->5 [3] 7/-1/-1->6->5 [4] 7/-1/-1->6->5 [5] 7/-1/-1->6->5 [6] 7/14/-1->6->-1 [7] -1/-1/-1->6->5 [8] 7/-1/-1->6->5 [9] 7/-1/-1->6->5 [10] 7/-1/-1->6->5 [11] 7/-1/-1->6->5 [12] 7/-1/-1->6->5 [13] 7/-1/-1->6->5 [14] 7/-1/-1->6->14 [15] -1/-1/-1->6->5
use3a-ss-b200-gpu-149:98988:98988 [6] NCCL INFO P2P Chunksize set to 131072
use3a-ss-b200-gpu-150:98207:98207 [3] NCCL INFO comm 0x5cf11274cc80 rank 11 nRanks 16 nNodes 2 localRanks 8 localRank 3 MNNVL 0
use3a-ss-b200-gpu-150:98207:98207 [3] NCCL INFO Trees [0] 12/-1/-1->11->10 [1] 12/-1/-1->11->10 [2] 12/-1/-1->11->10 [3] 12/-1/-1->11->3 [4] -1/-1/-1->11->10 [5] 12/-1/-1->11->10 [6] 12/-1/-1->11->10 [7] 12/-1/-1->11->10 [8] 12/-1/-1->11->10 [9] 12/-1/-1->11->10 [10] 12/-1/-1->11->10 [11] 12/3/-1->11->-1 [12] -1/-1/-1->11->10 [13] 12/-1/-1->11->10 [14] 12/-1/-1->11->10 [15] 12/-1/-1->11->10
use3a-ss-b200-gpu-150:98207:98207 [3] NCCL INFO P2P Chunksize set to 131072
use3a-ss-b200-gpu-149:98986:98986 [4] NCCL INFO comm 0x5fa8ed108800 rank 4 nRanks 16 nNodes 2 localRanks 8 localRank 4 MNNVL 0
use3a-ss-b200-gpu-149:98986:98986 [4] NCCL INFO Trees [0] 5/-1/-1->4->3 [1] 5/-1/-1->4->3 [2] 5/-1/-1->4->3 [3] 5/-1/-1->4->3 [4] 5/12/-1->4->-1 [5] -1/-1/-1->4->3 [6] 5/-1/-1->4->3 [7] 5/-1/-1->4->3 [8] 5/-1/-1->4->3 [9] 5/-1/-1->4->3 [10] 5/-1/-1->4->3 [11] 5/-1/-1->4->3 [12] 5/-1/-1->4->12 [13] -1/-1/-1->4->3 [14] 5/-1/-1->4->3 [15] 5/-1/-1->4->3
use3a-ss-b200-gpu-149:98986:98986 [4] NCCL INFO P2P Chunksize set to 131072
use3a-ss-b200-gpu-150:98208:98208 [4] NCCL INFO comm 0x5ad9749fdfb0 rank 12 nRanks 16 nNodes 2 localRanks 8 localRank 4 MNNVL 0
use3a-ss-b200-gpu-150:98208:98208 [4] NCCL INFO Trees [0] 13/-1/-1->12->11 [1] 13/-1/-1->12->11 [2] 13/-1/-1->12->11 [3] 13/-1/-1->12->11 [4] 13/-1/-1->12->4 [5] -1/-1/-1->12->11 [6] 13/-1/-1->12->11 [7] 13/-1/-1->12->11 [8] 13/-1/-1->12->11 [9] 13/-1/-1->12->11 [10] 13/-1/-1->12->11 [11] 13/-1/-1->12->11 [12] 13/4/-1->12->-1 [13] -1/-1/-1->12->11 [14] 13/-1/-1->12->11 [15] 13/-1/-1->12->11
use3a-ss-b200-gpu-150:98208:98208 [4] NCCL INFO P2P Chunksize set to 131072
use3a-ss-b200-gpu-150:98209:98209 [5] NCCL INFO comm 0x5b0953d46c70 rank 13 nRanks 16 nNodes 2 localRanks 8 localRank 5 MNNVL 0
use3a-ss-b200-gpu-150:98209:98209 [5] NCCL INFO Trees [0] 14/-1/-1->13->12 [1] 14/-1/-1->13->12 [2] 14/-1/-1->13->12 [3] 14/-1/-1->13->12 [4] 14/-1/-1->13->12 [5] 14/-1/-1->13->5 [6] -1/-1/-1->13->12 [7] 14/-1/-1->13->12 [8] 14/-1/-1->13->12 [9] 14/-1/-1->13->12 [10] 14/-1/-1->13->12 [11] 14/-1/-1->13->12 [12] 14/-1/-1->13->12 [13] 14/5/-1->13->-1 [14] -1/-1/-1->13->12 [15] 14/-1/-1->13->12
use3a-ss-b200-gpu-150:98209:98209 [5] NCCL INFO P2P Chunksize set to 131072
use3a-ss-b200-gpu-149:98985:98985 [3] NCCL INFO comm 0x5cadd1c4ff20 rank 3 nRanks 16 nNodes 2 localRanks 8 localRank 3 MNNVL 0
use3a-ss-b200-gpu-149:98985:98985 [3] NCCL INFO Trees [0] 4/-1/-1->3->2 [1] 4/-1/-1->3->2 [2] 4/-1/-1->3->2 [3] 4/11/-1->3->-1 [4] -1/-1/-1->3->2 [5] 4/-1/-1->3->2 [6] 4/-1/-1->3->2 [7] 4/-1/-1->3->2 [8] 4/-1/-1->3->2 [9] 4/-1/-1->3->2 [10] 4/-1/-1->3->2 [11] 4/-1/-1->3->11 [12] -1/-1/-1->3->2 [13] 4/-1/-1->3->2 [14] 4/-1/-1->3->2 [15] 4/-1/-1->3->2
use3a-ss-b200-gpu-149:98985:98985 [3] NCCL INFO P2P Chunksize set to 131072
use3a-ss-b200-gpu-149:98982:98982 [0] NCCL INFO comm 0x63519a90af80 rank 0 nRanks 16 nNodes 2 localRanks 8 localRank 0 MNNVL 0
use3a-ss-b200-gpu-149:98983:98983 [1] NCCL INFO comm 0x5d63a7a8fad0 rank 1 nRanks 16 nNodes 2 localRanks 8 localRank 1 MNNVL 0
use3a-ss-b200-gpu-149:98983:98983 [1] NCCL INFO Trees [0] 2/-1/-1->1->0 [1] 2/9/-1->1->-1 [2] -1/-1/-1->1->0 [3] 2/-1/-1->1->0 [4] 2/-1/-1->1->0 [5] 2/-1/-1->1->0 [6] 2/-1/-1->1->0 [7] 2/-1/-1->1->0 [8] 2/-1/-1->1->0 [9] 2/-1/-1->1->9 [10] -1/-1/-1->1->0 [11] 2/-1/-1->1->0 [12] 2/-1/-1->1->0 [13] 2/-1/-1->1->0 [14] 2/-1/-1->1->0 [15] 2/-1/-1->1->0
use3a-ss-b200-gpu-149:98983:98983 [1] NCCL INFO P2P Chunksize set to 131072
use3a-ss-b200-gpu-149:98984:98984 [2] NCCL INFO comm 0x5e5c3571bc70 rank 2 nRanks 16 nNodes 2 localRanks 8 localRank 2 MNNVL 0
use3a-ss-b200-gpu-149:98984:98984 [2] NCCL INFO Trees [0] 3/-1/-1->2->1 [1] 3/-1/-1->2->1 [2] 3/10/-1->2->-1 [3] -1/-1/-1->2->1 [4] 3/-1/-1->2->1 [5] 3/-1/-1->2->1 [6] 3/-1/-1->2->1 [7] 3/-1/-1->2->1 [8] 3/-1/-1->2->1 [9] 3/-1/-1->2->1 [10] 3/-1/-1->2->10 [11] -1/-1/-1->2->1 [12] 3/-1/-1->2->1 [13] 3/-1/-1->2->1 [14] 3/-1/-1->2->1 [15] 3/-1/-1->2->1
use3a-ss-b200-gpu-149:98984:98984 [2] NCCL INFO P2P Chunksize set to 131072
use3a-ss-b200-gpu-149:98982:98982 [0] NCCL INFO Channel 00/16 :  0  7  6  5  4  3  2  1  8 15 14 13 12 11 10  9
use3a-ss-b200-gpu-149:98982:98982 [0] NCCL INFO Channel 01/16 :  0  7  6  5  4  3  2  9  8 15 14 13 12 11 10  1
use3a-ss-b200-gpu-149:98982:98982 [0] NCCL INFO Channel 02/16 :  0  7  6  5  4  3 10  9  8 15 14 13 12 11  2  1
use3a-ss-b200-gpu-149:98982:98982 [0] NCCL INFO Channel 03/16 :  0  7  6  5  4 11 10  9  8 15 14 13 12  3  2  1
use3a-ss-b200-gpu-149:98982:98982 [0] NCCL INFO Channel 04/16 :  0  7  6  5 12 11 10  9  8 15 14 13  4  3  2  1
use3a-ss-b200-gpu-149:98982:98982 [0] NCCL INFO Channel 05/16 :  0  7  6 13 12 11 10  9  8 15 14  5  4  3  2  1
use3a-ss-b200-gpu-149:98982:98982 [0] NCCL INFO Channel 06/16 :  0  7 14 13 12 11 10  9  8 15  6  5  4  3  2  1
use3a-ss-b200-gpu-149:98982:98982 [0] NCCL INFO Channel 07/16 :  0 15 14 13 12 11 10  9  8  7  6  5  4  3  2  1
use3a-ss-b200-gpu-149:98982:98982 [0] NCCL INFO Channel 08/16 :  0  7  6  5  4  3  2  1  8 15 14 13 12 11 10  9
use3a-ss-b200-gpu-149:98982:98982 [0] NCCL INFO Channel 09/16 :  0  7  6  5  4  3  2  9  8 15 14 13 12 11 10  1
use3a-ss-b200-gpu-149:98982:98982 [0] NCCL INFO Channel 10/16 :  0  7  6  5  4  3 10  9  8 15 14 13 12 11  2  1
use3a-ss-b200-gpu-149:98982:98982 [0] NCCL INFO Channel 11/16 :  0  7  6  5  4 11 10  9  8 15 14 13 12  3  2  1
use3a-ss-b200-gpu-149:98982:98982 [0] NCCL INFO Channel 12/16 :  0  7  6  5 12 11 10  9  8 15 14 13  4  3  2  1
use3a-ss-b200-gpu-149:98982:98982 [0] NCCL INFO Channel 13/16 :  0  7  6 13 12 11 10  9  8 15 14  5  4  3  2  1
use3a-ss-b200-gpu-149:98982:98982 [0] NCCL INFO Channel 14/16 :  0  7 14 13 12 11 10  9  8 15  6  5  4  3  2  1
use3a-ss-b200-gpu-149:98982:98982 [0] NCCL INFO Channel 15/16 :  0 15 14 13 12 11 10  9  8  7  6  5  4  3  2  1
use3a-ss-b200-gpu-149:98982:98982 [0] NCCL INFO Trees [0] 1/8/-1->0->-1 [1] -1/-1/-1->0->7 [2] 1/-1/-1->0->7 [3] 1/-1/-1->0->7 [4] 1/-1/-1->0->7 [5] 1/-1/-1->0->7 [6] 1/-1/-1->0->7 [7] 1/-1/-1->0->7 [8] 1/-1/-1->0->8 [9] -1/-1/-1->0->7 [10] 1/-1/-1->0->7 [11] 1/-1/-1->0->7 [12] 1/-1/-1->0->7 [13] 1/-1/-1->0->7 [14] 1/-1/-1->0->7 [15] 1/-1/-1->0->7
use3a-ss-b200-gpu-149:98982:98982 [0] NCCL INFO P2P Chunksize set to 131072
use3a-ss-b200-gpu-150:98210:98210 [6] NCCL INFO comm 0x5f6462c0f230 rank 14 nRanks 16 nNodes 2 localRanks 8 localRank 6 MNNVL 0
use3a-ss-b200-gpu-150:98210:98210 [6] NCCL INFO Trees [0] 15/-1/-1->14->13 [1] 15/-1/-1->14->13 [2] 15/-1/-1->14->13 [3] 15/-1/-1->14->13 [4] 15/-1/-1->14->13 [5] 15/-1/-1->14->13 [6] 15/-1/-1->14->6 [7] -1/-1/-1->14->13 [8] 15/-1/-1->14->13 [9] 15/-1/-1->14->13 [10] 15/-1/-1->14->13 [11] 15/-1/-1->14->13 [12] 15/-1/-1->14->13 [13] 15/-1/-1->14->13 [14] 15/6/-1->14->-1 [15] -1/-1/-1->14->13
use3a-ss-b200-gpu-150:98210:98210 [6] NCCL INFO P2P Chunksize set to 131072
use3a-ss-b200-gpu-150:98211:98211 [7] NCCL INFO comm 0x651fb771a130 rank 15 nRanks 16 nNodes 2 localRanks 8 localRank 7 MNNVL 0
use3a-ss-b200-gpu-150:98211:98211 [7] NCCL INFO Trees [0] -1/-1/-1->15->14 [1] 8/-1/-1->15->14 [2] 8/-1/-1->15->14 [3] 8/-1/-1->15->14 [4] 8/-1/-1->15->14 [5] 8/-1/-1->15->14 [6] 8/-1/-1->15->14 [7] 8/-1/-1->15->7 [8] -1/-1/-1->15->14 [9] 8/-1/-1->15->14 [10] 8/-1/-1->15->14 [11] 8/-1/-1->15->14 [12] 8/-1/-1->15->14 [13] 8/-1/-1->15->14 [14] 8/-1/-1->15->14 [15] 8/7/-1->15->-1
use3a-ss-b200-gpu-150:98211:98211 [7] NCCL INFO P2P Chunksize set to 131072
use3a-ss-b200-gpu-150:98204:98204 [0] NCCL INFO PROFILER/Plugin: Could not find: libnccl-profiler.so
use3a-ss-b200-gpu-150:98204:98204 [0] NCCL INFO Check P2P Type isAllDirectP2p 1 directMode 0 isAllCudaP2p 1
use3a-ss-b200-gpu-149:98989:98989 [7] NCCL INFO PROFILER/Plugin: Could not find: libnccl-profiler.so
use3a-ss-b200-gpu-149:98989:98989 [7] NCCL INFO Check P2P Type isAllDirectP2p 1 directMode 0 isAllCudaP2p 1
use3a-ss-b200-gpu-150:98204:98540 [0] NCCL INFO [Proxy Service] Device 0 CPU core 3
use3a-ss-b200-gpu-150:98204:98541 [0] NCCL INFO [Proxy Service UDS] Device 0 CPU core 4
use3a-ss-b200-gpu-149:98989:99315 [0] NCCL INFO [Proxy Service] Device 7 CPU core 155
use3a-ss-b200-gpu-150:98208:98208 [4] NCCL INFO PROFILER/Plugin: Could not find: libnccl-profiler.so
use3a-ss-b200-gpu-150:98208:98208 [4] NCCL INFO Check P2P Type isAllDirectP2p 1 directMode 0 isAllCudaP2p 1
use3a-ss-b200-gpu-149:98986:98986 [4] NCCL INFO PROFILER/Plugin: Could not find: libnccl-profiler.so
use3a-ss-b200-gpu-149:98986:98986 [4] NCCL INFO Check P2P Type isAllDirectP2p 1 directMode 0 isAllCudaP2p 1
use3a-ss-b200-gpu-150:98208:98542 [0] NCCL INFO [Proxy Service] Device 4 CPU core 18
use3a-ss-b200-gpu-149:98989:99316 [0] NCCL INFO [Proxy Service UDS] Device 7 CPU core 157
use3a-ss-b200-gpu-149:98986:99318 [0] NCCL INFO [Proxy Service UDS] Device 4 CPU core 19
use3a-ss-b200-gpu-150:98208:98543 [0] NCCL INFO [Proxy Service UDS] Device 4 CPU core 19
use3a-ss-b200-gpu-149:98986:99317 [0] NCCL INFO [Proxy Service] Device 4 CPU core 18
use3a-ss-b200-gpu-150:98207:98207 [3] NCCL INFO PROFILER/Plugin: Could not find: libnccl-profiler.so
use3a-ss-b200-gpu-150:98207:98207 [3] NCCL INFO Check P2P Type isAllDirectP2p 1 directMode 0 isAllCudaP2p 1
use3a-ss-b200-gpu-150:98207:98544 [0] NCCL INFO [Proxy Service] Device 3 CPU core 137
use3a-ss-b200-gpu-150:98207:98545 [0] NCCL INFO [Proxy Service UDS] Device 3 CPU core 140
use3a-ss-b200-gpu-149:98984:98984 [2] NCCL INFO PROFILER/Plugin: Could not find: libnccl-profiler.so
use3a-ss-b200-gpu-149:98984:98984 [2] NCCL INFO Check P2P Type isAllDirectP2p 1 directMode 0 isAllCudaP2p 1
use3a-ss-b200-gpu-149:98983:98983 [1] NCCL INFO PROFILER/Plugin: Could not find: libnccl-profiler.so
use3a-ss-b200-gpu-149:98983:98983 [1] NCCL INFO Check P2P Type isAllDirectP2p 1 directMode 0 isAllCudaP2p 1
use3a-ss-b200-gpu-149:98984:99319 [0] NCCL INFO [Proxy Service] Device 2 CPU core 9
use3a-ss-b200-gpu-149:98984:99320 [0] NCCL INFO [Proxy Service UDS] Device 2 CPU core 12
use3a-ss-b200-gpu-150:98209:98209 [5] NCCL INFO PROFILER/Plugin: Could not find: libnccl-profiler.so
use3a-ss-b200-gpu-150:98209:98209 [5] NCCL INFO Check P2P Type isAllDirectP2p 1 directMode 0 isAllCudaP2p 1
use3a-ss-b200-gpu-150:98209:98546 [0] NCCL INFO [Proxy Service] Device 5 CPU core 146
use3a-ss-b200-gpu-150:98209:98547 [0] NCCL INFO [Proxy Service UDS] Device 5 CPU core 147
use3a-ss-b200-gpu-149:98983:99321 [0] NCCL INFO [Proxy Service] Device 1 CPU core 130
use3a-ss-b200-gpu-149:98983:99322 [0] NCCL INFO [Proxy Service UDS] Device 1 CPU core 132
use3a-ss-b200-gpu-150:98211:98211 [7] NCCL INFO PROFILER/Plugin: Could not find: libnccl-profiler.so
use3a-ss-b200-gpu-150:98211:98211 [7] NCCL INFO Check P2P Type isAllDirectP2p 1 directMode 0 isAllCudaP2p 1
use3a-ss-b200-gpu-149:98985:98985 [3] NCCL INFO PROFILER/Plugin: Could not find: libnccl-profiler.so
use3a-ss-b200-gpu-149:98985:98985 [3] NCCL INFO Check P2P Type isAllDirectP2p 1 directMode 0 isAllCudaP2p 1
use3a-ss-b200-gpu-150:98211:98548 [0] NCCL INFO [Proxy Service] Device 7 CPU core 154
use3a-ss-b200-gpu-150:98211:98549 [0] NCCL INFO [Proxy Service UDS] Device 7 CPU core 155
use3a-ss-b200-gpu-149:98985:99323 [0] NCCL INFO [Proxy Service] Device 3 CPU core 137
use3a-ss-b200-gpu-149:98985:99324 [0] NCCL INFO [Proxy Service UDS] Device 3 CPU core 138
use3a-ss-b200-gpu-150:98206:98206 [2] NCCL INFO PROFILER/Plugin: Could not find: libnccl-profiler.so
use3a-ss-b200-gpu-150:98206:98206 [2] NCCL INFO Check P2P Type isAllDirectP2p 1 directMode 0 isAllCudaP2p 1
use3a-ss-b200-gpu-150:98206:98550 [0] NCCL INFO [Proxy Service] Device 2 CPU core 10
use3a-ss-b200-gpu-149:98987:98987 [5] NCCL INFO PROFILER/Plugin: Could not find: libnccl-profiler.so
use3a-ss-b200-gpu-149:98987:98987 [5] NCCL INFO Check P2P Type isAllDirectP2p 1 directMode 0 isAllCudaP2p 1
use3a-ss-b200-gpu-150:98206:98551 [0] NCCL INFO [Proxy Service UDS] Device 2 CPU core 12
use3a-ss-b200-gpu-150:98205:98205 [1] NCCL INFO PROFILER/Plugin: Could not find: libnccl-profiler.so
use3a-ss-b200-gpu-150:98205:98205 [1] NCCL INFO Check P2P Type isAllDirectP2p 1 directMode 0 isAllCudaP2p 1
use3a-ss-b200-gpu-149:98987:99325 [0] NCCL INFO [Proxy Service] Device 5 CPU core 145
use3a-ss-b200-gpu-149:98987:99326 [0] NCCL INFO [Proxy Service UDS] Device 5 CPU core 146
use3a-ss-b200-gpu-150:98205:98552 [0] NCCL INFO [Proxy Service] Device 1 CPU core 129
use3a-ss-b200-gpu-150:98205:98553 [0] NCCL INFO [Proxy Service UDS] Device 1 CPU core 130
use3a-ss-b200-gpu-150:98210:98210 [6] NCCL INFO PROFILER/Plugin: Could not find: libnccl-profiler.so
use3a-ss-b200-gpu-150:98210:98210 [6] NCCL INFO Check P2P Type isAllDirectP2p 1 directMode 0 isAllCudaP2p 1
use3a-ss-b200-gpu-149:98988:98988 [6] NCCL INFO PROFILER/Plugin: Could not find: libnccl-profiler.so
use3a-ss-b200-gpu-149:98988:98988 [6] NCCL INFO Check P2P Type isAllDirectP2p 1 directMode 0 isAllCudaP2p 1
use3a-ss-b200-gpu-149:98988:99328 [0] NCCL INFO [Proxy Service UDS] Device 6 CPU core 27
use3a-ss-b200-gpu-149:98988:99327 [0] NCCL INFO [Proxy Service] Device 6 CPU core 26
use3a-ss-b200-gpu-150:98210:98554 [0] NCCL INFO [Proxy Service] Device 6 CPU core 27
use3a-ss-b200-gpu-150:98210:98555 [0] NCCL INFO [Proxy Service UDS] Device 6 CPU core 28
use3a-ss-b200-gpu-149:98982:98982 [0] NCCL INFO PROFILER/Plugin: Could not find: libnccl-profiler.so
use3a-ss-b200-gpu-149:98982:98982 [0] NCCL INFO Check P2P Type isAllDirectP2p 1 directMode 0 isAllCudaP2p 1
use3a-ss-b200-gpu-149:98982:99329 [0] NCCL INFO [Proxy Service] Device 0 CPU core 1
use3a-ss-b200-gpu-149:98982:99330 [0] NCCL INFO [Proxy Service UDS] Device 0 CPU core 2
use3a-ss-b200-gpu-149:98989:98989 [7] NCCL INFO TUNER/Plugin: Could not find: libnccl-tuner.so
use3a-ss-b200-gpu-149:98989:98989 [7] NCCL INFO threadThresholds 8/8/64 | 128/8/64 | 512 | 512
use3a-ss-b200-gpu-149:98989:98989 [7] NCCL INFO 16 coll channels, 16 collnet channels, 0 nvls channels, 16 p2p channels, 4 p2p channels per peer
use3a-ss-b200-gpu-149:98989:98989 [7] NCCL INFO Symmetric VA size=180GB
use3a-ss-b200-gpu-150:98211:98211 [7] NCCL INFO TUNER/Plugin: Could not find: libnccl-tuner.so
use3a-ss-b200-gpu-150:98211:98211 [7] NCCL INFO threadThresholds 8/8/64 | 128/8/64 | 512 | 512
use3a-ss-b200-gpu-150:98211:98211 [7] NCCL INFO 16 coll channels, 16 collnet channels, 0 nvls channels, 16 p2p channels, 4 p2p channels per peer
use3a-ss-b200-gpu-150:98211:98211 [7] NCCL INFO Symmetric VA size=180GB
use3a-ss-b200-gpu-150:98210:98210 [6] NCCL INFO TUNER/Plugin: Could not find: libnccl-tuner.so
use3a-ss-b200-gpu-150:98210:98210 [6] NCCL INFO threadThresholds 8/8/64 | 128/8/64 | 512 | 512
use3a-ss-b200-gpu-150:98210:98210 [6] NCCL INFO 16 coll channels, 16 collnet channels, 0 nvls channels, 16 p2p channels, 4 p2p channels per peer
use3a-ss-b200-gpu-150:98210:98210 [6] NCCL INFO Symmetric VA size=180GB
use3a-ss-b200-gpu-149:98988:98988 [6] NCCL INFO TUNER/Plugin: Could not find: libnccl-tuner.so
use3a-ss-b200-gpu-149:98988:98988 [6] NCCL INFO threadThresholds 8/8/64 | 128/8/64 | 512 | 512
use3a-ss-b200-gpu-149:98988:98988 [6] NCCL INFO 16 coll channels, 16 collnet channels, 0 nvls channels, 16 p2p channels, 4 p2p channels per peer
use3a-ss-b200-gpu-149:98988:98988 [6] NCCL INFO Symmetric VA size=180GB
use3a-ss-b200-gpu-149:98986:98986 [4] NCCL INFO TUNER/Plugin: Could not find: libnccl-tuner.so
use3a-ss-b200-gpu-149:98986:98986 [4] NCCL INFO threadThresholds 8/8/64 | 128/8/64 | 512 | 512
use3a-ss-b200-gpu-149:98986:98986 [4] NCCL INFO 16 coll channels, 16 collnet channels, 0 nvls channels, 16 p2p channels, 4 p2p channels per peer
use3a-ss-b200-gpu-149:98986:98986 [4] NCCL INFO Symmetric VA size=180GB
use3a-ss-b200-gpu-150:98204:98204 [0] NCCL INFO TUNER/Plugin: Could not find: libnccl-tuner.so
use3a-ss-b200-gpu-150:98204:98204 [0] NCCL INFO threadThresholds 8/8/64 | 128/8/64 | 512 | 512
use3a-ss-b200-gpu-150:98204:98204 [0] NCCL INFO 16 coll channels, 16 collnet channels, 0 nvls channels, 16 p2p channels, 4 p2p channels per peer
use3a-ss-b200-gpu-150:98204:98204 [0] NCCL INFO Symmetric VA size=180GB
use3a-ss-b200-gpu-150:98206:98206 [2] NCCL INFO TUNER/Plugin: Could not find: libnccl-tuner.so
use3a-ss-b200-gpu-150:98206:98206 [2] NCCL INFO threadThresholds 8/8/64 | 128/8/64 | 512 | 512
use3a-ss-b200-gpu-150:98206:98206 [2] NCCL INFO 16 coll channels, 16 collnet channels, 0 nvls channels, 16 p2p channels, 4 p2p channels per peer
use3a-ss-b200-gpu-150:98206:98206 [2] NCCL INFO Symmetric VA size=180GB
use3a-ss-b200-gpu-150:98208:98208 [4] NCCL INFO TUNER/Plugin: Could not find: libnccl-tuner.so
use3a-ss-b200-gpu-150:98208:98208 [4] NCCL INFO threadThresholds 8/8/64 | 128/8/64 | 512 | 512
use3a-ss-b200-gpu-150:98208:98208 [4] NCCL INFO 16 coll channels, 16 collnet channels, 0 nvls channels, 16 p2p channels, 4 p2p channels per peer
use3a-ss-b200-gpu-150:98208:98208 [4] NCCL INFO Symmetric VA size=180GB
use3a-ss-b200-gpu-150:98207:98207 [3] NCCL INFO TUNER/Plugin: Could not find: libnccl-tuner.so
use3a-ss-b200-gpu-150:98207:98207 [3] NCCL INFO threadThresholds 8/8/64 | 128/8/64 | 512 | 512
use3a-ss-b200-gpu-150:98207:98207 [3] NCCL INFO 16 coll channels, 16 collnet channels, 0 nvls channels, 16 p2p channels, 4 p2p channels per peer
use3a-ss-b200-gpu-150:98207:98207 [3] NCCL INFO Symmetric VA size=180GB
use3a-ss-b200-gpu-150:98205:98205 [1] NCCL INFO TUNER/Plugin: Could not find: libnccl-tuner.so
use3a-ss-b200-gpu-150:98205:98205 [1] NCCL INFO threadThresholds 8/8/64 | 128/8/64 | 512 | 512
use3a-ss-b200-gpu-150:98205:98205 [1] NCCL INFO 16 coll channels, 16 collnet channels, 0 nvls channels, 16 p2p channels, 4 p2p channels per peer
use3a-ss-b200-gpu-150:98205:98205 [1] NCCL INFO Symmetric VA size=180GB
use3a-ss-b200-gpu-149:98987:98987 [5] NCCL INFO TUNER/Plugin: Could not find: libnccl-tuner.so
use3a-ss-b200-gpu-149:98987:98987 [5] NCCL INFO threadThresholds 8/8/64 | 128/8/64 | 512 | 512
use3a-ss-b200-gpu-149:98987:98987 [5] NCCL INFO 16 coll channels, 16 collnet channels, 0 nvls channels, 16 p2p channels, 4 p2p channels per peer
use3a-ss-b200-gpu-149:98987:98987 [5] NCCL INFO Symmetric VA size=180GB
use3a-ss-b200-gpu-150:98209:98209 [5] NCCL INFO TUNER/Plugin: Could not find: libnccl-tuner.so
use3a-ss-b200-gpu-150:98209:98209 [5] NCCL INFO threadThresholds 8/8/64 | 128/8/64 | 512 | 512
use3a-ss-b200-gpu-150:98209:98209 [5] NCCL INFO 16 coll channels, 16 collnet channels, 0 nvls channels, 16 p2p channels, 4 p2p channels per peer
use3a-ss-b200-gpu-150:98209:98209 [5] NCCL INFO Symmetric VA size=180GB
use3a-ss-b200-gpu-150:98204:98204 [0] NCCL INFO ncclCommInitRank comm 0x59c511cd2a20 rank 8 nranks 16 cudaDev 0 nvmlDev 0 busId 17000 commId 0xc6ce07d9ddce9cbb - Init COMPLETE
use3a-ss-b200-gpu-150:98204:98204 [0] NCCL INFO Init timings - ncclCommInitRank: rank 8 nranks 16 total 3.21 (kernels 0.30, alloc 1.46, bootstrap 0.11, allgathers 0.15, topo 0.97, graphs 0.11, connections 0.10, rest 0.01)
use3a-ss-b200-gpu-150:98205:98205 [1] NCCL INFO ncclCommInitRank comm 0x585be4f363e0 rank 9 nranks 16 cudaDev 1 nvmlDev 1 busId 3d000 commId 0xc6ce07d9ddce9cbb - Init COMPLETE
use3a-ss-b200-gpu-150:98205:98205 [1] NCCL INFO Init timings - ncclCommInitRank: rank 9 nranks 16 total 3.46 (kernels 0.35, alloc 0.85, bootstrap 0.92, allgathers 0.15, topo 0.97, graphs 0.11, connections 0.10, rest 0.01)
use3a-ss-b200-gpu-150:98206:98206 [2] NCCL INFO ncclCommInitRank comm 0x581751e0d2b0 rank 10 nranks 16 cudaDev 2 nvmlDev 2 busId 5f000 commId 0xc6ce07d9ddce9cbb - Init COMPLETE
use3a-ss-b200-gpu-150:98206:98206 [2] NCCL INFO Init timings - ncclCommInitRank: rank 10 nranks 16 total 3.25 (kernels 0.31, alloc 1.42, bootstrap 0.19, allgathers 0.15, topo 0.97, graphs 0.11, connections 0.09, rest 0.01)
use3a-ss-b200-gpu-150:98207:98207 [3] NCCL INFO ncclCommInitRank comm 0x5cf11274cc80 rank 11 nranks 16 cudaDev 3 nvmlDev 3 busId 70000 commId 0xc6ce07d9ddce9cbb - Init COMPLETE
use3a-ss-b200-gpu-150:98207:98207 [3] NCCL INFO Init timings - ncclCommInitRank: rank 11 nranks 16 total 3.44 (kernels 0.33, alloc 1.05, bootstrap 0.72, allgathers 0.15, topo 0.97, graphs 0.11, connections 0.10, rest 0.01)
use3a-ss-b200-gpu-150:98208:98208 [4] NCCL INFO ncclCommInitRank comm 0x5ad9749fdfb0 rank 12 nranks 16 cudaDev 4 nvmlDev 4 busId 97000 commId 0xc6ce07d9ddce9cbb - Init COMPLETE
use3a-ss-b200-gpu-150:98208:98208 [4] NCCL INFO Init timings - ncclCommInitRank: rank 12 nranks 16 total 3.26 (kernels 0.32, alloc 1.51, bootstrap 0.10, allgathers 0.15, topo 0.97, graphs 0.11, connections 0.10, rest 0.01)
use3a-ss-b200-gpu-150:98209:98209 [5] NCCL INFO ncclCommInitRank comm 0x5b0953d46c70 rank 13 nranks 16 cudaDev 5 nvmlDev 5 busId ba000 commId 0xc6ce07d9ddce9cbb - Init COMPLETE
use3a-ss-b200-gpu-150:98209:98209 [5] NCCL INFO Init timings - ncclCommInitRank: rank 13 nranks 16 total 3.27 (kernels 0.30, alloc 1.46, bootstrap 0.18, allgathers 0.16, topo 0.96, graphs 0.11, connections 0.10, rest 0.01)
use3a-ss-b200-gpu-150:98210:98210 [6] NCCL INFO ncclCommInitRank comm 0x5f6462c0f230 rank 14 nranks 16 cudaDev 6 nvmlDev 6 busId dc000 commId 0xc6ce07d9ddce9cbb - Init COMPLETE
use3a-ss-b200-gpu-150:98210:98210 [6] NCCL INFO Init timings - ncclCommInitRank: rank 14 nranks 16 total 3.24 (kernels 0.30, alloc 1.44, bootstrap 0.16, allgathers 0.15, topo 0.97, graphs 0.11, connections 0.08, rest 0.02)
use3a-ss-b200-gpu-150:98211:98211 [7] NCCL INFO ncclCommInitRank comm 0x651fb771a130 rank 15 nranks 16 cudaDev 7 nvmlDev 7 busId ed000 commId 0xc6ce07d9ddce9cbb - Init COMPLETE
use3a-ss-b200-gpu-150:98211:98211 [7] NCCL INFO Init timings - ncclCommInitRank: rank 15 nranks 16 total 3.45 (kernels 0.35, alloc 1.24, bootstrap 0.53, allgathers 0.15, topo 0.97, graphs 0.11, connections 0.08, rest 0.02)
use3a-ss-b200-gpu-149:98984:98984 [2] NCCL INFO TUNER/Plugin: Could not find: libnccl-tuner.so
use3a-ss-b200-gpu-149:98984:98984 [2] NCCL INFO threadThresholds 8/8/64 | 128/8/64 | 512 | 512
use3a-ss-b200-gpu-149:98984:98984 [2] NCCL INFO 16 coll channels, 16 collnet channels, 0 nvls channels, 16 p2p channels, 4 p2p channels per peer
use3a-ss-b200-gpu-149:98984:98984 [2] NCCL INFO Symmetric VA size=180GB
use3a-ss-b200-gpu-149:98982:98982 [0] NCCL INFO TUNER/Plugin: Could not find: libnccl-tuner.so
use3a-ss-b200-gpu-149:98982:98982 [0] NCCL INFO threadThresholds 8/8/64 | 128/8/64 | 512 | 512
use3a-ss-b200-gpu-149:98982:98982 [0] NCCL INFO 16 coll channels, 16 collnet channels, 0 nvls channels, 16 p2p channels, 4 p2p channels per peer
use3a-ss-b200-gpu-149:98982:98982 [0] NCCL INFO Symmetric VA size=180GB
use3a-ss-b200-gpu-149:98982:98982 [0] NCCL INFO CC Off, workFifoBytes 1048576
use3a-ss-b200-gpu-149:98985:98985 [3] NCCL INFO TUNER/Plugin: Could not find: libnccl-tuner.so
use3a-ss-b200-gpu-149:98985:98985 [3] NCCL INFO threadThresholds 8/8/64 | 128/8/64 | 512 | 512
use3a-ss-b200-gpu-149:98985:98985 [3] NCCL INFO 16 coll channels, 16 collnet channels, 0 nvls channels, 16 p2p channels, 4 p2p channels per peer
use3a-ss-b200-gpu-149:98985:98985 [3] NCCL INFO Symmetric VA size=180GB
use3a-ss-b200-gpu-149:98983:98983 [1] NCCL INFO TUNER/Plugin: Could not find: libnccl-tuner.so
use3a-ss-b200-gpu-149:98983:98983 [1] NCCL INFO threadThresholds 8/8/64 | 128/8/64 | 512 | 512
use3a-ss-b200-gpu-149:98983:98983 [1] NCCL INFO 16 coll channels, 16 collnet channels, 0 nvls channels, 16 p2p channels, 4 p2p channels per peer
use3a-ss-b200-gpu-149:98983:98983 [1] NCCL INFO Symmetric VA size=180GB
use3a-ss-b200-gpu-149:98982:98982 [0] NCCL INFO ncclCommInitRank comm 0x63519a90af80 rank 0 nranks 16 cudaDev 0 nvmlDev 0 busId 17000 commId 0xc6ce07d9ddce9cbb - Init COMPLETE
use3a-ss-b200-gpu-149:98982:98982 [0] NCCL INFO Init timings - ncclCommInitRank: rank 0 nranks 16 total 3.51 (kernels 0.46, alloc 0.74, bootstrap 0.96, allgathers 0.01, topo 1.11, graphs 0.11, connections 0.10, rest 0.01)
#
#                                                              out-of-place                       in-place          
#       size         count      type   redop    root     time   algbw   busbw #wrong     time   algbw   busbw #wrong
#        (B)    (elements)                               (us)  (GB/s)  (GB/s)            (us)  (GB/s)  (GB/s)       
use3a-ss-b200-gpu-149:98983:98983 [1] NCCL INFO ncclCommInitRank comm 0x5d63a7a8fad0 rank 1 nranks 16 cudaDev 1 nvmlDev 1 busId 3d000 commId 0xc6ce07d9ddce9cbb - Init COMPLETE
use3a-ss-b200-gpu-149:98983:98983 [1] NCCL INFO Init timings - ncclCommInitRank: rank 1 nranks 16 total 3.13 (kernels 0.31, alloc 1.45, bootstrap 0.03, allgathers 0.01, topo 1.11, graphs 0.11, connections 0.11, rest 0.01)
use3a-ss-b200-gpu-149:98984:98984 [2] NCCL INFO ncclCommInitRank comm 0x5e5c3571bc70 rank 2 nranks 16 cudaDev 2 nvmlDev 2 busId 5f000 commId 0xc6ce07d9ddce9cbb - Init COMPLETE
use3a-ss-b200-gpu-149:98984:98984 [2] NCCL INFO Init timings - ncclCommInitRank: rank 2 nranks 16 total 3.15 (kernels 0.33, alloc 1.42, bootstrap 0.06, allgathers 0.01, topo 1.11, graphs 0.11, connections 0.11, rest 0.01)
use3a-ss-b200-gpu-149:98985:98985 [3] NCCL INFO ncclCommInitRank comm 0x5cadd1c4ff20 rank 3 nranks 16 cudaDev 3 nvmlDev 3 busId 70000 commId 0xc6ce07d9ddce9cbb - Init COMPLETE
use3a-ss-b200-gpu-149:98985:98985 [3] NCCL INFO Init timings - ncclCommInitRank: rank 3 nranks 16 total 3.10 (kernels 0.29, alloc 1.44, bootstrap 0.02, allgathers 0.02, topo 1.11, graphs 0.11, connections 0.11, rest 0.01)
use3a-ss-b200-gpu-149:98986:98986 [4] NCCL INFO ncclCommInitRank comm 0x5fa8ed108800 rank 4 nranks 16 cudaDev 4 nvmlDev 4 busId 97000 commId 0xc6ce07d9ddce9cbb - Init COMPLETE
use3a-ss-b200-gpu-149:98986:98986 [4] NCCL INFO Init timings - ncclCommInitRank: rank 4 nranks 16 total 3.32 (kernels 0.35, alloc 0.77, bootstrap 0.86, allgathers 0.01, topo 1.11, graphs 0.11, connections 0.09, rest 0.02)
use3a-ss-b200-gpu-149:98987:98987 [5] NCCL INFO ncclCommInitRank comm 0x577ffb593050 rank 5 nranks 16 cudaDev 5 nvmlDev 5 busId ba000 commId 0xc6ce07d9ddce9cbb - Init COMPLETE
use3a-ss-b200-gpu-149:98987:98987 [5] NCCL INFO Init timings - ncclCommInitRank: rank 5 nranks 16 total 3.09 (kernels 0.30, alloc 1.45, bootstrap 0.00, allgathers 0.01, topo 1.11, graphs 0.11, connections 0.10, rest 0.02)
use3a-ss-b200-gpu-149:98988:98988 [6] NCCL INFO ncclCommInitRank comm 0x62e5b396ca90 rank 6 nranks 16 cudaDev 6 nvmlDev 6 busId dc000 commId 0xc6ce07d9ddce9cbb - Init COMPLETE
use3a-ss-b200-gpu-149:98988:98988 [6] NCCL INFO Init timings - ncclCommInitRank: rank 6 nranks 16 total 3.11 (kernels 0.34, alloc 1.36, bootstrap 0.06, allgathers 0.01, topo 1.11, graphs 0.11, connections 0.09, rest 0.02)
use3a-ss-b200-gpu-149:98989:98989 [7] NCCL INFO ncclCommInitRank comm 0x5d4189546750 rank 7 nranks 16 cudaDev 7 nvmlDev 7 busId ed000 commId 0xc6ce07d9ddce9cbb - Init COMPLETE
use3a-ss-b200-gpu-149:98989:98989 [7] NCCL INFO Init timings - ncclCommInitRank: rank 7 nranks 16 total 3.24 (kernels 0.34, alloc 0.88, bootstrap 0.68, allgathers 0.01, topo 1.11, graphs 0.11, connections 0.08, rest 0.04)
use3a-ss-b200-gpu-149:98985:98985 [3] NCCL INFO Channel 00/1 : 3[3] -> 4[4] via P2P/CUMEM
use3a-ss-b200-gpu-150:98210:98210 [6] NCCL INFO Channel 00/1 : 14[6] -> 15[7] via P2P/CUMEM
use3a-ss-b200-gpu-150:98210:98210 [6] NCCL INFO Channel 01/1 : 14[6] -> 15[7] via P2P/CUMEM
use3a-ss-b200-gpu-149:98986:98986 [4] NCCL INFO Channel 00/1 : 4[4] -> 5[5] via P2P/CUMEM
use3a-ss-b200-gpu-150:98210:98210 [6] NCCL INFO Channel 02/1 : 14[6] -> 15[7] via P2P/CUMEM
use3a-ss-b200-gpu-149:98983:98983 [1] NCCL INFO Channel 00/1 : 1[1] -> 2[2] via P2P/CUMEM
use3a-ss-b200-gpu-150:98210:98210 [6] NCCL INFO Channel 03/1 : 14[6] -> 15[7] via P2P/CUMEM
use3a-ss-b200-gpu-149:98988:98988 [6] NCCL INFO Channel 00/1 : 6[6] -> 7[7] via P2P/CUMEM
use3a-ss-b200-gpu-149:98984:98984 [2] NCCL INFO Channel 00/1 : 2[2] -> 3[3] via P2P/CUMEM
use3a-ss-b200-gpu-149:98985:98985 [3] NCCL INFO Channel 01/1 : 3[3] -> 4[4] via P2P/CUMEM
use3a-ss-b200-gpu-149:98986:98986 [4] NCCL INFO Channel 01/1 : 4[4] -> 5[5] via P2P/CUMEM
use3a-ss-b200-gpu-149:98983:98983 [1] NCCL INFO Channel 01/1 : 1[1] -> 2[2] via P2P/CUMEM
use3a-ss-b200-gpu-149:98988:98988 [6] NCCL INFO Channel 01/1 : 6[6] -> 7[7] via P2P/CUMEM
use3a-ss-b200-gpu-149:98983:98983 [1] NCCL INFO Channel 02/1 : 1[1] -> 2[2] via P2P/CUMEM
use3a-ss-b200-gpu-150:98207:98207 [3] NCCL INFO Channel 00/1 : 11[3] -> 12[4] via P2P/CUMEM
use3a-ss-b200-gpu-150:98209:98209 [5] NCCL INFO Channel 00/1 : 13[5] -> 14[6] via P2P/CUMEM
use3a-ss-b200-gpu-149:98983:98983 [1] NCCL INFO Channel 03/1 : 1[1] -> 2[2] via P2P/CUMEM
use3a-ss-b200-gpu-149:98984:98984 [2] NCCL INFO Channel 01/1 : 2[2] -> 3[3] via P2P/CUMEM
use3a-ss-b200-gpu-149:98985:98985 [3] NCCL INFO Channel 02/1 : 3[3] -> 4[4] via P2P/CUMEM
use3a-ss-b200-gpu-149:98985:98985 [3] NCCL INFO Channel 03/1 : 3[3] -> 4[4] via P2P/CUMEM
use3a-ss-b200-gpu-149:98987:98987 [5] NCCL INFO Channel 00/1 : 5[5] -> 6[6] via P2P/CUMEM
use3a-ss-b200-gpu-149:98984:98984 [2] NCCL INFO Channel 02/1 : 2[2] -> 3[3] via P2P/CUMEM
use3a-ss-b200-gpu-149:98986:98986 [4] NCCL INFO Channel 02/1 : 4[4] -> 5[5] via P2P/CUMEM
use3a-ss-b200-gpu-149:98988:98988 [6] NCCL INFO Channel 02/1 : 6[6] -> 7[7] via P2P/CUMEM
use3a-ss-b200-gpu-150:98207:98207 [3] NCCL INFO Channel 01/1 : 11[3] -> 12[4] via P2P/CUMEM
use3a-ss-b200-gpu-150:98206:98206 [2] NCCL INFO Channel 00/1 : 10[2] -> 11[3] via P2P/CUMEM
use3a-ss-b200-gpu-150:98208:98208 [4] NCCL INFO Channel 00/1 : 12[4] -> 13[5] via P2P/CUMEM
use3a-ss-b200-gpu-149:98987:98987 [5] NCCL INFO Channel 01/1 : 5[5] -> 6[6] via P2P/CUMEM
use3a-ss-b200-gpu-150:98206:98206 [2] NCCL INFO Channel 01/1 : 10[2] -> 11[3] via P2P/CUMEM
use3a-ss-b200-gpu-149:98988:98988 [6] NCCL INFO Channel 03/1 : 6[6] -> 7[7] via P2P/CUMEM
use3a-ss-b200-gpu-150:98209:98209 [5] NCCL INFO Channel 01/1 : 13[5] -> 14[6] via P2P/CUMEM
use3a-ss-b200-gpu-149:98986:98986 [4] NCCL INFO Channel 03/1 : 4[4] -> 5[5] via P2P/CUMEM
use3a-ss-b200-gpu-150:98207:98207 [3] NCCL INFO Channel 02/1 : 11[3] -> 12[4] via P2P/CUMEM
use3a-ss-b200-gpu-149:98984:98984 [2] NCCL INFO Channel 03/1 : 2[2] -> 3[3] via P2P/CUMEM
use3a-ss-b200-gpu-150:98208:98208 [4] NCCL INFO Channel 01/1 : 12[4] -> 13[5] via P2P/CUMEM
use3a-ss-b200-gpu-150:98208:98208 [4] NCCL INFO Channel 02/1 : 12[4] -> 13[5] via P2P/CUMEM
use3a-ss-b200-gpu-150:98209:98209 [5] NCCL INFO Channel 02/1 : 13[5] -> 14[6] via P2P/CUMEM
use3a-ss-b200-gpu-150:98205:98205 [1] NCCL INFO Channel 00/1 : 9[1] -> 10[2] via P2P/CUMEM
use3a-ss-b200-gpu-150:98207:98207 [3] NCCL INFO Channel 03/1 : 11[3] -> 12[4] via P2P/CUMEM
use3a-ss-b200-gpu-149:98987:98987 [5] NCCL INFO Channel 02/1 : 5[5] -> 6[6] via P2P/CUMEM
use3a-ss-b200-gpu-149:98987:98987 [5] NCCL INFO Channel 03/1 : 5[5] -> 6[6] via P2P/CUMEM
use3a-ss-b200-gpu-150:98205:98205 [1] NCCL INFO Channel 01/1 : 9[1] -> 10[2] via P2P/CUMEM
use3a-ss-b200-gpu-150:98206:98206 [2] NCCL INFO Channel 02/1 : 10[2] -> 11[3] via P2P/CUMEM
use3a-ss-b200-gpu-150:98209:98209 [5] NCCL INFO Channel 03/1 : 13[5] -> 14[6] via P2P/CUMEM
use3a-ss-b200-gpu-150:98208:98208 [4] NCCL INFO Channel 03/1 : 12[4] -> 13[5] via P2P/CUMEM
use3a-ss-b200-gpu-150:98206:98206 [2] NCCL INFO Channel 03/1 : 10[2] -> 11[3] via P2P/CUMEM
use3a-ss-b200-gpu-150:98205:98205 [1] NCCL INFO Channel 02/1 : 9[1] -> 10[2] via P2P/CUMEM
use3a-ss-b200-gpu-150:98205:98205 [1] NCCL INFO Channel 03/1 : 9[1] -> 10[2] via P2P/CUMEM
use3a-ss-b200-gpu-150:98204:98556 [0] NCCL INFO [Proxy Progress] Device 0 CPU core 5
use3a-ss-b200-gpu-150:98204:98204 [0] NCCL INFO Channel 08/1 : 7[7] -> 8[0] [receive] via NET/NCCL RDMA Plugin v8/0/GDRDMA/Shared
use3a-ss-b200-gpu-150:98211:98211 [7] NCCL INFO Channel 08/1 : 15[7] -> 0[0] [send] via NET/NCCL RDMA Plugin v8/0(8)/GDRDMA/Shared
use3a-ss-b200-gpu-150:98211:98211 [7] NCCL INFO Channel 09/1 : 15[7] -> 0[0] [send] via NET/NCCL RDMA Plugin v8/0(8)/GDRDMA/Shared
use3a-ss-b200-gpu-150:98204:98204 [0] NCCL INFO Channel 09/1 : 7[7] -> 8[0] [receive] via NET/NCCL RDMA Plugin v8/0/GDRDMA/Shared
use3a-ss-b200-gpu-150:98204:98204 [0] NCCL INFO Channel 10/1 : 7[7] -> 8[0] [receive] via NET/NCCL RDMA Plugin v8/0/GDRDMA/Shared
use3a-ss-b200-gpu-150:98204:98204 [0] NCCL INFO Channel 11/1 : 7[7] -> 8[0] [receive] via NET/NCCL RDMA Plugin v8/0/GDRDMA/Shared
use3a-ss-b200-gpu-150:98204:98204 [0] NCCL INFO Channel 00/1 : 8[0] -> 9[1] via P2P/CUMEM
use3a-ss-b200-gpu-150:98211:98211 [7] NCCL INFO Channel 10/1 : 15[7] -> 0[0] [send] via NET/NCCL RDMA Plugin v8/0(8)/GDRDMA/Shared
use3a-ss-b200-gpu-150:98211:98211 [7] NCCL INFO Channel 11/1 : 15[7] -> 0[0] [send] via NET/NCCL RDMA Plugin v8/0(8)/GDRDMA/Shared
use3a-ss-b200-gpu-149:98982:99331 [0] NCCL INFO [Proxy Progress] Device 0 CPU core 3
use3a-ss-b200-gpu-149:98982:98982 [0] NCCL INFO Channel 08/1 : 15[7] -> 0[0] [receive] via NET/NCCL RDMA Plugin v8/0/GDRDMA/Shared
use3a-ss-b200-gpu-149:98982:98982 [0] NCCL INFO Channel 09/1 : 15[7] -> 0[0] [receive] via NET/NCCL RDMA Plugin v8/0/GDRDMA/Shared
use3a-ss-b200-gpu-149:98989:98989 [7] NCCL INFO Channel 08/1 : 7[7] -> 8[0] [send] via NET/NCCL RDMA Plugin v8/0(0)/GDRDMA/Shared
use3a-ss-b200-gpu-149:98989:98989 [7] NCCL INFO Channel 09/1 : 7[7] -> 8[0] [send] via NET/NCCL RDMA Plugin v8/0(0)/GDRDMA/Shared
use3a-ss-b200-gpu-149:98982:98982 [0] NCCL INFO Channel 10/1 : 15[7] -> 0[0] [receive] via NET/NCCL RDMA Plugin v8/0/GDRDMA/Shared
use3a-ss-b200-gpu-149:98989:98989 [7] NCCL INFO Channel 10/1 : 7[7] -> 8[0] [send] via NET/NCCL RDMA Plugin v8/0(0)/GDRDMA/Shared
use3a-ss-b200-gpu-149:98982:98982 [0] NCCL INFO Channel 11/1 : 15[7] -> 0[0] [receive] via NET/NCCL RDMA Plugin v8/0/GDRDMA/Shared
use3a-ss-b200-gpu-149:98982:98982 [0] NCCL INFO Channel 00/1 : 0[0] -> 1[1] via P2P/CUMEM
use3a-ss-b200-gpu-149:98989:98989 [7] NCCL INFO Channel 11/1 : 7[7] -> 8[0] [send] via NET/NCCL RDMA Plugin v8/0(0)/GDRDMA/Shared
use3a-ss-b200-gpu-149:98982:98982 [0] NCCL INFO Channel 01/1 : 0[0] -> 1[1] via P2P/CUMEM
use3a-ss-b200-gpu-150:98204:98204 [0] NCCL INFO Channel 01/1 : 8[0] -> 9[1] via P2P/CUMEM
use3a-ss-b200-gpu-149:98982:98982 [0] NCCL INFO Channel 02/1 : 0[0] -> 1[1] via P2P/CUMEM
use3a-ss-b200-gpu-150:98204:98204 [0] NCCL INFO Channel 02/1 : 8[0] -> 9[1] via P2P/CUMEM
use3a-ss-b200-gpu-150:98204:98204 [0] NCCL INFO Channel 03/1 : 8[0] -> 9[1] via P2P/CUMEM
use3a-ss-b200-gpu-149:98982:98982 [0] NCCL INFO Channel 03/1 : 0[0] -> 1[1] via P2P/CUMEM
        1024           256     float     sum      -1    23.81    0.04    0.04      0    25.44    0.04    0.04    N/A
        2048           512     float     sum      -1    24.84    0.08    0.08      0    23.24    0.09    0.09    N/A
        4096          1024     float     sum      -1    21.87    0.19    0.19      0    22.10    0.19    0.19    N/A
        8192          2048     float     sum      -1    21.45    0.38    0.38      0    22.57    0.36    0.36    N/A
       16384          4096     float     sum      -1    24.17    0.68    0.68      0    26.59    0.62    0.62    N/A
       32768          8192     float     sum      -1    29.04    1.13    1.13      0    27.13    1.21    1.21    N/A
       65536         16384     float     sum      -1    36.96    1.77    1.77      0    34.68    1.89    1.89    N/A
      131072         32768     float     sum      -1    37.61    3.49    3.49      0    36.66    3.58    3.58    N/A
      262144         65536     float     sum      -1    39.63    6.61    6.61      0    40.36    6.50    6.50    N/A
      524288        131072     float     sum      -1    44.74   11.72   11.72      0    42.32   12.39   12.39    N/A
     1048576        262144     float     sum      -1    50.61   20.72   20.72      0    48.18   21.76   21.76    N/A
     2097152        524288     float     sum      -1    74.43   28.17   28.17      0    73.95   28.36   28.36    N/A
     4194304       1048576     float     sum      -1    121.6   34.49   34.49      0    118.9   35.28   35.28    N/A
     8388608       2097152     float     sum      -1    212.7   39.45   39.45      0    213.2   39.34   39.34    N/A
    16777216       4194304     float     sum      -1    402.6   41.67   41.67      0    408.9   41.03   41.03    N/A
    33554432       8388608     float     sum      -1    811.0   41.37   41.37      0    807.1   41.57   41.57    N/A
    67108864      16777216     float     sum      -1   1603.3   41.86   41.86      0   1600.9   41.92   41.92    N/A
   134217728      33554432     float     sum      -1   3199.2   41.95   41.95      0   3201.3   41.93   41.93    N/A
   268435456      67108864     float     sum      -1   6395.0   41.98   41.98      0   6410.0   41.88   41.88    N/A
use3a-ss-b200-gpu-149:98985:98985 [3] NCCL INFO comm 0x5cadd1c4ff20 rank 3 nranks 16 cudaDev 3 busId 70000 - Destroy COMPLETE
use3a-ss-b200-gpu-149:98985:98985 [3] NCCL INFO Unloading plugin libnccl-net.so
use3a-ss-b200-gpu-150:98207:98207 [3] NCCL INFO comm 0x5cf11274cc80 rank 11 nranks 16 cudaDev 3 busId 70000 - Destroy COMPLETE
use3a-ss-b200-gpu-150:98207:98207 [3] NCCL INFO Unloading plugin libnccl-net.so
use3a-ss-b200-gpu-150:98210:98210 [6] NCCL INFO comm 0x5f6462c0f230 rank 14 nranks 16 cudaDev 6 busId dc000 - Destroy COMPLETE
use3a-ss-b200-gpu-150:98210:98210 [6] NCCL INFO Unloading plugin libnccl-net.so
use3a-ss-b200-gpu-149:98988:98988 [6] NCCL INFO comm 0x62e5b396ca90 rank 6 nranks 16 cudaDev 6 busId dc000 - Destroy COMPLETE
use3a-ss-b200-gpu-149:98988:98988 [6] NCCL INFO Unloading plugin libnccl-net.so
use3a-ss-b200-gpu-149:98983:98983 [1] NCCL INFO comm 0x5d63a7a8fad0 rank 1 nranks 16 cudaDev 1 busId 3d000 - Destroy COMPLETE
use3a-ss-b200-gpu-149:98983:98983 [1] NCCL INFO Unloading plugin libnccl-net.so
use3a-ss-b200-gpu-150:98211:98211 [7] NCCL INFO comm 0x651fb771a130 rank 15 nranks 16 cudaDev 7 busId ed000 - Destroy COMPLETE
use3a-ss-b200-gpu-150:98211:98211 [7] NCCL INFO Unloading plugin libnccl-net.so
use3a-ss-b200-gpu-150:98208:98208 [4] NCCL INFO comm 0x5ad9749fdfb0 rank 12 nranks 16 cudaDev 4 busId 97000 - Destroy COMPLETE
use3a-ss-b200-gpu-150:98208:98208 [4] NCCL INFO Unloading plugin libnccl-net.so
use3a-ss-b200-gpu-150:98206:98206 [2] NCCL INFO comm 0x581751e0d2b0 rank 10 nranks 16 cudaDev 2 busId 5f000 - Destroy COMPLETE
use3a-ss-b200-gpu-150:98206:98206 [2] NCCL INFO Unloading plugin libnccl-net.so
use3a-ss-b200-gpu-149:98987:98987 [5] NCCL INFO comm 0x577ffb593050 rank 5 nranks 16 cudaDev 5 busId ba000 - Destroy COMPLETE
use3a-ss-b200-gpu-149:98987:98987 [5] NCCL INFO Unloading plugin libnccl-net.so
use3a-ss-b200-gpu-149:98986:98986 [4] NCCL INFO comm 0x5fa8ed108800 rank 4 nranks 16 cudaDev 4 busId 97000 - Destroy COMPLETE
use3a-ss-b200-gpu-149:98986:98986 [4] NCCL INFO Unloading plugin libnccl-net.so
use3a-ss-b200-gpu-149:98989:98989 [7] NCCL INFO comm 0x5d4189546750 rank 7 nranks 16 cudaDev 7 busId ed000 - Destroy COMPLETE
use3a-ss-b200-gpu-149:98989:98989 [7] NCCL INFO Unloading plugin libnccl-net.so
use3a-ss-b200-gpu-150:98204:98204 [0] NCCL INFO comm 0x59c511cd2a20 rank 8 nranks 16 cudaDev 0 busId 17000 - Destroy COMPLETE
use3a-ss-b200-gpu-150:98204:98204 [0] NCCL INFO Unloading plugin libnccl-net.so
use3a-ss-b200-gpu-150:98205:98205 [1] NCCL INFO comm 0x585be4f363e0 rank 9 nranks 16 cudaDev 1 busId 3d000 - Destroy COMPLETE
use3a-ss-b200-gpu-150:98205:98205 [1] NCCL INFO Unloading plugin libnccl-net.so
use3a-ss-b200-gpu-150:98209:98209 [5] NCCL INFO comm 0x5b0953d46c70 rank 13 nranks 16 cudaDev 5 busId ba000 - Destroy COMPLETE
use3a-ss-b200-gpu-150:98209:98209 [5] NCCL INFO Unloading plugin libnccl-net.so
use3a-ss-b200-gpu-149:98982:98982 [0] NCCL INFO comm 0x63519a90af80 rank 0 nranks 16 cudaDev 0 busId 17000 - Destroy COMPLETE
use3a-ss-b200-gpu-149:98982:98982 [0] NCCL INFO Unloading plugin libnccl-net.so
use3a-ss-b200-gpu-149:98984:98984 [2] NCCL INFO comm 0x5e5c3571bc70 rank 2 nranks 16 cudaDev 2 busId 5f000 - Destroy COMPLETE
use3a-ss-b200-gpu-149:98984:98984 [2] NCCL INFO Unloading plugin libnccl-net.so
# Out of bounds values : 0 OK
# Avg bus bandwidth    : 18.8864 
#

use3a-ss-b200-gpu-150:98208:98208 [4] NCCL INFO ENV/Plugin: Closing env plugin ncclEnvDefault
use3a-ss-b200-gpu-149:98986:98986 [4] NCCL INFO ENV/Plugin: Closing env plugin ncclEnvDefault
use3a-ss-b200-gpu-150:98211:98211 [7] NCCL INFO ENV/Plugin: Closing env plugin ncclEnvDefault
use3a-ss-b200-gpu-150:98209:98209 [5] NCCL INFO ENV/Plugin: Closing env plugin ncclEnvDefault
use3a-ss-b200-gpu-149:98984:98984 [2] NCCL INFO ENV/Plugin: Closing env plugin ncclEnvDefault
use3a-ss-b200-gpu-149:98988:98988 [6] NCCL INFO ENV/Plugin: Closing env plugin ncclEnvDefault
use3a-ss-b200-gpu-149:98982:98982 [0] NCCL INFO ENV/Plugin: Closing env plugin ncclEnvDefault
use3a-ss-b200-gpu-150:98206:98206 [2] NCCL INFO ENV/Plugin: Closing env plugin ncclEnvDefault
use3a-ss-b200-gpu-150:98207:98207 [3] NCCL INFO ENV/Plugin: Closing env plugin ncclEnvDefault
use3a-ss-b200-gpu-150:98205:98205 [1] NCCL INFO ENV/Plugin: Closing env plugin ncclEnvDefault
use3a-ss-b200-gpu-149:98987:98987 [5] NCCL INFO ENV/Plugin: Closing env plugin ncclEnvDefault
use3a-ss-b200-gpu-149:98985:98985 [3] NCCL INFO ENV/Plugin: Closing env plugin ncclEnvDefault
use3a-ss-b200-gpu-149:98983:98983 [1] NCCL INFO ENV/Plugin: Closing env plugin ncclEnvDefault
use3a-ss-b200-gpu-150:98204:98204 [0] NCCL INFO ENV/Plugin: Closing env plugin ncclEnvDefault
use3a-ss-b200-gpu-150:98210:98210 [6] NCCL INFO ENV/Plugin: Closing env plugin ncclEnvDefault
use3a-ss-b200-gpu-149:98989:98989 [7] NCCL INFO ENV/Plugin: Closing env plugin ncclEnvDefault

>>> SendRecv at 64MB (405B activation tensor size)...
# nThread 1 nGpus 1 minBytes 67108864 maxBytes 67108864 step: 1048576(bytes) warmup iters: 5 iters: 100 agg iters: 1 validation: 1 graph: 0
#
# Using devices
#  Rank  0 Group  0 Pid  99386 on use3a-ss-b200-gpu-149 device  0 [0x17] NVIDIA B200
#  Rank  1 Group  0 Pid  99387 on use3a-ss-b200-gpu-149 device  1 [0x3d] NVIDIA B200
#  Rank  2 Group  0 Pid  99388 on use3a-ss-b200-gpu-149 device  2 [0x5f] NVIDIA B200
#  Rank  3 Group  0 Pid  99389 on use3a-ss-b200-gpu-149 device  3 [0x70] NVIDIA B200
#  Rank  4 Group  0 Pid  99390 on use3a-ss-b200-gpu-149 device  4 [0x97] NVIDIA B200
#  Rank  5 Group  0 Pid  99391 on use3a-ss-b200-gpu-149 device  5 [0xba] NVIDIA B200
#  Rank  6 Group  0 Pid  99392 on use3a-ss-b200-gpu-149 device  6 [0xdc] NVIDIA B200
#  Rank  7 Group  0 Pid  99393 on use3a-ss-b200-gpu-149 device  7 [0xed] NVIDIA B200
#  Rank  8 Group  0 Pid  98603 on use3a-ss-b200-gpu-150 device  0 [0x17] NVIDIA B200
#  Rank  9 Group  0 Pid  98604 on use3a-ss-b200-gpu-150 device  1 [0x3d] NVIDIA B200
#  Rank 10 Group  0 Pid  98605 on use3a-ss-b200-gpu-150 device  2 [0x5f] NVIDIA B200
#  Rank 11 Group  0 Pid  98606 on use3a-ss-b200-gpu-150 device  3 [0x70] NVIDIA B200
#  Rank 12 Group  0 Pid  98607 on use3a-ss-b200-gpu-150 device  4 [0x97] NVIDIA B200
#  Rank 13 Group  0 Pid  98608 on use3a-ss-b200-gpu-150 device  5 [0xba] NVIDIA B200
#  Rank 14 Group  0 Pid  98609 on use3a-ss-b200-gpu-150 device  6 [0xdc] NVIDIA B200
#  Rank 15 Group  0 Pid  98610 on use3a-ss-b200-gpu-150 device  7 [0xed] NVIDIA B200
use3a-ss-b200-gpu-149:99386:99386 [0] NCCL INFO ENV/Plugin: Could not find: libnccl-env.so
use3a-ss-b200-gpu-149:99386:99386 [0] NCCL INFO NCCL_SOCKET_IFNAME set by environment to bond0
use3a-ss-b200-gpu-149:99386:99386 [0] NCCL INFO Bootstrap: Using bond0:7.247.232.121<0>
use3a-ss-b200-gpu-149:99386:99386 [0] NCCL INFO cudaDriverVersion 12090
use3a-ss-b200-gpu-149:99386:99386 [0] NCCL INFO NCCL version 2.29.7+cuda12.9
use3a-ss-b200-gpu-149:99386:99386 [0] NCCL INFO NCCL git version stable b81d6a5a3
use3a-ss-b200-gpu-150:98608:98608 [5] NCCL INFO ENV/Plugin: Could not find: libnccl-env.so
use3a-ss-b200-gpu-150:98608:98608 [5] NCCL INFO cudaDriverVersion 12090
use3a-ss-b200-gpu-150:98608:98608 [5] NCCL INFO NCCL_SOCKET_IFNAME set by environment to bond0
use3a-ss-b200-gpu-150:98608:98608 [5] NCCL INFO Bootstrap: Using bond0:7.247.232.122<0>
use3a-ss-b200-gpu-150:98608:98608 [5] NCCL INFO NCCL version 2.29.7+cuda12.9
use3a-ss-b200-gpu-150:98608:98608 [5] NCCL INFO NCCL git version stable b81d6a5a3
use3a-ss-b200-gpu-149:99388:99388 [2] NCCL INFO ENV/Plugin: Could not find: libnccl-env.so
use3a-ss-b200-gpu-149:99388:99388 [2] NCCL INFO cudaDriverVersion 12090
use3a-ss-b200-gpu-150:98606:98606 [3] NCCL INFO ENV/Plugin: Could not find: libnccl-env.so
use3a-ss-b200-gpu-150:98606:98606 [3] NCCL INFO cudaDriverVersion 12090
use3a-ss-b200-gpu-150:98610:98610 [7] NCCL INFO ENV/Plugin: Could not find: libnccl-env.so
use3a-ss-b200-gpu-150:98610:98610 [7] NCCL INFO cudaDriverVersion 12090
use3a-ss-b200-gpu-150:98607:98607 [4] NCCL INFO ENV/Plugin: Could not find: libnccl-env.so
use3a-ss-b200-gpu-150:98607:98607 [4] NCCL INFO cudaDriverVersion 12090
use3a-ss-b200-gpu-150:98604:98604 [1] NCCL INFO ENV/Plugin: Could not find: libnccl-env.so
use3a-ss-b200-gpu-150:98604:98604 [1] NCCL INFO cudaDriverVersion 12090
use3a-ss-b200-gpu-149:99390:99390 [4] NCCL INFO ENV/Plugin: Could not find: libnccl-env.so
use3a-ss-b200-gpu-149:99390:99390 [4] NCCL INFO cudaDriverVersion 12090
use3a-ss-b200-gpu-149:99387:99387 [1] NCCL INFO ENV/Plugin: Could not find: libnccl-env.so
use3a-ss-b200-gpu-149:99387:99387 [1] NCCL INFO cudaDriverVersion 12090
use3a-ss-b200-gpu-150:98609:98609 [6] NCCL INFO ENV/Plugin: Could not find: libnccl-env.so
use3a-ss-b200-gpu-150:98609:98609 [6] NCCL INFO cudaDriverVersion 12090
use3a-ss-b200-gpu-149:99388:99388 [2] NCCL INFO NCCL_SOCKET_IFNAME set by environment to bond0
use3a-ss-b200-gpu-149:99388:99388 [2] NCCL INFO Bootstrap: Using bond0:7.247.232.121<0>
use3a-ss-b200-gpu-149:99388:99388 [2] NCCL INFO NCCL version 2.29.7+cuda12.9
use3a-ss-b200-gpu-149:99388:99388 [2] NCCL INFO NCCL git version stable b81d6a5a3
use3a-ss-b200-gpu-149:99393:99393 [7] NCCL INFO ENV/Plugin: Could not find: libnccl-env.so
use3a-ss-b200-gpu-149:99393:99393 [7] NCCL INFO cudaDriverVersion 12090
use3a-ss-b200-gpu-150:98606:98606 [3] NCCL INFO NCCL_SOCKET_IFNAME set by environment to bond0
use3a-ss-b200-gpu-150:98606:98606 [3] NCCL INFO Bootstrap: Using bond0:7.247.232.122<0>
use3a-ss-b200-gpu-150:98606:98606 [3] NCCL INFO NCCL version 2.29.7+cuda12.9
use3a-ss-b200-gpu-150:98606:98606 [3] NCCL INFO NCCL git version stable b81d6a5a3
use3a-ss-b200-gpu-149:99390:99390 [4] NCCL INFO NCCL_SOCKET_IFNAME set by environment to bond0
use3a-ss-b200-gpu-149:99390:99390 [4] NCCL INFO Bootstrap: Using bond0:7.247.232.121<0>
use3a-ss-b200-gpu-149:99390:99390 [4] NCCL INFO NCCL version 2.29.7+cuda12.9
use3a-ss-b200-gpu-149:99390:99390 [4] NCCL INFO NCCL git version stable b81d6a5a3
use3a-ss-b200-gpu-150:98605:98605 [2] NCCL INFO ENV/Plugin: Could not find: libnccl-env.so
use3a-ss-b200-gpu-150:98605:98605 [2] NCCL INFO cudaDriverVersion 12090
use3a-ss-b200-gpu-150:98610:98610 [7] NCCL INFO NCCL_SOCKET_IFNAME set by environment to bond0
use3a-ss-b200-gpu-150:98610:98610 [7] NCCL INFO Bootstrap: Using bond0:7.247.232.122<0>
use3a-ss-b200-gpu-150:98610:98610 [7] NCCL INFO NCCL version 2.29.7+cuda12.9
use3a-ss-b200-gpu-150:98610:98610 [7] NCCL INFO NCCL git version stable b81d6a5a3
use3a-ss-b200-gpu-149:99392:99392 [6] NCCL INFO ENV/Plugin: Could not find: libnccl-env.so
use3a-ss-b200-gpu-149:99392:99392 [6] NCCL INFO cudaDriverVersion 12090
use3a-ss-b200-gpu-150:98603:98603 [0] NCCL INFO ENV/Plugin: Could not find: libnccl-env.so
use3a-ss-b200-gpu-150:98603:98603 [0] NCCL INFO cudaDriverVersion 12090
use3a-ss-b200-gpu-150:98607:98607 [4] NCCL INFO NCCL_SOCKET_IFNAME set by environment to bond0
use3a-ss-b200-gpu-150:98604:98604 [1] NCCL INFO NCCL_SOCKET_IFNAME set by environment to bond0
use3a-ss-b200-gpu-150:98607:98607 [4] NCCL INFO Bootstrap: Using bond0:7.247.232.122<0>
use3a-ss-b200-gpu-150:98607:98607 [4] NCCL INFO NCCL version 2.29.7+cuda12.9
use3a-ss-b200-gpu-150:98607:98607 [4] NCCL INFO NCCL git version stable b81d6a5a3
use3a-ss-b200-gpu-150:98604:98604 [1] NCCL INFO Bootstrap: Using bond0:7.247.232.122<0>
use3a-ss-b200-gpu-150:98604:98604 [1] NCCL INFO NCCL version 2.29.7+cuda12.9
use3a-ss-b200-gpu-150:98604:98604 [1] NCCL INFO NCCL git version stable b81d6a5a3
use3a-ss-b200-gpu-149:99391:99391 [5] NCCL INFO ENV/Plugin: Could not find: libnccl-env.so
use3a-ss-b200-gpu-149:99391:99391 [5] NCCL INFO cudaDriverVersion 12090
use3a-ss-b200-gpu-150:98609:98609 [6] NCCL INFO NCCL_SOCKET_IFNAME set by environment to bond0
use3a-ss-b200-gpu-150:98609:98609 [6] NCCL INFO Bootstrap: Using bond0:7.247.232.122<0>
use3a-ss-b200-gpu-150:98609:98609 [6] NCCL INFO NCCL version 2.29.7+cuda12.9
use3a-ss-b200-gpu-150:98609:98609 [6] NCCL INFO NCCL git version stable b81d6a5a3
use3a-ss-b200-gpu-149:99387:99387 [1] NCCL INFO NCCL_SOCKET_IFNAME set by environment to bond0
use3a-ss-b200-gpu-149:99387:99387 [1] NCCL INFO Bootstrap: Using bond0:7.247.232.121<0>
use3a-ss-b200-gpu-149:99387:99387 [1] NCCL INFO NCCL version 2.29.7+cuda12.9
use3a-ss-b200-gpu-149:99387:99387 [1] NCCL INFO NCCL git version stable b81d6a5a3
use3a-ss-b200-gpu-150:98605:98605 [2] NCCL INFO NCCL_SOCKET_IFNAME set by environment to bond0
use3a-ss-b200-gpu-150:98603:98603 [0] NCCL INFO NCCL_SOCKET_IFNAME set by environment to bond0
use3a-ss-b200-gpu-150:98605:98605 [2] NCCL INFO Bootstrap: Using bond0:7.247.232.122<0>
use3a-ss-b200-gpu-150:98605:98605 [2] NCCL INFO NCCL version 2.29.7+cuda12.9
use3a-ss-b200-gpu-150:98605:98605 [2] NCCL INFO NCCL git version stable b81d6a5a3
use3a-ss-b200-gpu-150:98603:98603 [0] NCCL INFO Bootstrap: Using bond0:7.247.232.122<0>
use3a-ss-b200-gpu-150:98603:98603 [0] NCCL INFO NCCL version 2.29.7+cuda12.9
use3a-ss-b200-gpu-150:98603:98603 [0] NCCL INFO NCCL git version stable b81d6a5a3
use3a-ss-b200-gpu-149:99389:99389 [3] NCCL INFO ENV/Plugin: Could not find: libnccl-env.so
use3a-ss-b200-gpu-149:99389:99389 [3] NCCL INFO cudaDriverVersion 12090
use3a-ss-b200-gpu-149:99391:99391 [5] NCCL INFO NCCL_SOCKET_IFNAME set by environment to bond0
use3a-ss-b200-gpu-149:99391:99391 [5] NCCL INFO Bootstrap: Using bond0:7.247.232.121<0>
use3a-ss-b200-gpu-149:99391:99391 [5] NCCL INFO NCCL version 2.29.7+cuda12.9
use3a-ss-b200-gpu-149:99391:99391 [5] NCCL INFO NCCL git version stable b81d6a5a3
use3a-ss-b200-gpu-149:99392:99392 [6] NCCL INFO NCCL_SOCKET_IFNAME set by environment to bond0
use3a-ss-b200-gpu-149:99392:99392 [6] NCCL INFO Bootstrap: Using bond0:7.247.232.121<0>
use3a-ss-b200-gpu-149:99392:99392 [6] NCCL INFO NCCL version 2.29.7+cuda12.9
use3a-ss-b200-gpu-149:99392:99392 [6] NCCL INFO NCCL git version stable b81d6a5a3
use3a-ss-b200-gpu-149:99393:99393 [7] NCCL INFO NCCL_SOCKET_IFNAME set by environment to bond0
use3a-ss-b200-gpu-149:99393:99393 [7] NCCL INFO Bootstrap: Using bond0:7.247.232.121<0>
use3a-ss-b200-gpu-149:99393:99393 [7] NCCL INFO NCCL version 2.29.7+cuda12.9
use3a-ss-b200-gpu-149:99393:99393 [7] NCCL INFO NCCL git version stable b81d6a5a3
use3a-ss-b200-gpu-149:99389:99389 [3] NCCL INFO NCCL_SOCKET_IFNAME set by environment to bond0
use3a-ss-b200-gpu-149:99389:99389 [3] NCCL INFO Bootstrap: Using bond0:7.247.232.121<0>
use3a-ss-b200-gpu-149:99389:99389 [3] NCCL INFO NCCL version 2.29.7+cuda12.9
use3a-ss-b200-gpu-149:99389:99389 [3] NCCL INFO NCCL git version stable b81d6a5a3
use3a-ss-b200-gpu-149:99386:99386 [0] NCCL INFO NET/Plugin: Loaded net plugin NCCL RDMA Plugin v8 (v8)
use3a-ss-b200-gpu-149:99386:99386 [0] NCCL INFO NET/Plugin: Loaded collnet plugin SHARP (v8)
use3a-ss-b200-gpu-149:99386:99386 [0] NCCL INFO Successfully loaded external network plugin /opt/hpcx/nccl_rdma_sharp_plugin/lib/libnccl-net.so
use3a-ss-b200-gpu-149:99386:99386 [0] NCCL INFO Plugin Path : /opt/hpcx/nccl_rdma_sharp_plugin/lib/libnccl-net.so
use3a-ss-b200-gpu-149:99386:99386 [0] NCCL INFO P2P plugin IBext_v8
use3a-ss-b200-gpu-149:99386:99386 [0] NCCL INFO NCCL_SOCKET_IFNAME set by environment to bond0
use3a-ss-b200-gpu-150:98608:98608 [5] NCCL INFO NET/Plugin: Loaded net plugin NCCL RDMA Plugin v8 (v8)
use3a-ss-b200-gpu-150:98608:98608 [5] NCCL INFO NET/Plugin: Loaded collnet plugin SHARP (v8)
use3a-ss-b200-gpu-150:98608:98608 [5] NCCL INFO Successfully loaded external network plugin /opt/hpcx/nccl_rdma_sharp_plugin/lib/libnccl-net.so
use3a-ss-b200-gpu-150:98608:98608 [5] NCCL INFO Plugin Path : /opt/hpcx/nccl_rdma_sharp_plugin/lib/libnccl-net.so
use3a-ss-b200-gpu-150:98608:98608 [5] NCCL INFO P2P plugin IBext_v8
use3a-ss-b200-gpu-150:98608:98608 [5] NCCL INFO NCCL_SOCKET_IFNAME set by environment to bond0
use3a-ss-b200-gpu-149:99388:99388 [2] NCCL INFO NET/Plugin: Loaded net plugin NCCL RDMA Plugin v8 (v8)
use3a-ss-b200-gpu-149:99388:99388 [2] NCCL INFO NET/Plugin: Loaded collnet plugin SHARP (v8)
use3a-ss-b200-gpu-149:99388:99388 [2] NCCL INFO Successfully loaded external network plugin /opt/hpcx/nccl_rdma_sharp_plugin/lib/libnccl-net.so
use3a-ss-b200-gpu-149:99388:99388 [2] NCCL INFO Plugin Path : /opt/hpcx/nccl_rdma_sharp_plugin/lib/libnccl-net.so
use3a-ss-b200-gpu-149:99388:99388 [2] NCCL INFO P2P plugin IBext_v8
use3a-ss-b200-gpu-149:99388:99388 [2] NCCL INFO NCCL_SOCKET_IFNAME set by environment to bond0
use3a-ss-b200-gpu-149:99386:99386 [0] NCCL INFO NET/IB : Using [0]mlx5_0:1/IB/SHARP [1]mlx5_1:1/IB/SHARP [2]mlx5_4:1/IB/SHARP [3]mlx5_5:1/IB/SHARP [4]mlx5_6:1/IB/SHARP [5]mlx5_11:1/IB/SHARP [6]mlx5_14:1/IB/SHARP [7]mlx5_15:1/IB/SHARP [RO]; OOB bond0:7.247.232.121<0>
use3a-ss-b200-gpu-149:99386:99386 [0] NCCL INFO Initialized NET plugin NCCL RDMA Plugin v8
use3a-ss-b200-gpu-149:99386:99386 [0] NCCL INFO Assigned NET plugin NCCL RDMA Plugin v8 to comm
use3a-ss-b200-gpu-149:99386:99386 [0] NCCL INFO GIN/Plugin: Could not find: libnccl-gin.so
use3a-ss-b200-gpu-149:99386:99386 [0] NCCL INFO Successfully loaded external gin plugin /opt/hpcx/nccl_rdma_sharp_plugin/lib/libnccl-net.so
use3a-ss-b200-gpu-149:99386:99386 [0] NCCL INFO NCCL_SOCKET_IFNAME set by environment to bond0
use3a-ss-b200-gpu-149:99386:99386 [0] NCCL INFO NCCL_IB_HCA set to =mlx5_0:1,mlx5_1:1,mlx5_4:1,mlx5_5:1,mlx5_6:1,mlx5_11:1,mlx5_14:1,mlx5_15:1
use3a-ss-b200-gpu-150:98608:98608 [5] NCCL INFO NET/IB : Using [0]mlx5_0:1/IB/SHARP [1]mlx5_1:1/IB/SHARP [2]mlx5_4:1/IB/SHARP [3]mlx5_5:1/IB/SHARP [4]mlx5_6:1/IB/SHARP [5]mlx5_11:1/IB/SHARP [6]mlx5_14:1/IB/SHARP [7]mlx5_15:1/IB/SHARP [RO]; OOB bond0:7.247.232.122<0>
use3a-ss-b200-gpu-150:98608:98608 [5] NCCL INFO Initialized NET plugin NCCL RDMA Plugin v8
use3a-ss-b200-gpu-150:98608:98608 [5] NCCL INFO Assigned NET plugin NCCL RDMA Plugin v8 to comm
use3a-ss-b200-gpu-150:98608:98608 [5] NCCL INFO GIN/Plugin: Could not find: libnccl-gin.so
use3a-ss-b200-gpu-150:98608:98608 [5] NCCL INFO Successfully loaded external gin plugin /opt/hpcx/nccl_rdma_sharp_plugin/lib/libnccl-net.so
use3a-ss-b200-gpu-150:98608:98608 [5] NCCL INFO NCCL_SOCKET_IFNAME set by environment to bond0
use3a-ss-b200-gpu-150:98608:98608 [5] NCCL INFO NCCL_IB_HCA set to =mlx5_0:1,mlx5_1:1,mlx5_4:1,mlx5_5:1,mlx5_6:1,mlx5_11:1,mlx5_14:1,mlx5_15:1
use3a-ss-b200-gpu-149:99390:99390 [4] NCCL INFO NET/Plugin: Loaded net plugin NCCL RDMA Plugin v8 (v8)
use3a-ss-b200-gpu-149:99390:99390 [4] NCCL INFO NET/Plugin: Loaded collnet plugin SHARP (v8)
use3a-ss-b200-gpu-149:99390:99390 [4] NCCL INFO Successfully loaded external network plugin /opt/hpcx/nccl_rdma_sharp_plugin/lib/libnccl-net.so
use3a-ss-b200-gpu-149:99390:99390 [4] NCCL INFO Plugin Path : /opt/hpcx/nccl_rdma_sharp_plugin/lib/libnccl-net.so
use3a-ss-b200-gpu-149:99390:99390 [4] NCCL INFO P2P plugin IBext_v8
use3a-ss-b200-gpu-149:99390:99390 [4] NCCL INFO NCCL_SOCKET_IFNAME set by environment to bond0
use3a-ss-b200-gpu-150:98606:98606 [3] NCCL INFO NET/Plugin: Loaded net plugin NCCL RDMA Plugin v8 (v8)
use3a-ss-b200-gpu-150:98606:98606 [3] NCCL INFO NET/Plugin: Loaded collnet plugin SHARP (v8)
use3a-ss-b200-gpu-150:98606:98606 [3] NCCL INFO Successfully loaded external network plugin /opt/hpcx/nccl_rdma_sharp_plugin/lib/libnccl-net.so
use3a-ss-b200-gpu-150:98606:98606 [3] NCCL INFO Plugin Path : /opt/hpcx/nccl_rdma_sharp_plugin/lib/libnccl-net.so
use3a-ss-b200-gpu-150:98606:98606 [3] NCCL INFO P2P plugin IBext_v8
use3a-ss-b200-gpu-150:98606:98606 [3] NCCL INFO NCCL_SOCKET_IFNAME set by environment to bond0
use3a-ss-b200-gpu-150:98610:98610 [7] NCCL INFO NET/Plugin: Loaded net plugin NCCL RDMA Plugin v8 (v8)
use3a-ss-b200-gpu-150:98610:98610 [7] NCCL INFO NET/Plugin: Loaded collnet plugin SHARP (v8)
use3a-ss-b200-gpu-150:98610:98610 [7] NCCL INFO Successfully loaded external network plugin /opt/hpcx/nccl_rdma_sharp_plugin/lib/libnccl-net.so
use3a-ss-b200-gpu-150:98610:98610 [7] NCCL INFO Plugin Path : /opt/hpcx/nccl_rdma_sharp_plugin/lib/libnccl-net.so
use3a-ss-b200-gpu-150:98610:98610 [7] NCCL INFO P2P plugin IBext_v8
use3a-ss-b200-gpu-150:98610:98610 [7] NCCL INFO NCCL_SOCKET_IFNAME set by environment to bond0
use3a-ss-b200-gpu-150:98607:98607 [4] NCCL INFO NET/Plugin: Loaded net plugin NCCL RDMA Plugin v8 (v8)
use3a-ss-b200-gpu-150:98607:98607 [4] NCCL INFO NET/Plugin: Loaded collnet plugin SHARP (v8)
use3a-ss-b200-gpu-150:98607:98607 [4] NCCL INFO Successfully loaded external network plugin /opt/hpcx/nccl_rdma_sharp_plugin/lib/libnccl-net.so
use3a-ss-b200-gpu-150:98607:98607 [4] NCCL INFO Plugin Path : /opt/hpcx/nccl_rdma_sharp_plugin/lib/libnccl-net.so
use3a-ss-b200-gpu-150:98607:98607 [4] NCCL INFO P2P plugin IBext_v8
use3a-ss-b200-gpu-150:98607:98607 [4] NCCL INFO NCCL_SOCKET_IFNAME set by environment to bond0
use3a-ss-b200-gpu-150:98604:98604 [1] NCCL INFO NET/Plugin: Loaded net plugin NCCL RDMA Plugin v8 (v8)
use3a-ss-b200-gpu-150:98604:98604 [1] NCCL INFO NET/Plugin: Loaded collnet plugin SHARP (v8)
use3a-ss-b200-gpu-150:98604:98604 [1] NCCL INFO Successfully loaded external network plugin /opt/hpcx/nccl_rdma_sharp_plugin/lib/libnccl-net.so
use3a-ss-b200-gpu-150:98604:98604 [1] NCCL INFO Plugin Path : /opt/hpcx/nccl_rdma_sharp_plugin/lib/libnccl-net.so
use3a-ss-b200-gpu-150:98604:98604 [1] NCCL INFO P2P plugin IBext_v8
use3a-ss-b200-gpu-150:98604:98604 [1] NCCL INFO NCCL_SOCKET_IFNAME set by environment to bond0
use3a-ss-b200-gpu-150:98609:98609 [6] NCCL INFO NET/Plugin: Loaded net plugin NCCL RDMA Plugin v8 (v8)
use3a-ss-b200-gpu-150:98609:98609 [6] NCCL INFO NET/Plugin: Loaded collnet plugin SHARP (v8)
use3a-ss-b200-gpu-150:98609:98609 [6] NCCL INFO Successfully loaded external network plugin /opt/hpcx/nccl_rdma_sharp_plugin/lib/libnccl-net.so
use3a-ss-b200-gpu-150:98609:98609 [6] NCCL INFO Plugin Path : /opt/hpcx/nccl_rdma_sharp_plugin/lib/libnccl-net.so
use3a-ss-b200-gpu-150:98609:98609 [6] NCCL INFO P2P plugin IBext_v8
use3a-ss-b200-gpu-150:98609:98609 [6] NCCL INFO NCCL_SOCKET_IFNAME set by environment to bond0
use3a-ss-b200-gpu-150:98603:98603 [0] NCCL INFO NET/Plugin: Loaded net plugin NCCL RDMA Plugin v8 (v8)
use3a-ss-b200-gpu-150:98603:98603 [0] NCCL INFO NET/Plugin: Loaded collnet plugin SHARP (v8)
use3a-ss-b200-gpu-150:98603:98603 [0] NCCL INFO Successfully loaded external network plugin /opt/hpcx/nccl_rdma_sharp_plugin/lib/libnccl-net.so
use3a-ss-b200-gpu-150:98603:98603 [0] NCCL INFO Plugin Path : /opt/hpcx/nccl_rdma_sharp_plugin/lib/libnccl-net.so
use3a-ss-b200-gpu-150:98603:98603 [0] NCCL INFO P2P plugin IBext_v8
use3a-ss-b200-gpu-150:98603:98603 [0] NCCL INFO NCCL_SOCKET_IFNAME set by environment to bond0
use3a-ss-b200-gpu-150:98605:98605 [2] NCCL INFO NET/Plugin: Loaded net plugin NCCL RDMA Plugin v8 (v8)
use3a-ss-b200-gpu-150:98605:98605 [2] NCCL INFO NET/Plugin: Loaded collnet plugin SHARP (v8)
use3a-ss-b200-gpu-150:98605:98605 [2] NCCL INFO Successfully loaded external network plugin /opt/hpcx/nccl_rdma_sharp_plugin/lib/libnccl-net.so
use3a-ss-b200-gpu-150:98605:98605 [2] NCCL INFO Plugin Path : /opt/hpcx/nccl_rdma_sharp_plugin/lib/libnccl-net.so
use3a-ss-b200-gpu-150:98605:98605 [2] NCCL INFO P2P plugin IBext_v8
use3a-ss-b200-gpu-150:98605:98605 [2] NCCL INFO NCCL_SOCKET_IFNAME set by environment to bond0
use3a-ss-b200-gpu-149:99388:99388 [2] NCCL INFO NET/IB : Using [0]mlx5_0:1/IB/SHARP [1]mlx5_1:1/IB/SHARP [2]mlx5_4:1/IB/SHARP [3]mlx5_5:1/IB/SHARP [4]mlx5_6:1/IB/SHARP [5]mlx5_11:1/IB/SHARP [6]mlx5_14:1/IB/SHARP [7]mlx5_15:1/IB/SHARP [RO]; OOB bond0:7.247.232.121<0>
use3a-ss-b200-gpu-149:99388:99388 [2] NCCL INFO Initialized NET plugin NCCL RDMA Plugin v8
use3a-ss-b200-gpu-149:99388:99388 [2] NCCL INFO Assigned NET plugin NCCL RDMA Plugin v8 to comm
use3a-ss-b200-gpu-149:99388:99388 [2] NCCL INFO GIN/Plugin: Could not find: libnccl-gin.so
use3a-ss-b200-gpu-149:99388:99388 [2] NCCL INFO Successfully loaded external gin plugin /opt/hpcx/nccl_rdma_sharp_plugin/lib/libnccl-net.so
use3a-ss-b200-gpu-149:99388:99388 [2] NCCL INFO NCCL_SOCKET_IFNAME set by environment to bond0
use3a-ss-b200-gpu-149:99388:99388 [2] NCCL INFO NCCL_IB_HCA set to =mlx5_0:1,mlx5_1:1,mlx5_4:1,mlx5_5:1,mlx5_6:1,mlx5_11:1,mlx5_14:1,mlx5_15:1
use3a-ss-b200-gpu-149:99386:99386 [0] NCCL INFO NET/IB : Using [0]mlx5_0:1/IB [1]mlx5_1:1/IB [2]mlx5_4:1/IB [3]mlx5_5:1/IB [4]mlx5_6:1/IB [5]mlx5_11:1/IB [6]mlx5_14:1/IB [7]mlx5_15:1/IB [RO]; OOB bond0:7.247.232.121<0>
use3a-ss-b200-gpu-149:99386:99386 [0] NCCL INFO Assigned GIN plugin GIN_IB_GDAKI to comm
use3a-ss-b200-gpu-149:99386:99386 [0] NCCL INFO Assigned RMA plugin GIN_IB_PROXY to comm
use3a-ss-b200-gpu-149:99386:99386 [0] NCCL INFO Using network NCCL RDMA Plugin v8
use3a-ss-b200-gpu-149:99387:99387 [1] NCCL INFO NET/Plugin: Loaded net plugin NCCL RDMA Plugin v8 (v8)
use3a-ss-b200-gpu-149:99387:99387 [1] NCCL INFO NET/Plugin: Loaded collnet plugin SHARP (v8)
use3a-ss-b200-gpu-149:99387:99387 [1] NCCL INFO Successfully loaded external network plugin /opt/hpcx/nccl_rdma_sharp_plugin/lib/libnccl-net.so
use3a-ss-b200-gpu-149:99387:99387 [1] NCCL INFO Plugin Path : /opt/hpcx/nccl_rdma_sharp_plugin/lib/libnccl-net.so
use3a-ss-b200-gpu-149:99387:99387 [1] NCCL INFO P2P plugin IBext_v8
use3a-ss-b200-gpu-149:99387:99387 [1] NCCL INFO NCCL_SOCKET_IFNAME set by environment to bond0
use3a-ss-b200-gpu-150:98608:98608 [5] NCCL INFO NET/IB : Using [0]mlx5_0:1/IB [1]mlx5_1:1/IB [2]mlx5_4:1/IB [3]mlx5_5:1/IB [4]mlx5_6:1/IB [5]mlx5_11:1/IB [6]mlx5_14:1/IB [7]mlx5_15:1/IB [RO]; OOB bond0:7.247.232.122<0>
use3a-ss-b200-gpu-150:98608:98608 [5] NCCL INFO Assigned GIN plugin GIN_IB_GDAKI to comm
use3a-ss-b200-gpu-150:98608:98608 [5] NCCL INFO Assigned RMA plugin GIN_IB_PROXY to comm
use3a-ss-b200-gpu-150:98608:98608 [5] NCCL INFO Using network NCCL RDMA Plugin v8
use3a-ss-b200-gpu-149:99390:99390 [4] NCCL INFO NET/IB : Using [0]mlx5_0:1/IB/SHARP [1]mlx5_1:1/IB/SHARP [2]mlx5_4:1/IB/SHARP [3]mlx5_5:1/IB/SHARP [4]mlx5_6:1/IB/SHARP [5]mlx5_11:1/IB/SHARP [6]mlx5_14:1/IB/SHARP [7]mlx5_15:1/IB/SHARP [RO]; OOB bond0:7.247.232.121<0>
use3a-ss-b200-gpu-149:99390:99390 [4] NCCL INFO Initialized NET plugin NCCL RDMA Plugin v8
use3a-ss-b200-gpu-149:99390:99390 [4] NCCL INFO Assigned NET plugin NCCL RDMA Plugin v8 to comm
use3a-ss-b200-gpu-149:99390:99390 [4] NCCL INFO GIN/Plugin: Could not find: libnccl-gin.so
use3a-ss-b200-gpu-149:99390:99390 [4] NCCL INFO Successfully loaded external gin plugin /opt/hpcx/nccl_rdma_sharp_plugin/lib/libnccl-net.so
use3a-ss-b200-gpu-150:98606:98606 [3] NCCL INFO NET/IB : Using [0]mlx5_0:1/IB/SHARP [1]mlx5_1:1/IB/SHARP [2]mlx5_4:1/IB/SHARP [3]mlx5_5:1/IB/SHARP [4]mlx5_6:1/IB/SHARP [5]mlx5_11:1/IB/SHARP [6]mlx5_14:1/IB/SHARP [7]mlx5_15:1/IB/SHARP [RO]; OOB bond0:7.247.232.122<0>
use3a-ss-b200-gpu-150:98606:98606 [3] NCCL INFO Initialized NET plugin NCCL RDMA Plugin v8
use3a-ss-b200-gpu-150:98606:98606 [3] NCCL INFO Assigned NET plugin NCCL RDMA Plugin v8 to comm
use3a-ss-b200-gpu-149:99390:99390 [4] NCCL INFO NCCL_SOCKET_IFNAME set by environment to bond0
use3a-ss-b200-gpu-150:98606:98606 [3] NCCL INFO GIN/Plugin: Could not find: libnccl-gin.so
use3a-ss-b200-gpu-150:98606:98606 [3] NCCL INFO Successfully loaded external gin plugin /opt/hpcx/nccl_rdma_sharp_plugin/lib/libnccl-net.so
use3a-ss-b200-gpu-149:99390:99390 [4] NCCL INFO NCCL_IB_HCA set to =mlx5_0:1,mlx5_1:1,mlx5_4:1,mlx5_5:1,mlx5_6:1,mlx5_11:1,mlx5_14:1,mlx5_15:1
use3a-ss-b200-gpu-150:98606:98606 [3] NCCL INFO NCCL_SOCKET_IFNAME set by environment to bond0
use3a-ss-b200-gpu-150:98606:98606 [3] NCCL INFO NCCL_IB_HCA set to =mlx5_0:1,mlx5_1:1,mlx5_4:1,mlx5_5:1,mlx5_6:1,mlx5_11:1,mlx5_14:1,mlx5_15:1
use3a-ss-b200-gpu-150:98610:98610 [7] NCCL INFO NET/IB : Using [0]mlx5_0:1/IB/SHARP [1]mlx5_1:1/IB/SHARP [2]mlx5_4:1/IB/SHARP [3]mlx5_5:1/IB/SHARP [4]mlx5_6:1/IB/SHARP [5]mlx5_11:1/IB/SHARP [6]mlx5_14:1/IB/SHARP [7]mlx5_15:1/IB/SHARP [RO]; OOB bond0:7.247.232.122<0>
use3a-ss-b200-gpu-150:98610:98610 [7] NCCL INFO Initialized NET plugin NCCL RDMA Plugin v8
use3a-ss-b200-gpu-150:98610:98610 [7] NCCL INFO Assigned NET plugin NCCL RDMA Plugin v8 to comm
use3a-ss-b200-gpu-150:98610:98610 [7] NCCL INFO GIN/Plugin: Could not find: libnccl-gin.so
use3a-ss-b200-gpu-150:98610:98610 [7] NCCL INFO Successfully loaded external gin plugin /opt/hpcx/nccl_rdma_sharp_plugin/lib/libnccl-net.so
use3a-ss-b200-gpu-150:98610:98610 [7] NCCL INFO NCCL_SOCKET_IFNAME set by environment to bond0
use3a-ss-b200-gpu-150:98610:98610 [7] NCCL INFO NCCL_IB_HCA set to =mlx5_0:1,mlx5_1:1,mlx5_4:1,mlx5_5:1,mlx5_6:1,mlx5_11:1,mlx5_14:1,mlx5_15:1
use3a-ss-b200-gpu-149:99391:99391 [5] NCCL INFO NET/Plugin: Loaded net plugin NCCL RDMA Plugin v8 (v8)
use3a-ss-b200-gpu-149:99391:99391 [5] NCCL INFO NET/Plugin: Loaded collnet plugin SHARP (v8)
use3a-ss-b200-gpu-149:99391:99391 [5] NCCL INFO Successfully loaded external network plugin /opt/hpcx/nccl_rdma_sharp_plugin/lib/libnccl-net.so
use3a-ss-b200-gpu-149:99391:99391 [5] NCCL INFO Plugin Path : /opt/hpcx/nccl_rdma_sharp_plugin/lib/libnccl-net.so
use3a-ss-b200-gpu-149:99391:99391 [5] NCCL INFO P2P plugin IBext_v8
use3a-ss-b200-gpu-149:99391:99391 [5] NCCL INFO NCCL_SOCKET_IFNAME set by environment to bond0
use3a-ss-b200-gpu-150:98607:98607 [4] NCCL INFO NET/IB : Using [0]mlx5_0:1/IB/SHARP [1]mlx5_1:1/IB/SHARP [2]mlx5_4:1/IB/SHARP [3]mlx5_5:1/IB/SHARP [4]mlx5_6:1/IB/SHARP [5]mlx5_11:1/IB/SHARP [6]mlx5_14:1/IB/SHARP [7]mlx5_15:1/IB/SHARP [RO]; OOB bond0:7.247.232.122<0>
use3a-ss-b200-gpu-150:98607:98607 [4] NCCL INFO Initialized NET plugin NCCL RDMA Plugin v8
use3a-ss-b200-gpu-150:98607:98607 [4] NCCL INFO Assigned NET plugin NCCL RDMA Plugin v8 to comm
use3a-ss-b200-gpu-150:98607:98607 [4] NCCL INFO GIN/Plugin: Could not find: libnccl-gin.so
use3a-ss-b200-gpu-150:98607:98607 [4] NCCL INFO Successfully loaded external gin plugin /opt/hpcx/nccl_rdma_sharp_plugin/lib/libnccl-net.so
use3a-ss-b200-gpu-150:98604:98604 [1] NCCL INFO NET/IB : Using [0]mlx5_0:1/IB/SHARP [1]mlx5_1:1/IB/SHARP [2]mlx5_4:1/IB/SHARP [3]mlx5_5:1/IB/SHARP [4]mlx5_6:1/IB/SHARP [5]mlx5_11:1/IB/SHARP [6]mlx5_14:1/IB/SHARP [7]mlx5_15:1/IB/SHARP [RO]; OOB bond0:7.247.232.122<0>
use3a-ss-b200-gpu-150:98604:98604 [1] NCCL INFO Initialized NET plugin NCCL RDMA Plugin v8
use3a-ss-b200-gpu-150:98604:98604 [1] NCCL INFO Assigned NET plugin NCCL RDMA Plugin v8 to comm
use3a-ss-b200-gpu-150:98607:98607 [4] NCCL INFO NCCL_SOCKET_IFNAME set by environment to bond0
use3a-ss-b200-gpu-150:98604:98604 [1] NCCL INFO GIN/Plugin: Could not find: libnccl-gin.so
use3a-ss-b200-gpu-150:98604:98604 [1] NCCL INFO Successfully loaded external gin plugin /opt/hpcx/nccl_rdma_sharp_plugin/lib/libnccl-net.so
use3a-ss-b200-gpu-150:98607:98607 [4] NCCL INFO NCCL_IB_HCA set to =mlx5_0:1,mlx5_1:1,mlx5_4:1,mlx5_5:1,mlx5_6:1,mlx5_11:1,mlx5_14:1,mlx5_15:1
use3a-ss-b200-gpu-150:98609:98609 [6] NCCL INFO NET/IB : Using [0]mlx5_0:1/IB/SHARP [1]mlx5_1:1/IB/SHARP [2]mlx5_4:1/IB/SHARP [3]mlx5_5:1/IB/SHARP [4]mlx5_6:1/IB/SHARP [5]mlx5_11:1/IB/SHARP [6]mlx5_14:1/IB/SHARP [7]mlx5_15:1/IB/SHARP [RO]; OOB bond0:7.247.232.122<0>
use3a-ss-b200-gpu-150:98609:98609 [6] NCCL INFO Initialized NET plugin NCCL RDMA Plugin v8
use3a-ss-b200-gpu-150:98609:98609 [6] NCCL INFO Assigned NET plugin NCCL RDMA Plugin v8 to comm
use3a-ss-b200-gpu-150:98604:98604 [1] NCCL INFO NCCL_SOCKET_IFNAME set by environment to bond0
use3a-ss-b200-gpu-150:98609:98609 [6] NCCL INFO GIN/Plugin: Could not find: libnccl-gin.so
use3a-ss-b200-gpu-150:98609:98609 [6] NCCL INFO Successfully loaded external gin plugin /opt/hpcx/nccl_rdma_sharp_plugin/lib/libnccl-net.so
use3a-ss-b200-gpu-150:98604:98604 [1] NCCL INFO NCCL_IB_HCA set to =mlx5_0:1,mlx5_1:1,mlx5_4:1,mlx5_5:1,mlx5_6:1,mlx5_11:1,mlx5_14:1,mlx5_15:1
use3a-ss-b200-gpu-149:99389:99389 [3] NCCL INFO NET/Plugin: Loaded net plugin NCCL RDMA Plugin v8 (v8)
use3a-ss-b200-gpu-149:99389:99389 [3] NCCL INFO NET/Plugin: Loaded collnet plugin SHARP (v8)
use3a-ss-b200-gpu-149:99389:99389 [3] NCCL INFO Successfully loaded external network plugin /opt/hpcx/nccl_rdma_sharp_plugin/lib/libnccl-net.so
use3a-ss-b200-gpu-149:99389:99389 [3] NCCL INFO Plugin Path : /opt/hpcx/nccl_rdma_sharp_plugin/lib/libnccl-net.so
use3a-ss-b200-gpu-149:99389:99389 [3] NCCL INFO P2P plugin IBext_v8
use3a-ss-b200-gpu-149:99389:99389 [3] NCCL INFO NCCL_SOCKET_IFNAME set by environment to bond0
use3a-ss-b200-gpu-149:99393:99393 [7] NCCL INFO NET/Plugin: Loaded net plugin NCCL RDMA Plugin v8 (v8)
use3a-ss-b200-gpu-149:99393:99393 [7] NCCL INFO NET/Plugin: Loaded collnet plugin SHARP (v8)
use3a-ss-b200-gpu-149:99393:99393 [7] NCCL INFO Successfully loaded external network plugin /opt/hpcx/nccl_rdma_sharp_plugin/lib/libnccl-net.so
use3a-ss-b200-gpu-149:99393:99393 [7] NCCL INFO Plugin Path : /opt/hpcx/nccl_rdma_sharp_plugin/lib/libnccl-net.so
use3a-ss-b200-gpu-149:99393:99393 [7] NCCL INFO P2P plugin IBext_v8
use3a-ss-b200-gpu-149:99393:99393 [7] NCCL INFO NCCL_SOCKET_IFNAME set by environment to bond0
use3a-ss-b200-gpu-150:98609:98609 [6] NCCL INFO NCCL_SOCKET_IFNAME set by environment to bond0
use3a-ss-b200-gpu-149:99392:99392 [6] NCCL INFO NET/Plugin: Loaded net plugin NCCL RDMA Plugin v8 (v8)
use3a-ss-b200-gpu-149:99392:99392 [6] NCCL INFO NET/Plugin: Loaded collnet plugin SHARP (v8)
use3a-ss-b200-gpu-149:99392:99392 [6] NCCL INFO Successfully loaded external network plugin /opt/hpcx/nccl_rdma_sharp_plugin/lib/libnccl-net.so
use3a-ss-b200-gpu-149:99392:99392 [6] NCCL INFO Plugin Path : /opt/hpcx/nccl_rdma_sharp_plugin/lib/libnccl-net.so
use3a-ss-b200-gpu-149:99392:99392 [6] NCCL INFO P2P plugin IBext_v8
use3a-ss-b200-gpu-149:99392:99392 [6] NCCL INFO NCCL_SOCKET_IFNAME set by environment to bond0
use3a-ss-b200-gpu-150:98609:98609 [6] NCCL INFO NCCL_IB_HCA set to =mlx5_0:1,mlx5_1:1,mlx5_4:1,mlx5_5:1,mlx5_6:1,mlx5_11:1,mlx5_14:1,mlx5_15:1
use3a-ss-b200-gpu-150:98603:98603 [0] NCCL INFO NET/IB : Using [0]mlx5_0:1/IB/SHARP [1]mlx5_1:1/IB/SHARP [2]mlx5_4:1/IB/SHARP [3]mlx5_5:1/IB/SHARP [4]mlx5_6:1/IB/SHARP [5]mlx5_11:1/IB/SHARP [6]mlx5_14:1/IB/SHARP [7]mlx5_15:1/IB/SHARP [RO]; OOB bond0:7.247.232.122<0>
use3a-ss-b200-gpu-150:98603:98603 [0] NCCL INFO Initialized NET plugin NCCL RDMA Plugin v8
use3a-ss-b200-gpu-150:98605:98605 [2] NCCL INFO NET/IB : Using [0]mlx5_0:1/IB/SHARP [1]mlx5_1:1/IB/SHARP [2]mlx5_4:1/IB/SHARP [3]mlx5_5:1/IB/SHARP [4]mlx5_6:1/IB/SHARP [5]mlx5_11:1/IB/SHARP [6]mlx5_14:1/IB/SHARP [7]mlx5_15:1/IB/SHARP [RO]; OOB bond0:7.247.232.122<0>
use3a-ss-b200-gpu-150:98605:98605 [2] NCCL INFO Initialized NET plugin NCCL RDMA Plugin v8
use3a-ss-b200-gpu-150:98603:98603 [0] NCCL INFO Assigned NET plugin NCCL RDMA Plugin v8 to comm
use3a-ss-b200-gpu-150:98605:98605 [2] NCCL INFO Assigned NET plugin NCCL RDMA Plugin v8 to comm
use3a-ss-b200-gpu-150:98605:98605 [2] NCCL INFO GIN/Plugin: Could not find: libnccl-gin.so
use3a-ss-b200-gpu-150:98605:98605 [2] NCCL INFO Successfully loaded external gin plugin /opt/hpcx/nccl_rdma_sharp_plugin/lib/libnccl-net.so
use3a-ss-b200-gpu-150:98605:98605 [2] NCCL INFO NCCL_SOCKET_IFNAME set by environment to bond0
use3a-ss-b200-gpu-150:98605:98605 [2] NCCL INFO NCCL_IB_HCA set to =mlx5_0:1,mlx5_1:1,mlx5_4:1,mlx5_5:1,mlx5_6:1,mlx5_11:1,mlx5_14:1,mlx5_15:1
use3a-ss-b200-gpu-150:98603:98603 [0] NCCL INFO GIN/Plugin: Could not find: libnccl-gin.so
use3a-ss-b200-gpu-150:98603:98603 [0] NCCL INFO Successfully loaded external gin plugin /opt/hpcx/nccl_rdma_sharp_plugin/lib/libnccl-net.so
use3a-ss-b200-gpu-150:98603:98603 [0] NCCL INFO NCCL_SOCKET_IFNAME set by environment to bond0
use3a-ss-b200-gpu-150:98603:98603 [0] NCCL INFO NCCL_IB_HCA set to =mlx5_0:1,mlx5_1:1,mlx5_4:1,mlx5_5:1,mlx5_6:1,mlx5_11:1,mlx5_14:1,mlx5_15:1
use3a-ss-b200-gpu-149:99388:99388 [2] NCCL INFO NET/IB : Using [0]mlx5_0:1/IB [1]mlx5_1:1/IB [2]mlx5_4:1/IB [3]mlx5_5:1/IB [4]mlx5_6:1/IB [5]mlx5_11:1/IB [6]mlx5_14:1/IB [7]mlx5_15:1/IB [RO]; OOB bond0:7.247.232.121<0>
use3a-ss-b200-gpu-149:99388:99388 [2] NCCL INFO Assigned GIN plugin GIN_IB_GDAKI to comm
use3a-ss-b200-gpu-149:99388:99388 [2] NCCL INFO Assigned RMA plugin GIN_IB_PROXY to comm
use3a-ss-b200-gpu-149:99388:99388 [2] NCCL INFO Using network NCCL RDMA Plugin v8
use3a-ss-b200-gpu-149:99387:99387 [1] NCCL INFO NET/IB : Using [0]mlx5_0:1/IB/SHARP [1]mlx5_1:1/IB/SHARP [2]mlx5_4:1/IB/SHARP [3]mlx5_5:1/IB/SHARP [4]mlx5_6:1/IB/SHARP [5]mlx5_11:1/IB/SHARP [6]mlx5_14:1/IB/SHARP [7]mlx5_15:1/IB/SHARP [RO]; OOB bond0:7.247.232.121<0>
use3a-ss-b200-gpu-149:99387:99387 [1] NCCL INFO Initialized NET plugin NCCL RDMA Plugin v8
use3a-ss-b200-gpu-149:99387:99387 [1] NCCL INFO Assigned NET plugin NCCL RDMA Plugin v8 to comm
use3a-ss-b200-gpu-149:99387:99387 [1] NCCL INFO GIN/Plugin: Could not find: libnccl-gin.so
use3a-ss-b200-gpu-149:99387:99387 [1] NCCL INFO Successfully loaded external gin plugin /opt/hpcx/nccl_rdma_sharp_plugin/lib/libnccl-net.so
use3a-ss-b200-gpu-149:99387:99387 [1] NCCL INFO NCCL_SOCKET_IFNAME set by environment to bond0
use3a-ss-b200-gpu-149:99387:99387 [1] NCCL INFO NCCL_IB_HCA set to =mlx5_0:1,mlx5_1:1,mlx5_4:1,mlx5_5:1,mlx5_6:1,mlx5_11:1,mlx5_14:1,mlx5_15:1
use3a-ss-b200-gpu-150:98606:98606 [3] NCCL INFO NET/IB : Using [0]mlx5_0:1/IB [1]mlx5_1:1/IB [2]mlx5_4:1/IB [3]mlx5_5:1/IB [4]mlx5_6:1/IB [5]mlx5_11:1/IB [6]mlx5_14:1/IB [7]mlx5_15:1/IB [RO]; OOB bond0:7.247.232.122<0>
use3a-ss-b200-gpu-150:98606:98606 [3] NCCL INFO Assigned GIN plugin GIN_IB_GDAKI to comm
use3a-ss-b200-gpu-150:98606:98606 [3] NCCL INFO Assigned RMA plugin GIN_IB_PROXY to comm
use3a-ss-b200-gpu-150:98606:98606 [3] NCCL INFO Using network NCCL RDMA Plugin v8
use3a-ss-b200-gpu-149:99390:99390 [4] NCCL INFO NET/IB : Using [0]mlx5_0:1/IB [1]mlx5_1:1/IB [2]mlx5_4:1/IB [3]mlx5_5:1/IB [4]mlx5_6:1/IB [5]mlx5_11:1/IB [6]mlx5_14:1/IB [7]mlx5_15:1/IB [RO]; OOB bond0:7.247.232.121<0>
use3a-ss-b200-gpu-149:99390:99390 [4] NCCL INFO Assigned GIN plugin GIN_IB_GDAKI to comm
use3a-ss-b200-gpu-149:99390:99390 [4] NCCL INFO Assigned RMA plugin GIN_IB_PROXY to comm
use3a-ss-b200-gpu-149:99390:99390 [4] NCCL INFO Using network NCCL RDMA Plugin v8
use3a-ss-b200-gpu-150:98610:98610 [7] NCCL INFO NET/IB : Using [0]mlx5_0:1/IB [1]mlx5_1:1/IB [2]mlx5_4:1/IB [3]mlx5_5:1/IB [4]mlx5_6:1/IB [5]mlx5_11:1/IB [6]mlx5_14:1/IB [7]mlx5_15:1/IB [RO]; OOB bond0:7.247.232.122<0>
use3a-ss-b200-gpu-150:98610:98610 [7] NCCL INFO Assigned GIN plugin GIN_IB_GDAKI to comm
use3a-ss-b200-gpu-150:98610:98610 [7] NCCL INFO Assigned RMA plugin GIN_IB_PROXY to comm
use3a-ss-b200-gpu-150:98610:98610 [7] NCCL INFO Using network NCCL RDMA Plugin v8
use3a-ss-b200-gpu-149:99391:99391 [5] NCCL INFO NET/IB : Using [0]mlx5_0:1/IB/SHARP [1]mlx5_1:1/IB/SHARP [2]mlx5_4:1/IB/SHARP [3]mlx5_5:1/IB/SHARP [4]mlx5_6:1/IB/SHARP [5]mlx5_11:1/IB/SHARP [6]mlx5_14:1/IB/SHARP [7]mlx5_15:1/IB/SHARP [RO]; OOB bond0:7.247.232.121<0>
use3a-ss-b200-gpu-149:99391:99391 [5] NCCL INFO Initialized NET plugin NCCL RDMA Plugin v8
use3a-ss-b200-gpu-149:99391:99391 [5] NCCL INFO Assigned NET plugin NCCL RDMA Plugin v8 to comm
use3a-ss-b200-gpu-149:99391:99391 [5] NCCL INFO GIN/Plugin: Could not find: libnccl-gin.so
use3a-ss-b200-gpu-149:99391:99391 [5] NCCL INFO Successfully loaded external gin plugin /opt/hpcx/nccl_rdma_sharp_plugin/lib/libnccl-net.so
use3a-ss-b200-gpu-149:99391:99391 [5] NCCL INFO NCCL_SOCKET_IFNAME set by environment to bond0
use3a-ss-b200-gpu-149:99391:99391 [5] NCCL INFO NCCL_IB_HCA set to =mlx5_0:1,mlx5_1:1,mlx5_4:1,mlx5_5:1,mlx5_6:1,mlx5_11:1,mlx5_14:1,mlx5_15:1
use3a-ss-b200-gpu-150:98607:98607 [4] NCCL INFO NET/IB : Using [0]mlx5_0:1/IB [1]mlx5_1:1/IB [2]mlx5_4:1/IB [3]mlx5_5:1/IB [4]mlx5_6:1/IB [5]mlx5_11:1/IB [6]mlx5_14:1/IB [7]mlx5_15:1/IB [RO]; OOB bond0:7.247.232.122<0>
use3a-ss-b200-gpu-150:98607:98607 [4] NCCL INFO Assigned GIN plugin GIN_IB_GDAKI to comm
use3a-ss-b200-gpu-150:98607:98607 [4] NCCL INFO Assigned RMA plugin GIN_IB_PROXY to comm
use3a-ss-b200-gpu-150:98607:98607 [4] NCCL INFO Using network NCCL RDMA Plugin v8
use3a-ss-b200-gpu-149:99389:99389 [3] NCCL INFO NET/IB : Using [0]mlx5_0:1/IB/SHARP [1]mlx5_1:1/IB/SHARP [2]mlx5_4:1/IB/SHARP [3]mlx5_5:1/IB/SHARP [4]mlx5_6:1/IB/SHARP [5]mlx5_11:1/IB/SHARP [6]mlx5_14:1/IB/SHARP [7]mlx5_15:1/IB/SHARP [RO]; OOB bond0:7.247.232.121<0>
use3a-ss-b200-gpu-149:99389:99389 [3] NCCL INFO Initialized NET plugin NCCL RDMA Plugin v8
use3a-ss-b200-gpu-149:99389:99389 [3] NCCL INFO Assigned NET plugin NCCL RDMA Plugin v8 to comm
use3a-ss-b200-gpu-149:99389:99389 [3] NCCL INFO GIN/Plugin: Could not find: libnccl-gin.so
use3a-ss-b200-gpu-149:99389:99389 [3] NCCL INFO Successfully loaded external gin plugin /opt/hpcx/nccl_rdma_sharp_plugin/lib/libnccl-net.so
use3a-ss-b200-gpu-149:99389:99389 [3] NCCL INFO NCCL_SOCKET_IFNAME set by environment to bond0
use3a-ss-b200-gpu-149:99393:99393 [7] NCCL INFO NET/IB : Using [0]mlx5_0:1/IB/SHARP [1]mlx5_1:1/IB/SHARP [2]mlx5_4:1/IB/SHARP [3]mlx5_5:1/IB/SHARP [4]mlx5_6:1/IB/SHARP [5]mlx5_11:1/IB/SHARP [6]mlx5_14:1/IB/SHARP [7]mlx5_15:1/IB/SHARP [RO]; OOB bond0:7.247.232.121<0>
use3a-ss-b200-gpu-149:99393:99393 [7] NCCL INFO Initialized NET plugin NCCL RDMA Plugin v8
use3a-ss-b200-gpu-149:99393:99393 [7] NCCL INFO Assigned NET plugin NCCL RDMA Plugin v8 to comm
use3a-ss-b200-gpu-149:99389:99389 [3] NCCL INFO NCCL_IB_HCA set to =mlx5_0:1,mlx5_1:1,mlx5_4:1,mlx5_5:1,mlx5_6:1,mlx5_11:1,mlx5_14:1,mlx5_15:1
use3a-ss-b200-gpu-150:98609:98609 [6] NCCL INFO NET/IB : Using [0]mlx5_0:1/IB [1]mlx5_1:1/IB [2]mlx5_4:1/IB [3]mlx5_5:1/IB [4]mlx5_6:1/IB [5]mlx5_11:1/IB [6]mlx5_14:1/IB [7]mlx5_15:1/IB [RO]; OOB bond0:7.247.232.122<0>
use3a-ss-b200-gpu-149:99392:99392 [6] NCCL INFO NET/IB : Using [0]mlx5_0:1/IB/SHARP [1]mlx5_1:1/IB/SHARP [2]mlx5_4:1/IB/SHARP [3]mlx5_5:1/IB/SHARP [4]mlx5_6:1/IB/SHARP [5]mlx5_11:1/IB/SHARP [6]mlx5_14:1/IB/SHARP [7]mlx5_15:1/IB/SHARP [RO]; OOB bond0:7.247.232.121<0>
use3a-ss-b200-gpu-149:99392:99392 [6] NCCL INFO Initialized NET plugin NCCL RDMA Plugin v8
use3a-ss-b200-gpu-150:98604:98604 [1] NCCL INFO NET/IB : Using [0]mlx5_0:1/IB [1]mlx5_1:1/IB [2]mlx5_4:1/IB [3]mlx5_5:1/IB [4]mlx5_6:1/IB [5]mlx5_11:1/IB [6]mlx5_14:1/IB [7]mlx5_15:1/IB [RO]; OOB bond0:7.247.232.122<0>
use3a-ss-b200-gpu-150:98609:98609 [6] NCCL INFO Assigned GIN plugin GIN_IB_GDAKI to comm
use3a-ss-b200-gpu-150:98609:98609 [6] NCCL INFO Assigned RMA plugin GIN_IB_PROXY to comm
use3a-ss-b200-gpu-150:98609:98609 [6] NCCL INFO Using network NCCL RDMA Plugin v8
use3a-ss-b200-gpu-149:99392:99392 [6] NCCL INFO Assigned NET plugin NCCL RDMA Plugin v8 to comm
use3a-ss-b200-gpu-150:98604:98604 [1] NCCL INFO Assigned GIN plugin GIN_IB_GDAKI to comm
use3a-ss-b200-gpu-150:98604:98604 [1] NCCL INFO Assigned RMA plugin GIN_IB_PROXY to comm
use3a-ss-b200-gpu-150:98604:98604 [1] NCCL INFO Using network NCCL RDMA Plugin v8
use3a-ss-b200-gpu-149:99393:99393 [7] NCCL INFO GIN/Plugin: Could not find: libnccl-gin.so
use3a-ss-b200-gpu-149:99393:99393 [7] NCCL INFO Successfully loaded external gin plugin /opt/hpcx/nccl_rdma_sharp_plugin/lib/libnccl-net.so
use3a-ss-b200-gpu-149:99392:99392 [6] NCCL INFO GIN/Plugin: Could not find: libnccl-gin.so
use3a-ss-b200-gpu-149:99392:99392 [6] NCCL INFO Successfully loaded external gin plugin /opt/hpcx/nccl_rdma_sharp_plugin/lib/libnccl-net.so
use3a-ss-b200-gpu-149:99393:99393 [7] NCCL INFO NCCL_SOCKET_IFNAME set by environment to bond0
use3a-ss-b200-gpu-149:99392:99392 [6] NCCL INFO NCCL_SOCKET_IFNAME set by environment to bond0
use3a-ss-b200-gpu-149:99393:99393 [7] NCCL INFO NCCL_IB_HCA set to =mlx5_0:1,mlx5_1:1,mlx5_4:1,mlx5_5:1,mlx5_6:1,mlx5_11:1,mlx5_14:1,mlx5_15:1
use3a-ss-b200-gpu-149:99392:99392 [6] NCCL INFO NCCL_IB_HCA set to =mlx5_0:1,mlx5_1:1,mlx5_4:1,mlx5_5:1,mlx5_6:1,mlx5_11:1,mlx5_14:1,mlx5_15:1
use3a-ss-b200-gpu-150:98603:98603 [0] NCCL INFO NET/IB : Using [0]mlx5_0:1/IB [1]mlx5_1:1/IB [2]mlx5_4:1/IB [3]mlx5_5:1/IB [4]mlx5_6:1/IB [5]mlx5_11:1/IB [6]mlx5_14:1/IB [7]mlx5_15:1/IB [RO]; OOB bond0:7.247.232.122<0>
use3a-ss-b200-gpu-150:98603:98603 [0] NCCL INFO Assigned GIN plugin GIN_IB_GDAKI to comm
use3a-ss-b200-gpu-150:98603:98603 [0] NCCL INFO Assigned RMA plugin GIN_IB_PROXY to comm
use3a-ss-b200-gpu-150:98603:98603 [0] NCCL INFO Using network NCCL RDMA Plugin v8
use3a-ss-b200-gpu-150:98605:98605 [2] NCCL INFO NET/IB : Using [0]mlx5_0:1/IB [1]mlx5_1:1/IB [2]mlx5_4:1/IB [3]mlx5_5:1/IB [4]mlx5_6:1/IB [5]mlx5_11:1/IB [6]mlx5_14:1/IB [7]mlx5_15:1/IB [RO]; OOB bond0:7.247.232.122<0>
use3a-ss-b200-gpu-150:98605:98605 [2] NCCL INFO Assigned GIN plugin GIN_IB_GDAKI to comm
use3a-ss-b200-gpu-150:98605:98605 [2] NCCL INFO Assigned RMA plugin GIN_IB_PROXY to comm
use3a-ss-b200-gpu-150:98605:98605 [2] NCCL INFO Using network NCCL RDMA Plugin v8
use3a-ss-b200-gpu-149:99387:99387 [1] NCCL INFO NET/IB : Using [0]mlx5_0:1/IB [1]mlx5_1:1/IB [2]mlx5_4:1/IB [3]mlx5_5:1/IB [4]mlx5_6:1/IB [5]mlx5_11:1/IB [6]mlx5_14:1/IB [7]mlx5_15:1/IB [RO]; OOB bond0:7.247.232.121<0>
use3a-ss-b200-gpu-149:99387:99387 [1] NCCL INFO Assigned GIN plugin GIN_IB_GDAKI to comm
use3a-ss-b200-gpu-149:99387:99387 [1] NCCL INFO Assigned RMA plugin GIN_IB_PROXY to comm
use3a-ss-b200-gpu-149:99387:99387 [1] NCCL INFO Using network NCCL RDMA Plugin v8
use3a-ss-b200-gpu-149:99391:99391 [5] NCCL INFO NET/IB : Using [0]mlx5_0:1/IB [1]mlx5_1:1/IB [2]mlx5_4:1/IB [3]mlx5_5:1/IB [4]mlx5_6:1/IB [5]mlx5_11:1/IB [6]mlx5_14:1/IB [7]mlx5_15:1/IB [RO]; OOB bond0:7.247.232.121<0>
use3a-ss-b200-gpu-149:99391:99391 [5] NCCL INFO Assigned GIN plugin GIN_IB_GDAKI to comm
use3a-ss-b200-gpu-149:99391:99391 [5] NCCL INFO Assigned RMA plugin GIN_IB_PROXY to comm
use3a-ss-b200-gpu-149:99391:99391 [5] NCCL INFO Using network NCCL RDMA Plugin v8
use3a-ss-b200-gpu-149:99386:99386 [0] NCCL INFO DMA-BUF is available on GPU device 0
use3a-ss-b200-gpu-149:99386:99386 [0] NCCL INFO [Rank 0] ncclCommInitRank comm 0x5bbf54681400 rank 0 nranks 16 cudaDev 0 nvmlDev 0 busId 17000 commId 0x8f18b42f0287817b - Init START
use3a-ss-b200-gpu-149:99389:99389 [3] NCCL INFO NET/IB : Using [0]mlx5_0:1/IB [1]mlx5_1:1/IB [2]mlx5_4:1/IB [3]mlx5_5:1/IB [4]mlx5_6:1/IB [5]mlx5_11:1/IB [6]mlx5_14:1/IB [7]mlx5_15:1/IB [RO]; OOB bond0:7.247.232.121<0>
use3a-ss-b200-gpu-149:99389:99389 [3] NCCL INFO Assigned GIN plugin GIN_IB_GDAKI to comm
use3a-ss-b200-gpu-149:99389:99389 [3] NCCL INFO Assigned RMA plugin GIN_IB_PROXY to comm
use3a-ss-b200-gpu-149:99389:99389 [3] NCCL INFO Using network NCCL RDMA Plugin v8
use3a-ss-b200-gpu-149:99393:99393 [7] NCCL INFO NET/IB : Using [0]mlx5_0:1/IB [1]mlx5_1:1/IB [2]mlx5_4:1/IB [3]mlx5_5:1/IB [4]mlx5_6:1/IB [5]mlx5_11:1/IB [6]mlx5_14:1/IB [7]mlx5_15:1/IB [RO]; OOB bond0:7.247.232.121<0>
use3a-ss-b200-gpu-149:99392:99392 [6] NCCL INFO NET/IB : Using [0]mlx5_0:1/IB [1]mlx5_1:1/IB [2]mlx5_4:1/IB [3]mlx5_5:1/IB [4]mlx5_6:1/IB [5]mlx5_11:1/IB [6]mlx5_14:1/IB [7]mlx5_15:1/IB [RO]; OOB bond0:7.247.232.121<0>
use3a-ss-b200-gpu-149:99393:99393 [7] NCCL INFO Assigned GIN plugin GIN_IB_GDAKI to comm
use3a-ss-b200-gpu-149:99393:99393 [7] NCCL INFO Assigned RMA plugin GIN_IB_PROXY to comm
use3a-ss-b200-gpu-149:99393:99393 [7] NCCL INFO Using network NCCL RDMA Plugin v8
use3a-ss-b200-gpu-149:99392:99392 [6] NCCL INFO Assigned GIN plugin GIN_IB_GDAKI to comm
use3a-ss-b200-gpu-149:99392:99392 [6] NCCL INFO Assigned RMA plugin GIN_IB_PROXY to comm
use3a-ss-b200-gpu-149:99392:99392 [6] NCCL INFO Using network NCCL RDMA Plugin v8
use3a-ss-b200-gpu-150:98608:98608 [5] NCCL INFO DMA-BUF is available on GPU device 5
use3a-ss-b200-gpu-150:98608:98608 [5] NCCL INFO [Rank 13] ncclCommInitRank comm 0x5b9617f78330 rank 13 nranks 16 cudaDev 5 nvmlDev 5 busId ba000 commId 0x8f18b42f0287817b - Init START
use3a-ss-b200-gpu-149:99388:99388 [2] NCCL INFO DMA-BUF is available on GPU device 2
use3a-ss-b200-gpu-149:99388:99388 [2] NCCL INFO [Rank 2] ncclCommInitRank comm 0x5b30f2a5f970 rank 2 nranks 16 cudaDev 2 nvmlDev 2 busId 5f000 commId 0x8f18b42f0287817b - Init START
use3a-ss-b200-gpu-150:98606:98606 [3] NCCL INFO DMA-BUF is available on GPU device 3
use3a-ss-b200-gpu-150:98606:98606 [3] NCCL INFO [Rank 11] ncclCommInitRank comm 0x56dec8745be0 rank 11 nranks 16 cudaDev 3 nvmlDev 3 busId 70000 commId 0x8f18b42f0287817b - Init START
use3a-ss-b200-gpu-149:99390:99390 [4] NCCL INFO DMA-BUF is available on GPU device 4
use3a-ss-b200-gpu-149:99390:99390 [4] NCCL INFO [Rank 4] ncclCommInitRank comm 0x5baa1c7ec0c0 rank 4 nranks 16 cudaDev 4 nvmlDev 4 busId 97000 commId 0x8f18b42f0287817b - Init START
use3a-ss-b200-gpu-149:99387:99387 [1] NCCL INFO DMA-BUF is available on GPU device 1
use3a-ss-b200-gpu-149:99387:99387 [1] NCCL INFO [Rank 1] ncclCommInitRank comm 0x5a295a5e0250 rank 1 nranks 16 cudaDev 1 nvmlDev 1 busId 3d000 commId 0x8f18b42f0287817b - Init START
use3a-ss-b200-gpu-149:99387:99387 [1] NCCL INFO RAS client listening socket at ::1<28028>
use3a-ss-b200-gpu-149:99391:99391 [5] NCCL INFO DMA-BUF is available on GPU device 5
use3a-ss-b200-gpu-149:99391:99391 [5] NCCL INFO [Rank 5] ncclCommInitRank comm 0x5e8e6cbe0170 rank 5 nranks 16 cudaDev 5 nvmlDev 5 busId ba000 commId 0x8f18b42f0287817b - Init START
use3a-ss-b200-gpu-150:98603:98603 [0] NCCL INFO DMA-BUF is available on GPU device 0
use3a-ss-b200-gpu-150:98603:98603 [0] NCCL INFO [Rank 8] ncclCommInitRank comm 0x5df0ed0cbbe0 rank 8 nranks 16 cudaDev 0 nvmlDev 0 busId 17000 commId 0x8f18b42f0287817b - Init START
use3a-ss-b200-gpu-150:98605:98605 [2] NCCL INFO DMA-BUF is available on GPU device 2
use3a-ss-b200-gpu-150:98605:98605 [2] NCCL INFO [Rank 10] ncclCommInitRank comm 0x5ae7a5a19680 rank 10 nranks 16 cudaDev 2 nvmlDev 2 busId 5f000 commId 0x8f18b42f0287817b - Init START
use3a-ss-b200-gpu-149:99389:99389 [3] NCCL INFO DMA-BUF is available on GPU device 3
use3a-ss-b200-gpu-149:99389:99389 [3] NCCL INFO [Rank 3] ncclCommInitRank comm 0x5978f16bcf60 rank 3 nranks 16 cudaDev 3 nvmlDev 3 busId 70000 commId 0x8f18b42f0287817b - Init START
use3a-ss-b200-gpu-149:99388:99388 [2] NCCL INFO RAS client listening socket at ::1<28028>
use3a-ss-b200-gpu-149:99389:99389 [3] NCCL INFO RAS client listening socket at ::1<28028>
use3a-ss-b200-gpu-149:99390:99390 [4] NCCL INFO RAS client listening socket at ::1<28028>
use3a-ss-b200-gpu-149:99393:99393 [7] NCCL INFO DMA-BUF is available on GPU device 7
use3a-ss-b200-gpu-149:99393:99393 [7] NCCL INFO [Rank 7] ncclCommInitRank comm 0x6016bc033f20 rank 7 nranks 16 cudaDev 7 nvmlDev 7 busId ed000 commId 0x8f18b42f0287817b - Init START
use3a-ss-b200-gpu-149:99392:99392 [6] NCCL INFO DMA-BUF is available on GPU device 6
use3a-ss-b200-gpu-149:99392:99392 [6] NCCL INFO [Rank 6] ncclCommInitRank comm 0x5fc8fa853540 rank 6 nranks 16 cudaDev 6 nvmlDev 6 busId dc000 commId 0x8f18b42f0287817b - Init START
use3a-ss-b200-gpu-149:99391:99391 [5] NCCL INFO RAS client listening socket at ::1<28028>
use3a-ss-b200-gpu-149:99392:99392 [6] NCCL INFO RAS client listening socket at ::1<28028>
use3a-ss-b200-gpu-149:99393:99393 [7] NCCL INFO RAS client listening socket at ::1<28028>
use3a-ss-b200-gpu-150:98604:98604 [1] NCCL INFO DMA-BUF is available on GPU device 1
use3a-ss-b200-gpu-150:98604:98604 [1] NCCL INFO [Rank 9] ncclCommInitRank comm 0x571883752fe0 rank 9 nranks 16 cudaDev 1 nvmlDev 1 busId 3d000 commId 0x8f18b42f0287817b - Init START
use3a-ss-b200-gpu-150:98603:98603 [0] NCCL INFO RAS client listening socket at ::1<28028>
use3a-ss-b200-gpu-150:98604:98604 [1] NCCL INFO RAS client listening socket at ::1<28028>
use3a-ss-b200-gpu-150:98605:98605 [2] NCCL INFO RAS client listening socket at ::1<28028>
use3a-ss-b200-gpu-150:98610:98610 [7] NCCL INFO DMA-BUF is available on GPU device 7
use3a-ss-b200-gpu-150:98610:98610 [7] NCCL INFO [Rank 15] ncclCommInitRank comm 0x61dc655729e0 rank 15 nranks 16 cudaDev 7 nvmlDev 7 busId ed000 commId 0x8f18b42f0287817b - Init START
use3a-ss-b200-gpu-149:99386:99386 [0] NCCL INFO RAS client listening socket at ::1<28028>
use3a-ss-b200-gpu-150:98609:98609 [6] NCCL INFO DMA-BUF is available on GPU device 6
use3a-ss-b200-gpu-150:98609:98609 [6] NCCL INFO [Rank 14] ncclCommInitRank comm 0x56c7d596ed50 rank 14 nranks 16 cudaDev 6 nvmlDev 6 busId dc000 commId 0x8f18b42f0287817b - Init START
use3a-ss-b200-gpu-150:98607:98607 [4] NCCL INFO DMA-BUF is available on GPU device 4
use3a-ss-b200-gpu-150:98607:98607 [4] NCCL INFO [Rank 12] ncclCommInitRank comm 0x5b46d27cca30 rank 12 nranks 16 cudaDev 4 nvmlDev 4 busId 97000 commId 0x8f18b42f0287817b - Init START
use3a-ss-b200-gpu-150:98609:98609 [6] NCCL INFO RAS client listening socket at ::1<28028>
use3a-ss-b200-gpu-150:98610:98610 [7] NCCL INFO RAS client listening socket at ::1<28028>
use3a-ss-b200-gpu-150:98606:98606 [3] NCCL INFO RAS client listening socket at ::1<28028>
use3a-ss-b200-gpu-150:98607:98607 [4] NCCL INFO RAS client listening socket at ::1<28028>
use3a-ss-b200-gpu-150:98608:98608 [5] NCCL INFO RAS client listening socket at ::1<28028>
use3a-ss-b200-gpu-149:99392:99392 [6] NCCL INFO Bootstrap timings total 0.081006 (create 0.000052, send 0.000122, recv 0.000468, ring 0.079778, delay 0.000000)
use3a-ss-b200-gpu-150:98603:98603 [0] NCCL INFO Bootstrap timings total 0.146651 (create 0.000067, send 0.000452, recv 0.081158, ring 0.064342, delay 0.000001)
use3a-ss-b200-gpu-149:99393:99393 [7] NCCL INFO Bootstrap timings total 0.082618 (create 0.000055, send 0.000137, recv 0.000461, ring 0.079787, delay 0.000000)
use3a-ss-b200-gpu-150:98604:98604 [1] NCCL INFO Bootstrap timings total 0.066761 (create 0.000050, send 0.000555, recv 0.001616, ring 0.063942, delay 0.000000)
use3a-ss-b200-gpu-149:99391:99391 [5] NCCL INFO Bootstrap timings total 0.191693 (create 0.000097, send 0.000122, recv 0.110865, ring 0.079931, delay 0.000001)
use3a-ss-b200-gpu-150:98606:98606 [3] NCCL INFO Bootstrap timings total 0.599388 (create 0.000048, send 0.000711, recv 0.594934, ring 0.002779, delay 0.000000)
use3a-ss-b200-gpu-150:98605:98605 [2] NCCL INFO Bootstrap timings total 0.095942 (create 0.000058, send 0.000445, recv 0.000915, ring 0.063938, delay 0.000000)
use3a-ss-b200-gpu-149:99389:99389 [3] NCCL INFO Bootstrap timings total 0.089545 (create 0.000049, send 0.000121, recv 0.000437, ring 0.088444, delay 0.000001)
use3a-ss-b200-gpu-150:98607:98607 [4] NCCL INFO Bootstrap timings total 0.006053 (create 0.000053, send 0.000468, recv 0.001924, ring 0.003107, delay 0.000001)
use3a-ss-b200-gpu-149:99390:99390 [4] NCCL INFO Bootstrap timings total 0.418440 (create 0.000045, send 0.000112, recv 0.227668, ring 0.088352, delay 0.000000)
use3a-ss-b200-gpu-150:98608:98608 [5] NCCL INFO Bootstrap timings total 1.121391 (create 0.000056, send 0.000438, recv 1.114944, ring 0.002826, delay 0.000001)
use3a-ss-b200-gpu-149:99386:99386 [0] NCCL INFO Bootstrap timings total 1.227028 (create 0.000031, send 0.000104, recv 0.995552, ring 0.048118, delay 0.000001)
use3a-ss-b200-gpu-150:98609:98609 [6] NCCL INFO Bootstrap timings total 0.007705 (create 0.000056, send 0.000482, recv 0.001283, ring 0.005389, delay 0.000001)
use3a-ss-b200-gpu-149:99387:99387 [1] NCCL INFO Bootstrap timings total 0.231983 (create 0.000067, send 0.000141, recv 0.000520, ring 0.230716, delay 0.000001)
use3a-ss-b200-gpu-150:98610:98610 [7] NCCL INFO Bootstrap timings total 0.050438 (create 0.000046, send 0.000316, recv 0.000904, ring 0.005283, delay 0.000000)
use3a-ss-b200-gpu-149:99388:99388 [2] NCCL INFO Bootstrap timings total 0.907507 (create 0.000047, send 0.000117, recv 0.818121, ring 0.088619, delay 0.000000)
use3a-ss-b200-gpu-150:98606:98606 [3] NCCL INFO MNNVL busId 0x70000 fabric UUID 0.0 cliqueId 0x0 state 3 healthMask 0x80
use3a-ss-b200-gpu-150:98603:98603 [0] NCCL INFO MNNVL busId 0x17000 fabric UUID 0.0 cliqueId 0x0 state 3 healthMask 0x80
use3a-ss-b200-gpu-150:98604:98604 [1] NCCL INFO MNNVL busId 0x3d000 fabric UUID 0.0 cliqueId 0x0 state 3 healthMask 0x80
use3a-ss-b200-gpu-150:98605:98605 [2] NCCL INFO MNNVL busId 0x5f000 fabric UUID 0.0 cliqueId 0x0 state 3 healthMask 0x80
use3a-ss-b200-gpu-150:98607:98607 [4] NCCL INFO MNNVL busId 0x97000 fabric UUID 0.0 cliqueId 0x0 state 3 healthMask 0x80
use3a-ss-b200-gpu-150:98608:98608 [5] NCCL INFO MNNVL busId 0xba000 fabric UUID 0.0 cliqueId 0x0 state 3 healthMask 0x80
use3a-ss-b200-gpu-150:98609:98609 [6] NCCL INFO MNNVL busId 0xdc000 fabric UUID 0.0 cliqueId 0x0 state 3 healthMask 0x80
use3a-ss-b200-gpu-149:99386:99386 [0] NCCL INFO MNNVL busId 0x17000 fabric UUID 0.0 cliqueId 0x0 state 3 healthMask 0x80
use3a-ss-b200-gpu-149:99387:99387 [1] NCCL INFO MNNVL busId 0x3d000 fabric UUID 0.0 cliqueId 0x0 state 3 healthMask 0x80
use3a-ss-b200-gpu-149:99388:99388 [2] NCCL INFO MNNVL busId 0x5f000 fabric UUID 0.0 cliqueId 0x0 state 3 healthMask 0x80
use3a-ss-b200-gpu-149:99390:99390 [4] NCCL INFO MNNVL busId 0x97000 fabric UUID 0.0 cliqueId 0x0 state 3 healthMask 0x80
use3a-ss-b200-gpu-149:99392:99392 [6] NCCL INFO MNNVL busId 0xdc000 fabric UUID 0.0 cliqueId 0x0 state 3 healthMask 0x80
use3a-ss-b200-gpu-149:99389:99389 [3] NCCL INFO MNNVL busId 0x70000 fabric UUID 0.0 cliqueId 0x0 state 3 healthMask 0x80
use3a-ss-b200-gpu-149:99391:99391 [5] NCCL INFO MNNVL busId 0xba000 fabric UUID 0.0 cliqueId 0x0 state 3 healthMask 0x80
use3a-ss-b200-gpu-150:98610:98610 [7] NCCL INFO MNNVL busId 0xed000 fabric UUID 0.0 cliqueId 0x0 state 3 healthMask 0x80
use3a-ss-b200-gpu-149:99393:99393 [7] NCCL INFO MNNVL busId 0xed000 fabric UUID 0.0 cliqueId 0x0 state 3 healthMask 0x80
use3a-ss-b200-gpu-149:99393:99393 [7] NCCL INFO ncclTopoGetCpuAffinity: Affinity for GPU 7 is 152-159. (GPU affinity = 128-255 ; CPU affinity = 152-159).
use3a-ss-b200-gpu-149:99393:99393 [7] NCCL INFO NCCL_NVLS_ENABLE set by environment to 0.
use3a-ss-b200-gpu-149:99391:99391 [5] NCCL INFO ncclTopoGetCpuAffinity: Affinity for GPU 5 is 144-151. (GPU affinity = 128-255 ; CPU affinity = 144-151).
use3a-ss-b200-gpu-149:99391:99391 [5] NCCL INFO NCCL_NVLS_ENABLE set by environment to 0.
use3a-ss-b200-gpu-149:99389:99389 [3] NCCL INFO ncclTopoGetCpuAffinity: Affinity for GPU 3 is empty, ignoring. (GPU affinity = 0-127 ; CPU affinity = 136-143).
use3a-ss-b200-gpu-149:99389:99389 [3] NCCL INFO NCCL_NVLS_ENABLE set by environment to 0.
use3a-ss-b200-gpu-149:99387:99387 [1] NCCL INFO ncclTopoGetCpuAffinity: Affinity for GPU 1 is empty, ignoring. (GPU affinity = 0-127 ; CPU affinity = 128-135).
use3a-ss-b200-gpu-149:99387:99387 [1] NCCL INFO NCCL_NVLS_ENABLE set by environment to 0.
use3a-ss-b200-gpu-149:99388:99388 [2] NCCL INFO ncclTopoGetCpuAffinity: Affinity for GPU 2 is 8-15. (GPU affinity = 0-127 ; CPU affinity = 8-15).
use3a-ss-b200-gpu-149:99388:99388 [2] NCCL INFO NCCL_NVLS_ENABLE set by environment to 0.
use3a-ss-b200-gpu-149:99386:99386 [0] NCCL INFO ncclTopoGetCpuAffinity: Affinity for GPU 0 is 0-7. (GPU affinity = 0-127 ; CPU affinity = 0-7).
use3a-ss-b200-gpu-149:99386:99386 [0] NCCL INFO NCCL_NVLS_ENABLE set by environment to 0.
use3a-ss-b200-gpu-149:99390:99390 [4] NCCL INFO ncclTopoGetCpuAffinity: Affinity for GPU 4 is empty, ignoring. (GPU affinity = 128-255 ; CPU affinity = 16-23).
use3a-ss-b200-gpu-149:99390:99390 [4] NCCL INFO NCCL_NVLS_ENABLE set by environment to 0.
use3a-ss-b200-gpu-149:99392:99392 [6] NCCL INFO ncclTopoGetCpuAffinity: Affinity for GPU 6 is empty, ignoring. (GPU affinity = 128-255 ; CPU affinity = 24-31).
use3a-ss-b200-gpu-149:99392:99392 [6] NCCL INFO NCCL_NVLS_ENABLE set by environment to 0.
use3a-ss-b200-gpu-150:98608:98608 [5] NCCL INFO ncclTopoGetCpuAffinity: Affinity for GPU 5 is 144-151. (GPU affinity = 128-255 ; CPU affinity = 144-151).
use3a-ss-b200-gpu-150:98608:98608 [5] NCCL INFO NCCL_NVLS_ENABLE set by environment to 0.
use3a-ss-b200-gpu-150:98609:98609 [6] NCCL INFO ncclTopoGetCpuAffinity: Affinity for GPU 6 is empty, ignoring. (GPU affinity = 128-255 ; CPU affinity = 24-31).
use3a-ss-b200-gpu-150:98609:98609 [6] NCCL INFO NCCL_NVLS_ENABLE set by environment to 0.
use3a-ss-b200-gpu-150:98604:98604 [1] NCCL INFO ncclTopoGetCpuAffinity: Affinity for GPU 1 is empty, ignoring. (GPU affinity = 0-127 ; CPU affinity = 128-135).
use3a-ss-b200-gpu-150:98604:98604 [1] NCCL INFO NCCL_NVLS_ENABLE set by environment to 0.
use3a-ss-b200-gpu-150:98606:98606 [3] NCCL INFO ncclTopoGetCpuAffinity: Affinity for GPU 3 is empty, ignoring. (GPU affinity = 0-127 ; CPU affinity = 136-143).
use3a-ss-b200-gpu-150:98606:98606 [3] NCCL INFO NCCL_NVLS_ENABLE set by environment to 0.
use3a-ss-b200-gpu-150:98610:98610 [7] NCCL INFO ncclTopoGetCpuAffinity: Affinity for GPU 7 is 152-159. (GPU affinity = 128-255 ; CPU affinity = 152-159).
use3a-ss-b200-gpu-150:98610:98610 [7] NCCL INFO NCCL_NVLS_ENABLE set by environment to 0.
use3a-ss-b200-gpu-150:98603:98603 [0] NCCL INFO ncclTopoGetCpuAffinity: Affinity for GPU 0 is 0-7. (GPU affinity = 0-127 ; CPU affinity = 0-7).
use3a-ss-b200-gpu-150:98603:98603 [0] NCCL INFO NCCL_NVLS_ENABLE set by environment to 0.
use3a-ss-b200-gpu-150:98607:98607 [4] NCCL INFO ncclTopoGetCpuAffinity: Affinity for GPU 4 is empty, ignoring. (GPU affinity = 128-255 ; CPU affinity = 16-23).
use3a-ss-b200-gpu-150:98607:98607 [4] NCCL INFO NCCL_NVLS_ENABLE set by environment to 0.
use3a-ss-b200-gpu-150:98605:98605 [2] NCCL INFO ncclTopoGetCpuAffinity: Affinity for GPU 2 is 8-15. (GPU affinity = 0-127 ; CPU affinity = 8-15).
use3a-ss-b200-gpu-150:98605:98605 [2] NCCL INFO NCCL_NVLS_ENABLE set by environment to 0.
use3a-ss-b200-gpu-150:98610:98610 [7] NCCL INFO comm 0x61dc655729e0 rank 15 nRanks 16 nNodes 2 localRanks 8 localRank 7 MNNVL 0
use3a-ss-b200-gpu-150:98610:98610 [7] NCCL INFO Trees [0] -1/-1/-1->15->14 [1] 8/-1/-1->15->14 [2] 8/-1/-1->15->14 [3] 8/-1/-1->15->14 [4] 8/-1/-1->15->14 [5] 8/-1/-1->15->14 [6] 8/-1/-1->15->14 [7] 8/-1/-1->15->7 [8] -1/-1/-1->15->14 [9] 8/-1/-1->15->14 [10] 8/-1/-1->15->14 [11] 8/-1/-1->15->14 [12] 8/-1/-1->15->14 [13] 8/-1/-1->15->14 [14] 8/-1/-1->15->14 [15] 8/7/-1->15->-1
use3a-ss-b200-gpu-150:98610:98610 [7] NCCL INFO P2P Chunksize set to 131072
use3a-ss-b200-gpu-149:99386:99386 [0] NCCL INFO comm 0x5bbf54681400 rank 0 nRanks 16 nNodes 2 localRanks 8 localRank 0 MNNVL 0
use3a-ss-b200-gpu-149:99386:99386 [0] NCCL INFO Channel 00/16 :  0  7  6  5  4  3  2  1  8 15 14 13 12 11 10  9
use3a-ss-b200-gpu-149:99386:99386 [0] NCCL INFO Channel 01/16 :  0  7  6  5  4  3  2  9  8 15 14 13 12 11 10  1
use3a-ss-b200-gpu-149:99386:99386 [0] NCCL INFO Channel 02/16 :  0  7  6  5  4  3 10  9  8 15 14 13 12 11  2  1
use3a-ss-b200-gpu-149:99386:99386 [0] NCCL INFO Channel 03/16 :  0  7  6  5  4 11 10  9  8 15 14 13 12  3  2  1
use3a-ss-b200-gpu-149:99386:99386 [0] NCCL INFO Channel 04/16 :  0  7  6  5 12 11 10  9  8 15 14 13  4  3  2  1
use3a-ss-b200-gpu-149:99386:99386 [0] NCCL INFO Channel 05/16 :  0  7  6 13 12 11 10  9  8 15 14  5  4  3  2  1
use3a-ss-b200-gpu-149:99386:99386 [0] NCCL INFO Channel 06/16 :  0  7 14 13 12 11 10  9  8 15  6  5  4  3  2  1
use3a-ss-b200-gpu-149:99386:99386 [0] NCCL INFO Channel 07/16 :  0 15 14 13 12 11 10  9  8  7  6  5  4  3  2  1
use3a-ss-b200-gpu-149:99386:99386 [0] NCCL INFO Channel 08/16 :  0  7  6  5  4  3  2  1  8 15 14 13 12 11 10  9
use3a-ss-b200-gpu-149:99386:99386 [0] NCCL INFO Channel 09/16 :  0  7  6  5  4  3  2  9  8 15 14 13 12 11 10  1
use3a-ss-b200-gpu-149:99386:99386 [0] NCCL INFO Channel 10/16 :  0  7  6  5  4  3 10  9  8 15 14 13 12 11  2  1
use3a-ss-b200-gpu-149:99386:99386 [0] NCCL INFO Channel 11/16 :  0  7  6  5  4 11 10  9  8 15 14 13 12  3  2  1
use3a-ss-b200-gpu-149:99386:99386 [0] NCCL INFO Channel 12/16 :  0  7  6  5 12 11 10  9  8 15 14 13  4  3  2  1
use3a-ss-b200-gpu-149:99386:99386 [0] NCCL INFO Channel 13/16 :  0  7  6 13 12 11 10  9  8 15 14  5  4  3  2  1
use3a-ss-b200-gpu-149:99386:99386 [0] NCCL INFO Channel 14/16 :  0  7 14 13 12 11 10  9  8 15  6  5  4  3  2  1
use3a-ss-b200-gpu-149:99386:99386 [0] NCCL INFO Channel 15/16 :  0 15 14 13 12 11 10  9  8  7  6  5  4  3  2  1
use3a-ss-b200-gpu-149:99386:99386 [0] NCCL INFO Trees [0] 1/8/-1->0->-1 [1] -1/-1/-1->0->7 [2] 1/-1/-1->0->7 [3] 1/-1/-1->0->7 [4] 1/-1/-1->0->7 [5] 1/-1/-1->0->7 [6] 1/-1/-1->0->7 [7] 1/-1/-1->0->7 [8] 1/-1/-1->0->8 [9] -1/-1/-1->0->7 [10] 1/-1/-1->0->7 [11] 1/-1/-1->0->7 [12] 1/-1/-1->0->7 [13] 1/-1/-1->0->7 [14] 1/-1/-1->0->7 [15] 1/-1/-1->0->7
use3a-ss-b200-gpu-149:99386:99386 [0] NCCL INFO P2P Chunksize set to 131072
use3a-ss-b200-gpu-149:99387:99387 [1] NCCL INFO comm 0x5a295a5e0250 rank 1 nRanks 16 nNodes 2 localRanks 8 localRank 1 MNNVL 0
use3a-ss-b200-gpu-149:99387:99387 [1] NCCL INFO Trees [0] 2/-1/-1->1->0 [1] 2/9/-1->1->-1 [2] -1/-1/-1->1->0 [3] 2/-1/-1->1->0 [4] 2/-1/-1->1->0 [5] 2/-1/-1->1->0 [6] 2/-1/-1->1->0 [7] 2/-1/-1->1->0 [8] 2/-1/-1->1->0 [9] 2/-1/-1->1->9 [10] -1/-1/-1->1->0 [11] 2/-1/-1->1->0 [12] 2/-1/-1->1->0 [13] 2/-1/-1->1->0 [14] 2/-1/-1->1->0 [15] 2/-1/-1->1->0
use3a-ss-b200-gpu-149:99387:99387 [1] NCCL INFO P2P Chunksize set to 131072
use3a-ss-b200-gpu-149:99388:99388 [2] NCCL INFO comm 0x5b30f2a5f970 rank 2 nRanks 16 nNodes 2 localRanks 8 localRank 2 MNNVL 0
use3a-ss-b200-gpu-149:99388:99388 [2] NCCL INFO Trees [0] 3/-1/-1->2->1 [1] 3/-1/-1->2->1 [2] 3/10/-1->2->-1 [3] -1/-1/-1->2->1 [4] 3/-1/-1->2->1 [5] 3/-1/-1->2->1 [6] 3/-1/-1->2->1 [7] 3/-1/-1->2->1 [8] 3/-1/-1->2->1 [9] 3/-1/-1->2->1 [10] 3/-1/-1->2->10 [11] -1/-1/-1->2->1 [12] 3/-1/-1->2->1 [13] 3/-1/-1->2->1 [14] 3/-1/-1->2->1 [15] 3/-1/-1->2->1
use3a-ss-b200-gpu-149:99388:99388 [2] NCCL INFO P2P Chunksize set to 131072
use3a-ss-b200-gpu-149:99389:99389 [3] NCCL INFO comm 0x5978f16bcf60 rank 3 nRanks 16 nNodes 2 localRanks 8 localRank 3 MNNVL 0
use3a-ss-b200-gpu-149:99389:99389 [3] NCCL INFO Trees [0] 4/-1/-1->3->2 [1] 4/-1/-1->3->2 [2] 4/-1/-1->3->2 [3] 4/11/-1->3->-1 [4] -1/-1/-1->3->2 [5] 4/-1/-1->3->2 [6] 4/-1/-1->3->2 [7] 4/-1/-1->3->2 [8] 4/-1/-1->3->2 [9] 4/-1/-1->3->2 [10] 4/-1/-1->3->2 [11] 4/-1/-1->3->11 [12] -1/-1/-1->3->2 [13] 4/-1/-1->3->2 [14] 4/-1/-1->3->2 [15] 4/-1/-1->3->2
use3a-ss-b200-gpu-149:99389:99389 [3] NCCL INFO P2P Chunksize set to 131072
use3a-ss-b200-gpu-150:98608:98608 [5] NCCL INFO comm 0x5b9617f78330 rank 13 nRanks 16 nNodes 2 localRanks 8 localRank 5 MNNVL 0
use3a-ss-b200-gpu-150:98608:98608 [5] NCCL INFO Trees [0] 14/-1/-1->13->12 [1] 14/-1/-1->13->12 [2] 14/-1/-1->13->12 [3] 14/-1/-1->13->12 [4] 14/-1/-1->13->12 [5] 14/-1/-1->13->5 [6] -1/-1/-1->13->12 [7] 14/-1/-1->13->12 [8] 14/-1/-1->13->12 [9] 14/-1/-1->13->12 [10] 14/-1/-1->13->12 [11] 14/-1/-1->13->12 [12] 14/-1/-1->13->12 [13] 14/5/-1->13->-1 [14] -1/-1/-1->13->12 [15] 14/-1/-1->13->12
use3a-ss-b200-gpu-150:98608:98608 [5] NCCL INFO P2P Chunksize set to 131072
use3a-ss-b200-gpu-150:98609:98609 [6] NCCL INFO comm 0x56c7d596ed50 rank 14 nRanks 16 nNodes 2 localRanks 8 localRank 6 MNNVL 0
use3a-ss-b200-gpu-150:98609:98609 [6] NCCL INFO Trees [0] 15/-1/-1->14->13 [1] 15/-1/-1->14->13 [2] 15/-1/-1->14->13 [3] 15/-1/-1->14->13 [4] 15/-1/-1->14->13 [5] 15/-1/-1->14->13 [6] 15/-1/-1->14->6 [7] -1/-1/-1->14->13 [8] 15/-1/-1->14->13 [9] 15/-1/-1->14->13 [10] 15/-1/-1->14->13 [11] 15/-1/-1->14->13 [12] 15/-1/-1->14->13 [13] 15/-1/-1->14->13 [14] 15/6/-1->14->-1 [15] -1/-1/-1->14->13
use3a-ss-b200-gpu-150:98609:98609 [6] NCCL INFO P2P Chunksize set to 131072
use3a-ss-b200-gpu-149:99390:99390 [4] NCCL INFO comm 0x5baa1c7ec0c0 rank 4 nRanks 16 nNodes 2 localRanks 8 localRank 4 MNNVL 0
use3a-ss-b200-gpu-149:99390:99390 [4] NCCL INFO Trees [0] 5/-1/-1->4->3 [1] 5/-1/-1->4->3 [2] 5/-1/-1->4->3 [3] 5/-1/-1->4->3 [4] 5/12/-1->4->-1 [5] -1/-1/-1->4->3 [6] 5/-1/-1->4->3 [7] 5/-1/-1->4->3 [8] 5/-1/-1->4->3 [9] 5/-1/-1->4->3 [10] 5/-1/-1->4->3 [11] 5/-1/-1->4->3 [12] 5/-1/-1->4->12 [13] -1/-1/-1->4->3 [14] 5/-1/-1->4->3 [15] 5/-1/-1->4->3
use3a-ss-b200-gpu-149:99390:99390 [4] NCCL INFO P2P Chunksize set to 131072
use3a-ss-b200-gpu-150:98607:98607 [4] NCCL INFO comm 0x5b46d27cca30 rank 12 nRanks 16 nNodes 2 localRanks 8 localRank 4 MNNVL 0
use3a-ss-b200-gpu-150:98607:98607 [4] NCCL INFO Trees [0] 13/-1/-1->12->11 [1] 13/-1/-1->12->11 [2] 13/-1/-1->12->11 [3] 13/-1/-1->12->11 [4] 13/-1/-1->12->4 [5] -1/-1/-1->12->11 [6] 13/-1/-1->12->11 [7] 13/-1/-1->12->11 [8] 13/-1/-1->12->11 [9] 13/-1/-1->12->11 [10] 13/-1/-1->12->11 [11] 13/-1/-1->12->11 [12] 13/4/-1->12->-1 [13] -1/-1/-1->12->11 [14] 13/-1/-1->12->11 [15] 13/-1/-1->12->11
use3a-ss-b200-gpu-150:98607:98607 [4] NCCL INFO P2P Chunksize set to 131072
use3a-ss-b200-gpu-149:99391:99391 [5] NCCL INFO comm 0x5e8e6cbe0170 rank 5 nRanks 16 nNodes 2 localRanks 8 localRank 5 MNNVL 0
use3a-ss-b200-gpu-149:99391:99391 [5] NCCL INFO Trees [0] 6/-1/-1->5->4 [1] 6/-1/-1->5->4 [2] 6/-1/-1->5->4 [3] 6/-1/-1->5->4 [4] 6/-1/-1->5->4 [5] 6/13/-1->5->-1 [6] -1/-1/-1->5->4 [7] 6/-1/-1->5->4 [8] 6/-1/-1->5->4 [9] 6/-1/-1->5->4 [10] 6/-1/-1->5->4 [11] 6/-1/-1->5->4 [12] 6/-1/-1->5->4 [13] 6/-1/-1->5->13 [14] -1/-1/-1->5->4 [15] 6/-1/-1->5->4
use3a-ss-b200-gpu-149:99391:99391 [5] NCCL INFO P2P Chunksize set to 131072
use3a-ss-b200-gpu-149:99392:99392 [6] NCCL INFO comm 0x5fc8fa853540 rank 6 nRanks 16 nNodes 2 localRanks 8 localRank 6 MNNVL 0
use3a-ss-b200-gpu-149:99392:99392 [6] NCCL INFO Trees [0] 7/-1/-1->6->5 [1] 7/-1/-1->6->5 [2] 7/-1/-1->6->5 [3] 7/-1/-1->6->5 [4] 7/-1/-1->6->5 [5] 7/-1/-1->6->5 [6] 7/14/-1->6->-1 [7] -1/-1/-1->6->5 [8] 7/-1/-1->6->5 [9] 7/-1/-1->6->5 [10] 7/-1/-1->6->5 [11] 7/-1/-1->6->5 [12] 7/-1/-1->6->5 [13] 7/-1/-1->6->5 [14] 7/-1/-1->6->14 [15] -1/-1/-1->6->5
use3a-ss-b200-gpu-149:99392:99392 [6] NCCL INFO P2P Chunksize set to 131072
use3a-ss-b200-gpu-150:98606:98606 [3] NCCL INFO comm 0x56dec8745be0 rank 11 nRanks 16 nNodes 2 localRanks 8 localRank 3 MNNVL 0
use3a-ss-b200-gpu-150:98606:98606 [3] NCCL INFO Trees [0] 12/-1/-1->11->10 [1] 12/-1/-1->11->10 [2] 12/-1/-1->11->10 [3] 12/-1/-1->11->3 [4] -1/-1/-1->11->10 [5] 12/-1/-1->11->10 [6] 12/-1/-1->11->10 [7] 12/-1/-1->11->10 [8] 12/-1/-1->11->10 [9] 12/-1/-1->11->10 [10] 12/-1/-1->11->10 [11] 12/3/-1->11->-1 [12] -1/-1/-1->11->10 [13] 12/-1/-1->11->10 [14] 12/-1/-1->11->10 [15] 12/-1/-1->11->10
use3a-ss-b200-gpu-150:98606:98606 [3] NCCL INFO P2P Chunksize set to 131072
use3a-ss-b200-gpu-149:99393:99393 [7] NCCL INFO comm 0x6016bc033f20 rank 7 nRanks 16 nNodes 2 localRanks 8 localRank 7 MNNVL 0
use3a-ss-b200-gpu-149:99393:99393 [7] NCCL INFO Trees [0] -1/-1/-1->7->6 [1] 0/-1/-1->7->6 [2] 0/-1/-1->7->6 [3] 0/-1/-1->7->6 [4] 0/-1/-1->7->6 [5] 0/-1/-1->7->6 [6] 0/-1/-1->7->6 [7] 0/15/-1->7->-1 [8] -1/-1/-1->7->6 [9] 0/-1/-1->7->6 [10] 0/-1/-1->7->6 [11] 0/-1/-1->7->6 [12] 0/-1/-1->7->6 [13] 0/-1/-1->7->6 [14] 0/-1/-1->7->6 [15] 0/-1/-1->7->15
use3a-ss-b200-gpu-149:99393:99393 [7] NCCL INFO P2P Chunksize set to 131072
use3a-ss-b200-gpu-150:98603:98603 [0] NCCL INFO comm 0x5df0ed0cbbe0 rank 8 nRanks 16 nNodes 2 localRanks 8 localRank 0 MNNVL 0
use3a-ss-b200-gpu-150:98603:98603 [0] NCCL INFO Trees [0] 9/-1/-1->8->0 [1] -1/-1/-1->8->15 [2] 9/-1/-1->8->15 [3] 9/-1/-1->8->15 [4] 9/-1/-1->8->15 [5] 9/-1/-1->8->15 [6] 9/-1/-1->8->15 [7] 9/-1/-1->8->15 [8] 9/0/-1->8->-1 [9] -1/-1/-1->8->15 [10] 9/-1/-1->8->15 [11] 9/-1/-1->8->15 [12] 9/-1/-1->8->15 [13] 9/-1/-1->8->15 [14] 9/-1/-1->8->15 [15] 9/-1/-1->8->15
use3a-ss-b200-gpu-150:98603:98603 [0] NCCL INFO P2P Chunksize set to 131072
use3a-ss-b200-gpu-150:98604:98604 [1] NCCL INFO comm 0x571883752fe0 rank 9 nRanks 16 nNodes 2 localRanks 8 localRank 1 MNNVL 0
use3a-ss-b200-gpu-150:98604:98604 [1] NCCL INFO Trees [0] 10/-1/-1->9->8 [1] 10/-1/-1->9->1 [2] -1/-1/-1->9->8 [3] 10/-1/-1->9->8 [4] 10/-1/-1->9->8 [5] 10/-1/-1->9->8 [6] 10/-1/-1->9->8 [7] 10/-1/-1->9->8 [8] 10/-1/-1->9->8 [9] 10/1/-1->9->-1 [10] -1/-1/-1->9->8 [11] 10/-1/-1->9->8 [12] 10/-1/-1->9->8 [13] 10/-1/-1->9->8 [14] 10/-1/-1->9->8 [15] 10/-1/-1->9->8
use3a-ss-b200-gpu-150:98604:98604 [1] NCCL INFO P2P Chunksize set to 131072
use3a-ss-b200-gpu-150:98605:98605 [2] NCCL INFO comm 0x5ae7a5a19680 rank 10 nRanks 16 nNodes 2 localRanks 8 localRank 2 MNNVL 0
use3a-ss-b200-gpu-150:98605:98605 [2] NCCL INFO Trees [0] 11/-1/-1->10->9 [1] 11/-1/-1->10->9 [2] 11/-1/-1->10->2 [3] -1/-1/-1->10->9 [4] 11/-1/-1->10->9 [5] 11/-1/-1->10->9 [6] 11/-1/-1->10->9 [7] 11/-1/-1->10->9 [8] 11/-1/-1->10->9 [9] 11/-1/-1->10->9 [10] 11/2/-1->10->-1 [11] -1/-1/-1->10->9 [12] 11/-1/-1->10->9 [13] 11/-1/-1->10->9 [14] 11/-1/-1->10->9 [15] 11/-1/-1->10->9
use3a-ss-b200-gpu-150:98605:98605 [2] NCCL INFO P2P Chunksize set to 131072
use3a-ss-b200-gpu-150:98610:98610 [7] NCCL INFO PROFILER/Plugin: Could not find: libnccl-profiler.so
use3a-ss-b200-gpu-150:98610:98610 [7] NCCL INFO Check P2P Type isAllDirectP2p 1 directMode 0 isAllCudaP2p 1
use3a-ss-b200-gpu-150:98610:98929 [0] NCCL INFO [Proxy Service] Device 7 CPU core 153
use3a-ss-b200-gpu-149:99386:99386 [0] NCCL INFO PROFILER/Plugin: Could not find: libnccl-profiler.so
use3a-ss-b200-gpu-149:99386:99386 [0] NCCL INFO Check P2P Type isAllDirectP2p 1 directMode 0 isAllCudaP2p 1
use3a-ss-b200-gpu-150:98610:98930 [0] NCCL INFO [Proxy Service UDS] Device 7 CPU core 154
use3a-ss-b200-gpu-150:98605:98605 [2] NCCL INFO PROFILER/Plugin: Could not find: libnccl-profiler.so
use3a-ss-b200-gpu-150:98605:98605 [2] NCCL INFO Check P2P Type isAllDirectP2p 1 directMode 0 isAllCudaP2p 1
use3a-ss-b200-gpu-149:99386:99712 [0] NCCL INFO [Proxy Service] Device 0 CPU core 1
use3a-ss-b200-gpu-149:99386:99713 [0] NCCL INFO [Proxy Service UDS] Device 0 CPU core 2
use3a-ss-b200-gpu-150:98605:98931 [0] NCCL INFO [Proxy Service] Device 2 CPU core 11
use3a-ss-b200-gpu-150:98605:98932 [0] NCCL INFO [Proxy Service UDS] Device 2 CPU core 12
use3a-ss-b200-gpu-149:99389:99389 [3] NCCL INFO PROFILER/Plugin: Could not find: libnccl-profiler.so
use3a-ss-b200-gpu-149:99389:99389 [3] NCCL INFO Check P2P Type isAllDirectP2p 1 directMode 0 isAllCudaP2p 1
use3a-ss-b200-gpu-149:99389:99714 [0] NCCL INFO [Proxy Service] Device 3 CPU core 137
use3a-ss-b200-gpu-149:99389:99715 [0] NCCL INFO [Proxy Service UDS] Device 3 CPU core 139
use3a-ss-b200-gpu-149:99387:99387 [1] NCCL INFO PROFILER/Plugin: Could not find: libnccl-profiler.so
use3a-ss-b200-gpu-149:99387:99387 [1] NCCL INFO Check P2P Type isAllDirectP2p 1 directMode 0 isAllCudaP2p 1
use3a-ss-b200-gpu-150:98607:98607 [4] NCCL INFO PROFILER/Plugin: Could not find: libnccl-profiler.so
use3a-ss-b200-gpu-150:98607:98607 [4] NCCL INFO Check P2P Type isAllDirectP2p 1 directMode 0 isAllCudaP2p 1
use3a-ss-b200-gpu-149:99387:99716 [0] NCCL INFO [Proxy Service] Device 1 CPU core 134
use3a-ss-b200-gpu-150:98607:98933 [0] NCCL INFO [Proxy Service] Device 4 CPU core 23
use3a-ss-b200-gpu-150:98607:98934 [0] NCCL INFO [Proxy Service UDS] Device 4 CPU core 16
use3a-ss-b200-gpu-149:99387:99717 [0] NCCL INFO [Proxy Service UDS] Device 1 CPU core 135
use3a-ss-b200-gpu-150:98608:98608 [5] NCCL INFO PROFILER/Plugin: Could not find: libnccl-profiler.so
use3a-ss-b200-gpu-150:98608:98608 [5] NCCL INFO Check P2P Type isAllDirectP2p 1 directMode 0 isAllCudaP2p 1
use3a-ss-b200-gpu-149:99393:99393 [7] NCCL INFO PROFILER/Plugin: Could not find: libnccl-profiler.so
use3a-ss-b200-gpu-149:99393:99393 [7] NCCL INFO Check P2P Type isAllDirectP2p 1 directMode 0 isAllCudaP2p 1
use3a-ss-b200-gpu-150:98608:98935 [0] NCCL INFO [Proxy Service] Device 5 CPU core 145
use3a-ss-b200-gpu-150:98608:98936 [0] NCCL INFO [Proxy Service UDS] Device 5 CPU core 146
use3a-ss-b200-gpu-149:99393:99718 [0] NCCL INFO [Proxy Service] Device 7 CPU core 153
use3a-ss-b200-gpu-150:98606:98606 [3] NCCL INFO PROFILER/Plugin: Could not find: libnccl-profiler.so
use3a-ss-b200-gpu-150:98606:98606 [3] NCCL INFO Check P2P Type isAllDirectP2p 1 directMode 0 isAllCudaP2p 1
use3a-ss-b200-gpu-149:99393:99719 [0] NCCL INFO [Proxy Service UDS] Device 7 CPU core 154
use3a-ss-b200-gpu-149:99391:99391 [5] NCCL INFO PROFILER/Plugin: Could not find: libnccl-profiler.so
use3a-ss-b200-gpu-149:99391:99391 [5] NCCL INFO Check P2P Type isAllDirectP2p 1 directMode 0 isAllCudaP2p 1
use3a-ss-b200-gpu-150:98606:98937 [0] NCCL INFO [Proxy Service] Device 3 CPU core 139
use3a-ss-b200-gpu-150:98606:98938 [0] NCCL INFO [Proxy Service UDS] Device 3 CPU core 140
use3a-ss-b200-gpu-150:98604:98604 [1] NCCL INFO PROFILER/Plugin: Could not find: libnccl-profiler.so
use3a-ss-b200-gpu-150:98604:98604 [1] NCCL INFO Check P2P Type isAllDirectP2p 1 directMode 0 isAllCudaP2p 1
use3a-ss-b200-gpu-149:99391:99720 [0] NCCL INFO [Proxy Service] Device 5 CPU core 145
use3a-ss-b200-gpu-149:99391:99721 [0] NCCL INFO [Proxy Service UDS] Device 5 CPU core 146
use3a-ss-b200-gpu-150:98604:98939 [0] NCCL INFO [Proxy Service] Device 1 CPU core 128
use3a-ss-b200-gpu-150:98604:98940 [0] NCCL INFO [Proxy Service UDS] Device 1 CPU core 129
use3a-ss-b200-gpu-150:98603:98603 [0] NCCL INFO PROFILER/Plugin: Could not find: libnccl-profiler.so
use3a-ss-b200-gpu-150:98603:98603 [0] NCCL INFO Check P2P Type isAllDirectP2p 1 directMode 0 isAllCudaP2p 1
use3a-ss-b200-gpu-150:98603:98941 [0] NCCL INFO [Proxy Service] Device 0 CPU core 2
use3a-ss-b200-gpu-150:98609:98609 [6] NCCL INFO PROFILER/Plugin: Could not find: libnccl-profiler.so
use3a-ss-b200-gpu-150:98609:98609 [6] NCCL INFO Check P2P Type isAllDirectP2p 1 directMode 0 isAllCudaP2p 1
use3a-ss-b200-gpu-150:98603:98942 [0] NCCL INFO [Proxy Service UDS] Device 0 CPU core 3
use3a-ss-b200-gpu-150:98609:98943 [0] NCCL INFO [Proxy Service] Device 6 CPU core 25
use3a-ss-b200-gpu-150:98609:98944 [0] NCCL INFO [Proxy Service UDS] Device 6 CPU core 26
use3a-ss-b200-gpu-149:99388:99388 [2] NCCL INFO PROFILER/Plugin: Could not find: libnccl-profiler.so
use3a-ss-b200-gpu-149:99388:99388 [2] NCCL INFO Check P2P Type isAllDirectP2p 1 directMode 0 isAllCudaP2p 1
use3a-ss-b200-gpu-149:99388:99722 [0] NCCL INFO [Proxy Service] Device 2 CPU core 11
use3a-ss-b200-gpu-149:99388:99723 [0] NCCL INFO [Proxy Service UDS] Device 2 CPU core 12
use3a-ss-b200-gpu-149:99390:99390 [4] NCCL INFO PROFILER/Plugin: Could not find: libnccl-profiler.so
use3a-ss-b200-gpu-149:99390:99390 [4] NCCL INFO Check P2P Type isAllDirectP2p 1 directMode 0 isAllCudaP2p 1
use3a-ss-b200-gpu-149:99390:99724 [0] NCCL INFO [Proxy Service] Device 4 CPU core 22
use3a-ss-b200-gpu-149:99390:99725 [0] NCCL INFO [Proxy Service UDS] Device 4 CPU core 23
use3a-ss-b200-gpu-149:99392:99392 [6] NCCL INFO PROFILER/Plugin: Could not find: libnccl-profiler.so
use3a-ss-b200-gpu-149:99392:99392 [6] NCCL INFO Check P2P Type isAllDirectP2p 1 directMode 0 isAllCudaP2p 1
use3a-ss-b200-gpu-149:99392:99726 [0] NCCL INFO [Proxy Service] Device 6 CPU core 28
use3a-ss-b200-gpu-149:99392:99727 [0] NCCL INFO [Proxy Service UDS] Device 6 CPU core 29
use3a-ss-b200-gpu-149:99386:99386 [0] NCCL INFO TUNER/Plugin: Could not find: libnccl-tuner.so
use3a-ss-b200-gpu-149:99386:99386 [0] NCCL INFO threadThresholds 8/8/64 | 128/8/64 | 512 | 512
use3a-ss-b200-gpu-149:99386:99386 [0] NCCL INFO 16 coll channels, 16 collnet channels, 0 nvls channels, 16 p2p channels, 4 p2p channels per peer
use3a-ss-b200-gpu-149:99386:99386 [0] NCCL INFO Symmetric VA size=180GB
use3a-ss-b200-gpu-150:98603:98603 [0] NCCL INFO TUNER/Plugin: Could not find: libnccl-tuner.so
use3a-ss-b200-gpu-150:98603:98603 [0] NCCL INFO threadThresholds 8/8/64 | 128/8/64 | 512 | 512
use3a-ss-b200-gpu-150:98603:98603 [0] NCCL INFO 16 coll channels, 16 collnet channels, 0 nvls channels, 16 p2p channels, 4 p2p channels per peer
use3a-ss-b200-gpu-150:98603:98603 [0] NCCL INFO Symmetric VA size=180GB
use3a-ss-b200-gpu-149:99386:99386 [0] NCCL INFO CC Off, workFifoBytes 1048576
use3a-ss-b200-gpu-150:98610:98610 [7] NCCL INFO TUNER/Plugin: Could not find: libnccl-tuner.so
use3a-ss-b200-gpu-150:98610:98610 [7] NCCL INFO threadThresholds 8/8/64 | 128/8/64 | 512 | 512
use3a-ss-b200-gpu-150:98610:98610 [7] NCCL INFO 16 coll channels, 16 collnet channels, 0 nvls channels, 16 p2p channels, 4 p2p channels per peer
use3a-ss-b200-gpu-150:98610:98610 [7] NCCL INFO Symmetric VA size=180GB
use3a-ss-b200-gpu-149:99387:99387 [1] NCCL INFO TUNER/Plugin: Could not find: libnccl-tuner.so
use3a-ss-b200-gpu-149:99387:99387 [1] NCCL INFO threadThresholds 8/8/64 | 128/8/64 | 512 | 512
use3a-ss-b200-gpu-149:99387:99387 [1] NCCL INFO 16 coll channels, 16 collnet channels, 0 nvls channels, 16 p2p channels, 4 p2p channels per peer
use3a-ss-b200-gpu-149:99387:99387 [1] NCCL INFO Symmetric VA size=180GB
use3a-ss-b200-gpu-149:99388:99388 [2] NCCL INFO TUNER/Plugin: Could not find: libnccl-tuner.so
use3a-ss-b200-gpu-149:99388:99388 [2] NCCL INFO threadThresholds 8/8/64 | 128/8/64 | 512 | 512
use3a-ss-b200-gpu-149:99388:99388 [2] NCCL INFO 16 coll channels, 16 collnet channels, 0 nvls channels, 16 p2p channels, 4 p2p channels per peer
use3a-ss-b200-gpu-149:99388:99388 [2] NCCL INFO Symmetric VA size=180GB
use3a-ss-b200-gpu-150:98605:98605 [2] NCCL INFO TUNER/Plugin: Could not find: libnccl-tuner.so
use3a-ss-b200-gpu-150:98605:98605 [2] NCCL INFO threadThresholds 8/8/64 | 128/8/64 | 512 | 512
use3a-ss-b200-gpu-150:98605:98605 [2] NCCL INFO 16 coll channels, 16 collnet channels, 0 nvls channels, 16 p2p channels, 4 p2p channels per peer
use3a-ss-b200-gpu-150:98605:98605 [2] NCCL INFO Symmetric VA size=180GB
use3a-ss-b200-gpu-150:98607:98607 [4] NCCL INFO TUNER/Plugin: Could not find: libnccl-tuner.so
use3a-ss-b200-gpu-150:98607:98607 [4] NCCL INFO threadThresholds 8/8/64 | 128/8/64 | 512 | 512
use3a-ss-b200-gpu-150:98607:98607 [4] NCCL INFO 16 coll channels, 16 collnet channels, 0 nvls channels, 16 p2p channels, 4 p2p channels per peer
use3a-ss-b200-gpu-150:98607:98607 [4] NCCL INFO Symmetric VA size=180GB
use3a-ss-b200-gpu-150:98604:98604 [1] NCCL INFO TUNER/Plugin: Could not find: libnccl-tuner.so
use3a-ss-b200-gpu-150:98604:98604 [1] NCCL INFO threadThresholds 8/8/64 | 128/8/64 | 512 | 512
use3a-ss-b200-gpu-150:98604:98604 [1] NCCL INFO 16 coll channels, 16 collnet channels, 0 nvls channels, 16 p2p channels, 4 p2p channels per peer
use3a-ss-b200-gpu-150:98604:98604 [1] NCCL INFO Symmetric VA size=180GB
use3a-ss-b200-gpu-149:99392:99392 [6] NCCL INFO TUNER/Plugin: Could not find: libnccl-tuner.so
use3a-ss-b200-gpu-149:99392:99392 [6] NCCL INFO threadThresholds 8/8/64 | 128/8/64 | 512 | 512
use3a-ss-b200-gpu-149:99392:99392 [6] NCCL INFO 16 coll channels, 16 collnet channels, 0 nvls channels, 16 p2p channels, 4 p2p channels per peer
use3a-ss-b200-gpu-149:99392:99392 [6] NCCL INFO Symmetric VA size=180GB
use3a-ss-b200-gpu-150:98608:98608 [5] NCCL INFO TUNER/Plugin: Could not find: libnccl-tuner.so
use3a-ss-b200-gpu-150:98608:98608 [5] NCCL INFO threadThresholds 8/8/64 | 128/8/64 | 512 | 512
use3a-ss-b200-gpu-150:98608:98608 [5] NCCL INFO 16 coll channels, 16 collnet channels, 0 nvls channels, 16 p2p channels, 4 p2p channels per peer
use3a-ss-b200-gpu-150:98608:98608 [5] NCCL INFO Symmetric VA size=180GB
use3a-ss-b200-gpu-150:98606:98606 [3] NCCL INFO TUNER/Plugin: Could not find: libnccl-tuner.so
use3a-ss-b200-gpu-150:98606:98606 [3] NCCL INFO threadThresholds 8/8/64 | 128/8/64 | 512 | 512
use3a-ss-b200-gpu-150:98606:98606 [3] NCCL INFO 16 coll channels, 16 collnet channels, 0 nvls channels, 16 p2p channels, 4 p2p channels per peer
use3a-ss-b200-gpu-150:98606:98606 [3] NCCL INFO Symmetric VA size=180GB
use3a-ss-b200-gpu-149:99389:99389 [3] NCCL INFO TUNER/Plugin: Could not find: libnccl-tuner.so
use3a-ss-b200-gpu-149:99389:99389 [3] NCCL INFO threadThresholds 8/8/64 | 128/8/64 | 512 | 512
use3a-ss-b200-gpu-149:99389:99389 [3] NCCL INFO 16 coll channels, 16 collnet channels, 0 nvls channels, 16 p2p channels, 4 p2p channels per peer
use3a-ss-b200-gpu-149:99389:99389 [3] NCCL INFO Symmetric VA size=180GB
use3a-ss-b200-gpu-150:98609:98609 [6] NCCL INFO TUNER/Plugin: Could not find: libnccl-tuner.so
use3a-ss-b200-gpu-150:98609:98609 [6] NCCL INFO threadThresholds 8/8/64 | 128/8/64 | 512 | 512
use3a-ss-b200-gpu-150:98609:98609 [6] NCCL INFO 16 coll channels, 16 collnet channels, 0 nvls channels, 16 p2p channels, 4 p2p channels per peer
use3a-ss-b200-gpu-150:98609:98609 [6] NCCL INFO Symmetric VA size=180GB
use3a-ss-b200-gpu-150:98603:98603 [0] NCCL INFO ncclCommInitRank comm 0x5df0ed0cbbe0 rank 8 nranks 16 cudaDev 0 nvmlDev 0 busId 17000 commId 0x8f18b42f0287817b - Init COMPLETE
use3a-ss-b200-gpu-150:98603:98603 [0] NCCL INFO Init timings - ncclCommInitRank: rank 8 nranks 16 total 3.22 (kernels 0.28, alloc 1.43, bootstrap 0.15, allgathers 0.02, topo 1.12, graphs 0.11, connections 0.06, rest 0.05)
use3a-ss-b200-gpu-150:98604:98604 [1] NCCL INFO ncclCommInitRank comm 0x571883752fe0 rank 9 nranks 16 cudaDev 1 nvmlDev 1 busId 3d000 commId 0x8f18b42f0287817b - Init COMPLETE
use3a-ss-b200-gpu-150:98604:98604 [1] NCCL INFO Init timings - ncclCommInitRank: rank 9 nranks 16 total 3.26 (kernels 0.31, alloc 1.52, bootstrap 0.07, allgathers 0.02, topo 1.12, graphs 0.11, connections 0.09, rest 0.01)
use3a-ss-b200-gpu-150:98605:98605 [2] NCCL INFO ncclCommInitRank comm 0x5ae7a5a19680 rank 10 nranks 16 cudaDev 2 nvmlDev 2 busId 5f000 commId 0x8f18b42f0287817b - Init COMPLETE
use3a-ss-b200-gpu-150:98605:98605 [2] NCCL INFO Init timings - ncclCommInitRank: rank 10 nranks 16 total 3.22 (kernels 0.28, alloc 1.49, bootstrap 0.10, allgathers 0.02, topo 1.12, graphs 0.11, connections 0.09, rest 0.01)
use3a-ss-b200-gpu-149:99391:99391 [5] NCCL INFO TUNER/Plugin: Could not find: libnccl-tuner.so
use3a-ss-b200-gpu-149:99391:99391 [5] NCCL INFO threadThresholds 8/8/64 | 128/8/64 | 512 | 512
use3a-ss-b200-gpu-149:99391:99391 [5] NCCL INFO 16 coll channels, 16 collnet channels, 0 nvls channels, 16 p2p channels, 4 p2p channels per peer
use3a-ss-b200-gpu-149:99391:99391 [5] NCCL INFO Symmetric VA size=180GB
use3a-ss-b200-gpu-150:98606:98606 [3] NCCL INFO ncclCommInitRank comm 0x56dec8745be0 rank 11 nranks 16 cudaDev 3 nvmlDev 3 busId 70000 commId 0x8f18b42f0287817b - Init COMPLETE
use3a-ss-b200-gpu-150:98606:98606 [3] NCCL INFO Init timings - ncclCommInitRank: rank 11 nranks 16 total 3.29 (kernels 0.31, alloc 1.02, bootstrap 0.60, allgathers 0.02, topo 1.12, graphs 0.11, connections 0.09, rest 0.01)
use3a-ss-b200-gpu-150:98607:98607 [4] NCCL INFO ncclCommInitRank comm 0x5b46d27cca30 rank 12 nranks 16 cudaDev 4 nvmlDev 4 busId 97000 commId 0x8f18b42f0287817b - Init COMPLETE
use3a-ss-b200-gpu-150:98607:98607 [4] NCCL INFO Init timings - ncclCommInitRank: rank 12 nranks 16 total 3.26 (kernels 0.31, alloc 1.59, bootstrap 0.01, allgathers 0.02, topo 1.12, graphs 0.11, connections 0.09, rest 0.01)
use3a-ss-b200-gpu-150:98608:98608 [5] NCCL INFO ncclCommInitRank comm 0x5b9617f78330 rank 13 nranks 16 cudaDev 5 nvmlDev 5 busId ba000 commId 0x8f18b42f0287817b - Init COMPLETE
use3a-ss-b200-gpu-150:98608:98608 [5] NCCL INFO Init timings - ncclCommInitRank: rank 13 nranks 16 total 3.51 (kernels 0.39, alloc 0.64, bootstrap 1.12, allgathers 0.02, topo 1.12, graphs 0.11, connections 0.09, rest 0.01)
use3a-ss-b200-gpu-150:98609:98609 [6] NCCL INFO ncclCommInitRank comm 0x56c7d596ed50 rank 14 nranks 16 cudaDev 6 nvmlDev 6 busId dc000 commId 0x8f18b42f0287817b - Init COMPLETE
use3a-ss-b200-gpu-150:98609:98609 [6] NCCL INFO Init timings - ncclCommInitRank: rank 14 nranks 16 total 3.25 (kernels 0.30, alloc 1.58, bootstrap 0.01, allgathers 0.02, topo 1.12, graphs 0.11, connections 0.09, rest 0.01)
use3a-ss-b200-gpu-150:98610:98610 [7] NCCL INFO ncclCommInitRank comm 0x61dc655729e0 rank 15 nranks 16 cudaDev 7 nvmlDev 7 busId ed000 commId 0x8f18b42f0287817b - Init COMPLETE
use3a-ss-b200-gpu-150:98610:98610 [7] NCCL INFO Init timings - ncclCommInitRank: rank 15 nranks 16 total 3.28 (kernels 0.31, alloc 1.56, bootstrap 0.05, allgathers 0.02, topo 1.12, graphs 0.11, connections 0.08, rest 0.03)
use3a-ss-b200-gpu-149:99393:99393 [7] NCCL INFO TUNER/Plugin: Could not find: libnccl-tuner.so
use3a-ss-b200-gpu-149:99393:99393 [7] NCCL INFO threadThresholds 8/8/64 | 128/8/64 | 512 | 512
use3a-ss-b200-gpu-149:99393:99393 [7] NCCL INFO 16 coll channels, 16 collnet channels, 0 nvls channels, 16 p2p channels, 4 p2p channels per peer
use3a-ss-b200-gpu-149:99393:99393 [7] NCCL INFO Symmetric VA size=180GB
use3a-ss-b200-gpu-149:99390:99390 [4] NCCL INFO TUNER/Plugin: Could not find: libnccl-tuner.so
use3a-ss-b200-gpu-149:99390:99390 [4] NCCL INFO threadThresholds 8/8/64 | 128/8/64 | 512 | 512
use3a-ss-b200-gpu-149:99390:99390 [4] NCCL INFO 16 coll channels, 16 collnet channels, 0 nvls channels, 16 p2p channels, 4 p2p channels per peer
use3a-ss-b200-gpu-149:99390:99390 [4] NCCL INFO Symmetric VA size=180GB
use3a-ss-b200-gpu-149:99386:99386 [0] NCCL INFO ncclCommInitRank comm 0x5bbf54681400 rank 0 nranks 16 cudaDev 0 nvmlDev 0 busId 17000 commId 0x8f18b42f0287817b - Init COMPLETE
use3a-ss-b200-gpu-149:99386:99386 [0] NCCL INFO Init timings - ncclCommInitRank: rank 0 nranks 16 total 3.64 (kernels 0.50, alloc 0.55, bootstrap 1.23, allgathers 0.07, topo 1.07, graphs 0.11, connections 0.06, rest 0.05)
#
#                                                              out-of-place                       in-place          
#       size         count      type   redop    root     time   algbw   busbw #wrong     time   algbw   busbw #wrong
#        (B)    (elements)                               (us)  (GB/s)  (GB/s)            (us)  (GB/s)  (GB/s)       
use3a-ss-b200-gpu-149:99387:99387 [1] NCCL INFO ncclCommInitRank comm 0x5a295a5e0250 rank 1 nranks 16 cudaDev 1 nvmlDev 1 busId 3d000 commId 0x8f18b42f0287817b - Init COMPLETE
use3a-ss-b200-gpu-149:99387:99387 [1] NCCL INFO Init timings - ncclCommInitRank: rank 1 nranks 16 total 3.23 (kernels 0.33, alloc 1.31, bootstrap 0.23, allgathers 0.08, topo 1.07, graphs 0.11, connections 0.09, rest 0.02)
use3a-ss-b200-gpu-149:99388:99388 [2] NCCL INFO ncclCommInitRank comm 0x5b30f2a5f970 rank 2 nranks 16 cudaDev 2 nvmlDev 2 busId 5f000 commId 0x8f18b42f0287817b - Init COMPLETE
use3a-ss-b200-gpu-149:99388:99388 [2] NCCL INFO Init timings - ncclCommInitRank: rank 2 nranks 16 total 3.35 (kernels 0.32, alloc 0.77, bootstrap 0.91, allgathers 0.08, topo 1.07, graphs 0.11, connections 0.08, rest 0.03)
use3a-ss-b200-gpu-149:99389:99389 [3] NCCL INFO ncclCommInitRank comm 0x5978f16bcf60 rank 3 nranks 16 cudaDev 3 nvmlDev 3 busId 70000 commId 0x8f18b42f0287817b - Init COMPLETE
use3a-ss-b200-gpu-149:99389:99389 [3] NCCL INFO Init timings - ncclCommInitRank: rank 3 nranks 16 total 3.15 (kernels 0.33, alloc 1.37, bootstrap 0.09, allgathers 0.08, topo 1.06, graphs 0.11, connections 0.10, rest 0.01)
use3a-ss-b200-gpu-149:99390:99390 [4] NCCL INFO ncclCommInitRank comm 0x5baa1c7ec0c0 rank 4 nranks 16 cudaDev 4 nvmlDev 4 busId 97000 commId 0x8f18b42f0287817b - Init COMPLETE
use3a-ss-b200-gpu-149:99390:99390 [4] NCCL INFO Init timings - ncclCommInitRank: rank 4 nranks 16 total 3.29 (kernels 0.30, alloc 1.21, bootstrap 0.42, allgathers 0.07, topo 1.07, graphs 0.11, connections 0.09, rest 0.02)
use3a-ss-b200-gpu-149:99391:99391 [5] NCCL INFO ncclCommInitRank comm 0x5e8e6cbe0170 rank 5 nranks 16 cudaDev 5 nvmlDev 5 busId ba000 commId 0x8f18b42f0287817b - Init COMPLETE
use3a-ss-b200-gpu-149:99391:99391 [5] NCCL INFO Init timings - ncclCommInitRank: rank 5 nranks 16 total 3.17 (kernels 0.34, alloc 1.28, bootstrap 0.19, allgathers 0.08, topo 1.06, graphs 0.11, connections 0.09, rest 0.01)
use3a-ss-b200-gpu-149:99392:99392 [6] NCCL INFO ncclCommInitRank comm 0x5fc8fa853540 rank 6 nranks 16 cudaDev 6 nvmlDev 6 busId dc000 commId 0x8f18b42f0287817b - Init COMPLETE
use3a-ss-b200-gpu-149:99392:99392 [6] NCCL INFO Init timings - ncclCommInitRank: rank 6 nranks 16 total 3.17 (kernels 0.36, alloc 1.38, bootstrap 0.08, allgathers 0.08, topo 1.07, graphs 0.11, connections 0.08, rest 0.02)
use3a-ss-b200-gpu-149:99393:99393 [7] NCCL INFO ncclCommInitRank comm 0x6016bc033f20 rank 7 nranks 16 cudaDev 7 nvmlDev 7 busId ed000 commId 0x8f18b42f0287817b - Init COMPLETE
use3a-ss-b200-gpu-149:99393:99393 [7] NCCL INFO Init timings - ncclCommInitRank: rank 7 nranks 16 total 3.17 (kernels 0.35, alloc 1.38, bootstrap 0.08, allgathers 0.08, topo 1.06, graphs 0.11, connections 0.10, rest 0.01)
use3a-ss-b200-gpu-150:98607:98607 [4] NCCL INFO Channel 00/1 : 12[4] -> 13[5] via P2P/CUMEM
use3a-ss-b200-gpu-150:98607:98607 [4] NCCL INFO Channel 01/1 : 12[4] -> 13[5] via P2P/CUMEM
use3a-ss-b200-gpu-150:98607:98607 [4] NCCL INFO Channel 02/1 : 12[4] -> 13[5] via P2P/CUMEM
use3a-ss-b200-gpu-149:99392:99392 [6] NCCL INFO Channel 00/1 : 6[6] -> 7[7] via P2P/CUMEM
use3a-ss-b200-gpu-150:98609:98609 [6] NCCL INFO Channel 00/1 : 14[6] -> 15[7] via P2P/CUMEM
use3a-ss-b200-gpu-149:99392:99392 [6] NCCL INFO Channel 01/1 : 6[6] -> 7[7] via P2P/CUMEM
use3a-ss-b200-gpu-150:98607:98607 [4] NCCL INFO Channel 03/1 : 12[4] -> 13[5] via P2P/CUMEM
use3a-ss-b200-gpu-149:99389:99389 [3] NCCL INFO Channel 00/1 : 3[3] -> 4[4] via P2P/CUMEM
use3a-ss-b200-gpu-149:99389:99389 [3] NCCL INFO Channel 01/1 : 3[3] -> 4[4] via P2P/CUMEM
use3a-ss-b200-gpu-150:98606:98606 [3] NCCL INFO Channel 00/1 : 11[3] -> 12[4] via P2P/CUMEM
use3a-ss-b200-gpu-149:99391:99391 [5] NCCL INFO Channel 00/1 : 5[5] -> 6[6] via P2P/CUMEM
use3a-ss-b200-gpu-149:99392:99392 [6] NCCL INFO Channel 02/1 : 6[6] -> 7[7] via P2P/CUMEM
use3a-ss-b200-gpu-149:99387:99387 [1] NCCL INFO Channel 00/1 : 1[1] -> 2[2] via P2P/CUMEM
use3a-ss-b200-gpu-150:98608:98608 [5] NCCL INFO Channel 00/1 : 13[5] -> 14[6] via P2P/CUMEM
use3a-ss-b200-gpu-149:99390:99390 [4] NCCL INFO Channel 00/1 : 4[4] -> 5[5] via P2P/CUMEM
use3a-ss-b200-gpu-149:99392:99392 [6] NCCL INFO Channel 03/1 : 6[6] -> 7[7] via P2P/CUMEM
use3a-ss-b200-gpu-150:98609:98609 [6] NCCL INFO Channel 01/1 : 14[6] -> 15[7] via P2P/CUMEM
use3a-ss-b200-gpu-149:99389:99389 [3] NCCL INFO Channel 02/1 : 3[3] -> 4[4] via P2P/CUMEM
use3a-ss-b200-gpu-150:98604:98604 [1] NCCL INFO Channel 00/1 : 9[1] -> 10[2] via P2P/CUMEM
use3a-ss-b200-gpu-149:99390:99390 [4] NCCL INFO Channel 01/1 : 4[4] -> 5[5] via P2P/CUMEM
use3a-ss-b200-gpu-150:98609:98609 [6] NCCL INFO Channel 02/1 : 14[6] -> 15[7] via P2P/CUMEM
use3a-ss-b200-gpu-149:99388:99388 [2] NCCL INFO Channel 00/1 : 2[2] -> 3[3] via P2P/CUMEM
use3a-ss-b200-gpu-150:98605:98605 [2] NCCL INFO Channel 00/1 : 10[2] -> 11[3] via P2P/CUMEM
use3a-ss-b200-gpu-150:98608:98608 [5] NCCL INFO Channel 01/1 : 13[5] -> 14[6] via P2P/CUMEM
use3a-ss-b200-gpu-149:99387:99387 [1] NCCL INFO Channel 01/1 : 1[1] -> 2[2] via P2P/CUMEM
use3a-ss-b200-gpu-149:99388:99388 [2] NCCL INFO Channel 01/1 : 2[2] -> 3[3] via P2P/CUMEM
use3a-ss-b200-gpu-150:98605:98605 [2] NCCL INFO Channel 01/1 : 10[2] -> 11[3] via P2P/CUMEM
use3a-ss-b200-gpu-149:99389:99389 [3] NCCL INFO Channel 03/1 : 3[3] -> 4[4] via P2P/CUMEM
use3a-ss-b200-gpu-150:98606:98606 [3] NCCL INFO Channel 01/1 : 11[3] -> 12[4] via P2P/CUMEM
use3a-ss-b200-gpu-149:99391:99391 [5] NCCL INFO Channel 01/1 : 5[5] -> 6[6] via P2P/CUMEM
use3a-ss-b200-gpu-150:98609:98609 [6] NCCL INFO Channel 03/1 : 14[6] -> 15[7] via P2P/CUMEM
use3a-ss-b200-gpu-150:98608:98608 [5] NCCL INFO Channel 02/1 : 13[5] -> 14[6] via P2P/CUMEM
use3a-ss-b200-gpu-149:99388:99388 [2] NCCL INFO Channel 02/1 : 2[2] -> 3[3] via P2P/CUMEM
use3a-ss-b200-gpu-150:98604:98604 [1] NCCL INFO Channel 01/1 : 9[1] -> 10[2] via P2P/CUMEM
use3a-ss-b200-gpu-149:99391:99391 [5] NCCL INFO Channel 02/1 : 5[5] -> 6[6] via P2P/CUMEM
use3a-ss-b200-gpu-150:98608:98608 [5] NCCL INFO Channel 03/1 : 13[5] -> 14[6] via P2P/CUMEM
use3a-ss-b200-gpu-149:99387:99387 [1] NCCL INFO Channel 02/1 : 1[1] -> 2[2] via P2P/CUMEM
use3a-ss-b200-gpu-149:99390:99390 [4] NCCL INFO Channel 02/1 : 4[4] -> 5[5] via P2P/CUMEM
use3a-ss-b200-gpu-150:98606:98606 [3] NCCL INFO Channel 02/1 : 11[3] -> 12[4] via P2P/CUMEM
use3a-ss-b200-gpu-149:99388:99388 [2] NCCL INFO Channel 03/1 : 2[2] -> 3[3] via P2P/CUMEM
use3a-ss-b200-gpu-150:98604:98604 [1] NCCL INFO Channel 02/1 : 9[1] -> 10[2] via P2P/CUMEM
use3a-ss-b200-gpu-150:98605:98605 [2] NCCL INFO Channel 02/1 : 10[2] -> 11[3] via P2P/CUMEM
use3a-ss-b200-gpu-150:98606:98606 [3] NCCL INFO Channel 03/1 : 11[3] -> 12[4] via P2P/CUMEM
use3a-ss-b200-gpu-149:99387:99387 [1] NCCL INFO Channel 03/1 : 1[1] -> 2[2] via P2P/CUMEM
use3a-ss-b200-gpu-149:99391:99391 [5] NCCL INFO Channel 03/1 : 5[5] -> 6[6] via P2P/CUMEM
use3a-ss-b200-gpu-149:99390:99390 [4] NCCL INFO Channel 03/1 : 4[4] -> 5[5] via P2P/CUMEM
use3a-ss-b200-gpu-150:98604:98604 [1] NCCL INFO Channel 03/1 : 9[1] -> 10[2] via P2P/CUMEM
use3a-ss-b200-gpu-150:98605:98605 [2] NCCL INFO Channel 03/1 : 10[2] -> 11[3] via P2P/CUMEM
use3a-ss-b200-gpu-150:98603:98603 [0] NCCL INFO Channel 08/1 : 7[7] -> 8[0] [receive] via NET/NCCL RDMA Plugin v8/0/GDRDMA/Shared
use3a-ss-b200-gpu-150:98603:98945 [0] NCCL INFO [Proxy Progress] Device 0 CPU core 4
use3a-ss-b200-gpu-150:98603:98603 [0] NCCL INFO Channel 09/1 : 7[7] -> 8[0] [receive] via NET/NCCL RDMA Plugin v8/0/GDRDMA/Shared
use3a-ss-b200-gpu-150:98610:98610 [7] NCCL INFO Channel 08/1 : 15[7] -> 0[0] [send] via NET/NCCL RDMA Plugin v8/0(8)/GDRDMA/Shared
use3a-ss-b200-gpu-150:98610:98610 [7] NCCL INFO Channel 09/1 : 15[7] -> 0[0] [send] via NET/NCCL RDMA Plugin v8/0(8)/GDRDMA/Shared
use3a-ss-b200-gpu-150:98603:98603 [0] NCCL INFO Channel 10/1 : 7[7] -> 8[0] [receive] via NET/NCCL RDMA Plugin v8/0/GDRDMA/Shared
use3a-ss-b200-gpu-149:99386:99728 [0] NCCL INFO [Proxy Progress] Device 0 CPU core 4
use3a-ss-b200-gpu-149:99386:99386 [0] NCCL INFO Channel 08/1 : 15[7] -> 0[0] [receive] via NET/NCCL RDMA Plugin v8/0/GDRDMA/Shared
use3a-ss-b200-gpu-149:99386:99386 [0] NCCL INFO Channel 09/1 : 15[7] -> 0[0] [receive] via NET/NCCL RDMA Plugin v8/0/GDRDMA/Shared
use3a-ss-b200-gpu-150:98603:98603 [0] NCCL INFO Channel 11/1 : 7[7] -> 8[0] [receive] via NET/NCCL RDMA Plugin v8/0/GDRDMA/Shared
use3a-ss-b200-gpu-150:98603:98603 [0] NCCL INFO Channel 00/1 : 8[0] -> 9[1] via P2P/CUMEM
use3a-ss-b200-gpu-149:99393:99393 [7] NCCL INFO Channel 08/1 : 7[7] -> 8[0] [send] via NET/NCCL RDMA Plugin v8/0(0)/GDRDMA/Shared
use3a-ss-b200-gpu-149:99393:99393 [7] NCCL INFO Channel 09/1 : 7[7] -> 8[0] [send] via NET/NCCL RDMA Plugin v8/0(0)/GDRDMA/Shared
use3a-ss-b200-gpu-150:98610:98610 [7] NCCL INFO Channel 10/1 : 15[7] -> 0[0] [send] via NET/NCCL RDMA Plugin v8/0(8)/GDRDMA/Shared
use3a-ss-b200-gpu-150:98610:98610 [7] NCCL INFO Channel 11/1 : 15[7] -> 0[0] [send] via NET/NCCL RDMA Plugin v8/0(8)/GDRDMA/Shared
use3a-ss-b200-gpu-149:99386:99386 [0] NCCL INFO Channel 10/1 : 15[7] -> 0[0] [receive] via NET/NCCL RDMA Plugin v8/0/GDRDMA/Shared
use3a-ss-b200-gpu-149:99393:99393 [7] NCCL INFO Channel 10/1 : 7[7] -> 8[0] [send] via NET/NCCL RDMA Plugin v8/0(0)/GDRDMA/Shared
use3a-ss-b200-gpu-149:99386:99386 [0] NCCL INFO Channel 11/1 : 15[7] -> 0[0] [receive] via NET/NCCL RDMA Plugin v8/0/GDRDMA/Shared
use3a-ss-b200-gpu-149:99386:99386 [0] NCCL INFO Channel 00/1 : 0[0] -> 1[1] via P2P/CUMEM
use3a-ss-b200-gpu-149:99393:99393 [7] NCCL INFO Channel 11/1 : 7[7] -> 8[0] [send] via NET/NCCL RDMA Plugin v8/0(0)/GDRDMA/Shared
use3a-ss-b200-gpu-149:99386:99386 [0] NCCL INFO Channel 01/1 : 0[0] -> 1[1] via P2P/CUMEM
use3a-ss-b200-gpu-150:98603:98603 [0] NCCL INFO Channel 01/1 : 8[0] -> 9[1] via P2P/CUMEM
use3a-ss-b200-gpu-150:98603:98603 [0] NCCL INFO Channel 02/1 : 8[0] -> 9[1] via P2P/CUMEM
use3a-ss-b200-gpu-149:99386:99386 [0] NCCL INFO Channel 02/1 : 0[0] -> 1[1] via P2P/CUMEM
use3a-ss-b200-gpu-150:98603:98603 [0] NCCL INFO Channel 03/1 : 8[0] -> 9[1] via P2P/CUMEM
use3a-ss-b200-gpu-149:99386:99386 [0] NCCL INFO Channel 03/1 : 0[0] -> 1[1] via P2P/CUMEM
    67108864      16777216     float     sum      -1   1612.4   41.62   41.62      0   1613.4   41.59   41.59    N/A
use3a-ss-b200-gpu-150:98609:98609 [6] NCCL INFO comm 0x56c7d596ed50 rank 14 nranks 16 cudaDev 6 busId dc000 - Destroy COMPLETE
use3a-ss-b200-gpu-150:98609:98609 [6] NCCL INFO Unloading plugin libnccl-net.so
use3a-ss-b200-gpu-149:99392:99392 [6] NCCL INFO comm 0x5fc8fa853540 rank 6 nranks 16 cudaDev 6 busId dc000 - Destroy COMPLETE
use3a-ss-b200-gpu-149:99392:99392 [6] NCCL INFO Unloading plugin libnccl-net.so
use3a-ss-b200-gpu-150:98607:98607 [4] NCCL INFO comm 0x5b46d27cca30 rank 12 nranks 16 cudaDev 4 busId 97000 - Destroy COMPLETE
use3a-ss-b200-gpu-150:98607:98607 [4] NCCL INFO Unloading plugin libnccl-net.so
use3a-ss-b200-gpu-149:99390:99390 [4] NCCL INFO comm 0x5baa1c7ec0c0 rank 4 nranks 16 cudaDev 4 busId 97000 - Destroy COMPLETE
use3a-ss-b200-gpu-149:99390:99390 [4] NCCL INFO Unloading plugin libnccl-net.so
use3a-ss-b200-gpu-150:98606:98606 [3] NCCL INFO comm 0x56dec8745be0 rank 11 nranks 16 cudaDev 3 busId 70000 - Destroy COMPLETE
use3a-ss-b200-gpu-150:98606:98606 [3] NCCL INFO Unloading plugin libnccl-net.so
use3a-ss-b200-gpu-149:99389:99389 [3] NCCL INFO comm 0x5978f16bcf60 rank 3 nranks 16 cudaDev 3 busId 70000 - Destroy COMPLETE
use3a-ss-b200-gpu-149:99389:99389 [3] NCCL INFO Unloading plugin libnccl-net.so
use3a-ss-b200-gpu-150:98608:98608 [5] NCCL INFO comm 0x5b9617f78330 rank 13 nranks 16 cudaDev 5 busId ba000 - Destroy COMPLETE
use3a-ss-b200-gpu-150:98608:98608 [5] NCCL INFO Unloading plugin libnccl-net.so
use3a-ss-b200-gpu-149:99393:99393 [7] NCCL INFO comm 0x6016bc033f20 rank 7 nranks 16 cudaDev 7 busId ed000 - Destroy COMPLETE
use3a-ss-b200-gpu-149:99393:99393 [7] NCCL INFO Unloading plugin libnccl-net.so
use3a-ss-b200-gpu-149:99387:99387 [1] NCCL INFO comm 0x5a295a5e0250 rank 1 nranks 16 cudaDev 1 busId 3d000 - Destroy COMPLETE
use3a-ss-b200-gpu-149:99387:99387 [1] NCCL INFO Unloading plugin libnccl-net.so
use3a-ss-b200-gpu-150:98605:98605 [2] NCCL INFO comm 0x5ae7a5a19680 rank 10 nranks 16 cudaDev 2 busId 5f000 - Destroy COMPLETE
use3a-ss-b200-gpu-150:98605:98605 [2] NCCL INFO Unloading plugin libnccl-net.so
use3a-ss-b200-gpu-150:98604:98604 [1] NCCL INFO comm 0x571883752fe0 rank 9 nranks 16 cudaDev 1 busId 3d000 - Destroy COMPLETE
use3a-ss-b200-gpu-150:98604:98604 [1] NCCL INFO Unloading plugin libnccl-net.so
use3a-ss-b200-gpu-150:98610:98610 [7] NCCL INFO comm 0x61dc655729e0 rank 15 nranks 16 cudaDev 7 busId ed000 - Destroy COMPLETE
use3a-ss-b200-gpu-150:98610:98610 [7] NCCL INFO Unloading plugin libnccl-net.so
use3a-ss-b200-gpu-149:99386:99386 [0] NCCL INFO comm 0x5bbf54681400 rank 0 nranks 16 cudaDev 0 busId 17000 - Destroy COMPLETE
use3a-ss-b200-gpu-149:99386:99386 [0] NCCL INFO Unloading plugin libnccl-net.so
use3a-ss-b200-gpu-149:99391:99391 [5] NCCL INFO comm 0x5e8e6cbe0170 rank 5 nranks 16 cudaDev 5 busId ba000 - Destroy COMPLETE
use3a-ss-b200-gpu-149:99391:99391 [5] NCCL INFO Unloading plugin libnccl-net.so
use3a-ss-b200-gpu-149:99388:99388 [2] NCCL INFO comm 0x5b30f2a5f970 rank 2 nranks 16 cudaDev 2 busId 5f000 - Destroy COMPLETE
use3a-ss-b200-gpu-149:99388:99388 [2] NCCL INFO Unloading plugin libnccl-net.so
use3a-ss-b200-gpu-150:98603:98603 [0] NCCL INFO comm 0x5df0ed0cbbe0 rank 8 nranks 16 cudaDev 0 busId 17000 - Destroy COMPLETE
use3a-ss-b200-gpu-150:98603:98603 [0] NCCL INFO Unloading plugin libnccl-net.so
# Out of bounds values : 0 OK
# Avg bus bandwidth    : 41.6068 
#

use3a-ss-b200-gpu-150:98607:98607 [4] NCCL INFO ENV/Plugin: Closing env plugin ncclEnvDefault
use3a-ss-b200-gpu-150:98606:98606 [3] NCCL INFO ENV/Plugin: Closing env plugin ncclEnvDefault
use3a-ss-b200-gpu-149:99390:99390 [4] NCCL INFO ENV/Plugin: Closing env plugin ncclEnvDefault
use3a-ss-b200-gpu-150:98609:98609 [6] NCCL INFO ENV/Plugin: Closing env plugin ncclEnvDefault
use3a-ss-b200-gpu-149:99389:99389 [3] NCCL INFO ENV/Plugin: Closing env plugin ncclEnvDefault
use3a-ss-b200-gpu-149:99392:99392 [6] NCCL INFO ENV/Plugin: Closing env plugin ncclEnvDefault
use3a-ss-b200-gpu-149:99386:99386 [0] NCCL INFO ENV/Plugin: Closing env plugin ncclEnvDefault
use3a-ss-b200-gpu-149:99391:99391 [5] NCCL INFO ENV/Plugin: Closing env plugin ncclEnvDefault
use3a-ss-b200-gpu-150:98610:98610 [7] NCCL INFO ENV/Plugin: Closing env plugin ncclEnvDefault
use3a-ss-b200-gpu-149:99387:99387 [1] NCCL INFO ENV/Plugin: Closing env plugin ncclEnvDefault
use3a-ss-b200-gpu-149:99388:99388 [2] NCCL INFO ENV/Plugin: Closing env plugin ncclEnvDefault
use3a-ss-b200-gpu-150:98603:98603 [0] NCCL INFO ENV/Plugin: Closing env plugin ncclEnvDefault
use3a-ss-b200-gpu-150:98604:98604 [1] NCCL INFO ENV/Plugin: Closing env plugin ncclEnvDefault
use3a-ss-b200-gpu-150:98605:98605 [2] NCCL INFO ENV/Plugin: Closing env plugin ncclEnvDefault
use3a-ss-b200-gpu-150:98608:98608 [5] NCCL INFO ENV/Plugin: Closing env plugin ncclEnvDefault
use3a-ss-b200-gpu-149:99393:99393 [7] NCCL INFO ENV/Plugin: Closing env plugin ncclEnvDefault

>>> SendRecv at 128MB...
# nThread 1 nGpus 1 minBytes 134217728 maxBytes 134217728 step: 1048576(bytes) warmup iters: 5 iters: 100 agg iters: 1 validation: 1 graph: 0
#
# Using devices
#  Rank  0 Group  0 Pid  99781 on use3a-ss-b200-gpu-149 device  0 [0x17] NVIDIA B200
#  Rank  1 Group  0 Pid  99782 on use3a-ss-b200-gpu-149 device  1 [0x3d] NVIDIA B200
#  Rank  2 Group  0 Pid  99783 on use3a-ss-b200-gpu-149 device  2 [0x5f] NVIDIA B200
#  Rank  3 Group  0 Pid  99784 on use3a-ss-b200-gpu-149 device  3 [0x70] NVIDIA B200
#  Rank  4 Group  0 Pid  99785 on use3a-ss-b200-gpu-149 device  4 [0x97] NVIDIA B200
#  Rank  5 Group  0 Pid  99786 on use3a-ss-b200-gpu-149 device  5 [0xba] NVIDIA B200
#  Rank  6 Group  0 Pid  99787 on use3a-ss-b200-gpu-149 device  6 [0xdc] NVIDIA B200
#  Rank  7 Group  0 Pid  99788 on use3a-ss-b200-gpu-149 device  7 [0xed] NVIDIA B200
#  Rank  8 Group  0 Pid  98990 on use3a-ss-b200-gpu-150 device  0 [0x17] NVIDIA B200
#  Rank  9 Group  0 Pid  98991 on use3a-ss-b200-gpu-150 device  1 [0x3d] NVIDIA B200
#  Rank 10 Group  0 Pid  98992 on use3a-ss-b200-gpu-150 device  2 [0x5f] NVIDIA B200
#  Rank 11 Group  0 Pid  98993 on use3a-ss-b200-gpu-150 device  3 [0x70] NVIDIA B200
#  Rank 12 Group  0 Pid  98994 on use3a-ss-b200-gpu-150 device  4 [0x97] NVIDIA B200
#  Rank 13 Group  0 Pid  98995 on use3a-ss-b200-gpu-150 device  5 [0xba] NVIDIA B200
#  Rank 14 Group  0 Pid  98996 on use3a-ss-b200-gpu-150 device  6 [0xdc] NVIDIA B200
#  Rank 15 Group  0 Pid  98997 on use3a-ss-b200-gpu-150 device  7 [0xed] NVIDIA B200
use3a-ss-b200-gpu-149:99781:99781 [0] NCCL INFO ENV/Plugin: Could not find: libnccl-env.so
use3a-ss-b200-gpu-149:99781:99781 [0] NCCL INFO NCCL_SOCKET_IFNAME set by environment to bond0
use3a-ss-b200-gpu-149:99781:99781 [0] NCCL INFO Bootstrap: Using bond0:7.247.232.121<0>
use3a-ss-b200-gpu-149:99787:99787 [6] NCCL INFO ENV/Plugin: Could not find: libnccl-env.so
use3a-ss-b200-gpu-149:99787:99787 [6] NCCL INFO cudaDriverVersion 12090
use3a-ss-b200-gpu-149:99781:99781 [0] NCCL INFO cudaDriverVersion 12090
use3a-ss-b200-gpu-149:99783:99783 [2] NCCL INFO ENV/Plugin: Could not find: libnccl-env.so
use3a-ss-b200-gpu-149:99783:99783 [2] NCCL INFO cudaDriverVersion 12090
use3a-ss-b200-gpu-150:98994:98994 [4] NCCL INFO ENV/Plugin: Could not find: libnccl-env.so
use3a-ss-b200-gpu-150:98994:98994 [4] NCCL INFO cudaDriverVersion 12090
use3a-ss-b200-gpu-149:99787:99787 [6] NCCL INFO NCCL_SOCKET_IFNAME set by environment to bond0
use3a-ss-b200-gpu-149:99787:99787 [6] NCCL INFO Bootstrap: Using bond0:7.247.232.121<0>
use3a-ss-b200-gpu-149:99787:99787 [6] NCCL INFO NCCL version 2.29.7+cuda12.9
use3a-ss-b200-gpu-149:99787:99787 [6] NCCL INFO NCCL git version stable b81d6a5a3
use3a-ss-b200-gpu-150:98995:98995 [5] NCCL INFO ENV/Plugin: Could not find: libnccl-env.so
use3a-ss-b200-gpu-150:98995:98995 [5] NCCL INFO cudaDriverVersion 12090
use3a-ss-b200-gpu-149:99781:99781 [0] NCCL INFO NCCL version 2.29.7+cuda12.9
use3a-ss-b200-gpu-149:99781:99781 [0] NCCL INFO NCCL git version stable b81d6a5a3
use3a-ss-b200-gpu-149:99783:99783 [2] NCCL INFO NCCL_SOCKET_IFNAME set by environment to bond0
use3a-ss-b200-gpu-149:99783:99783 [2] NCCL INFO Bootstrap: Using bond0:7.247.232.121<0>
use3a-ss-b200-gpu-149:99783:99783 [2] NCCL INFO NCCL version 2.29.7+cuda12.9
use3a-ss-b200-gpu-149:99783:99783 [2] NCCL INFO NCCL git version stable b81d6a5a3
use3a-ss-b200-gpu-149:99785:99785 [4] NCCL INFO ENV/Plugin: Could not find: libnccl-env.so
use3a-ss-b200-gpu-149:99785:99785 [4] NCCL INFO cudaDriverVersion 12090
use3a-ss-b200-gpu-150:98994:98994 [4] NCCL INFO NCCL_SOCKET_IFNAME set by environment to bond0
use3a-ss-b200-gpu-150:98994:98994 [4] NCCL INFO Bootstrap: Using bond0:7.247.232.122<0>
use3a-ss-b200-gpu-150:98994:98994 [4] NCCL INFO NCCL version 2.29.7+cuda12.9
use3a-ss-b200-gpu-150:98994:98994 [4] NCCL INFO NCCL git version stable b81d6a5a3
use3a-ss-b200-gpu-150:98990:98990 [0] NCCL INFO ENV/Plugin: Could not find: libnccl-env.so
use3a-ss-b200-gpu-150:98990:98990 [0] NCCL INFO cudaDriverVersion 12090
use3a-ss-b200-gpu-150:98991:98991 [1] NCCL INFO ENV/Plugin: Could not find: libnccl-env.so
use3a-ss-b200-gpu-150:98991:98991 [1] NCCL INFO cudaDriverVersion 12090
use3a-ss-b200-gpu-149:99786:99786 [5] NCCL INFO ENV/Plugin: Could not find: libnccl-env.so
use3a-ss-b200-gpu-149:99786:99786 [5] NCCL INFO cudaDriverVersion 12090
use3a-ss-b200-gpu-149:99788:99788 [7] NCCL INFO ENV/Plugin: Could not find: libnccl-env.so
use3a-ss-b200-gpu-149:99788:99788 [7] NCCL INFO cudaDriverVersion 12090
use3a-ss-b200-gpu-150:98995:98995 [5] NCCL INFO NCCL_SOCKET_IFNAME set by environment to bond0
use3a-ss-b200-gpu-150:98995:98995 [5] NCCL INFO Bootstrap: Using bond0:7.247.232.122<0>
use3a-ss-b200-gpu-150:98995:98995 [5] NCCL INFO NCCL version 2.29.7+cuda12.9
use3a-ss-b200-gpu-150:98995:98995 [5] NCCL INFO NCCL git version stable b81d6a5a3
use3a-ss-b200-gpu-150:98992:98992 [2] NCCL INFO ENV/Plugin: Could not find: libnccl-env.so
use3a-ss-b200-gpu-150:98992:98992 [2] NCCL INFO cudaDriverVersion 12090
use3a-ss-b200-gpu-149:99785:99785 [4] NCCL INFO NCCL_SOCKET_IFNAME set by environment to bond0
use3a-ss-b200-gpu-149:99785:99785 [4] NCCL INFO Bootstrap: Using bond0:7.247.232.121<0>
use3a-ss-b200-gpu-149:99785:99785 [4] NCCL INFO NCCL version 2.29.7+cuda12.9
use3a-ss-b200-gpu-149:99785:99785 [4] NCCL INFO NCCL git version stable b81d6a5a3
use3a-ss-b200-gpu-149:99788:99788 [7] NCCL INFO NCCL_SOCKET_IFNAME set by environment to bond0
use3a-ss-b200-gpu-149:99788:99788 [7] NCCL INFO Bootstrap: Using bond0:7.247.232.121<0>
use3a-ss-b200-gpu-149:99788:99788 [7] NCCL INFO NCCL version 2.29.7+cuda12.9
use3a-ss-b200-gpu-149:99788:99788 [7] NCCL INFO NCCL git version stable b81d6a5a3
use3a-ss-b200-gpu-150:98997:98997 [7] NCCL INFO ENV/Plugin: Could not find: libnccl-env.so
use3a-ss-b200-gpu-150:98997:98997 [7] NCCL INFO cudaDriverVersion 12090
use3a-ss-b200-gpu-149:99784:99784 [3] NCCL INFO ENV/Plugin: Could not find: libnccl-env.so
use3a-ss-b200-gpu-149:99784:99784 [3] NCCL INFO cudaDriverVersion 12090
use3a-ss-b200-gpu-149:99782:99782 [1] NCCL INFO ENV/Plugin: Could not find: libnccl-env.so
use3a-ss-b200-gpu-149:99782:99782 [1] NCCL INFO cudaDriverVersion 12090
use3a-ss-b200-gpu-150:98991:98991 [1] NCCL INFO NCCL_SOCKET_IFNAME set by environment to bond0
use3a-ss-b200-gpu-150:98991:98991 [1] NCCL INFO Bootstrap: Using bond0:7.247.232.122<0>
use3a-ss-b200-gpu-150:98991:98991 [1] NCCL INFO NCCL version 2.29.7+cuda12.9
use3a-ss-b200-gpu-150:98991:98991 [1] NCCL INFO NCCL git version stable b81d6a5a3
use3a-ss-b200-gpu-149:99786:99786 [5] NCCL INFO NCCL_SOCKET_IFNAME set by environment to bond0
use3a-ss-b200-gpu-149:99786:99786 [5] NCCL INFO Bootstrap: Using bond0:7.247.232.121<0>
use3a-ss-b200-gpu-149:99786:99786 [5] NCCL INFO NCCL version 2.29.7+cuda12.9
use3a-ss-b200-gpu-149:99786:99786 [5] NCCL INFO NCCL git version stable b81d6a5a3
use3a-ss-b200-gpu-150:98990:98990 [0] NCCL INFO NCCL_SOCKET_IFNAME set by environment to bond0
use3a-ss-b200-gpu-150:98990:98990 [0] NCCL INFO Bootstrap: Using bond0:7.247.232.122<0>
use3a-ss-b200-gpu-150:98990:98990 [0] NCCL INFO NCCL version 2.29.7+cuda12.9
use3a-ss-b200-gpu-150:98990:98990 [0] NCCL INFO NCCL git version stable b81d6a5a3
use3a-ss-b200-gpu-150:98996:98996 [6] NCCL INFO ENV/Plugin: Could not find: libnccl-env.so
use3a-ss-b200-gpu-150:98996:98996 [6] NCCL INFO cudaDriverVersion 12090
use3a-ss-b200-gpu-149:99784:99784 [3] NCCL INFO NCCL_SOCKET_IFNAME set by environment to bond0
use3a-ss-b200-gpu-150:98993:98993 [3] NCCL INFO ENV/Plugin: Could not find: libnccl-env.so
use3a-ss-b200-gpu-150:98993:98993 [3] NCCL INFO cudaDriverVersion 12090
use3a-ss-b200-gpu-149:99782:99782 [1] NCCL INFO NCCL_SOCKET_IFNAME set by environment to bond0
use3a-ss-b200-gpu-149:99784:99784 [3] NCCL INFO Bootstrap: Using bond0:7.247.232.121<0>
use3a-ss-b200-gpu-149:99784:99784 [3] NCCL INFO NCCL version 2.29.7+cuda12.9
use3a-ss-b200-gpu-149:99784:99784 [3] NCCL INFO NCCL git version stable b81d6a5a3
use3a-ss-b200-gpu-149:99782:99782 [1] NCCL INFO Bootstrap: Using bond0:7.247.232.121<0>
use3a-ss-b200-gpu-149:99782:99782 [1] NCCL INFO NCCL version 2.29.7+cuda12.9
use3a-ss-b200-gpu-149:99782:99782 [1] NCCL INFO NCCL git version stable b81d6a5a3
use3a-ss-b200-gpu-150:98992:98992 [2] NCCL INFO NCCL_SOCKET_IFNAME set by environment to bond0
use3a-ss-b200-gpu-150:98992:98992 [2] NCCL INFO Bootstrap: Using bond0:7.247.232.122<0>
use3a-ss-b200-gpu-150:98992:98992 [2] NCCL INFO NCCL version 2.29.7+cuda12.9
use3a-ss-b200-gpu-150:98992:98992 [2] NCCL INFO NCCL git version stable b81d6a5a3
use3a-ss-b200-gpu-150:98997:98997 [7] NCCL INFO NCCL_SOCKET_IFNAME set by environment to bond0
use3a-ss-b200-gpu-150:98997:98997 [7] NCCL INFO Bootstrap: Using bond0:7.247.232.122<0>
use3a-ss-b200-gpu-150:98997:98997 [7] NCCL INFO NCCL version 2.29.7+cuda12.9
use3a-ss-b200-gpu-150:98997:98997 [7] NCCL INFO NCCL git version stable b81d6a5a3
use3a-ss-b200-gpu-149:99787:99787 [6] NCCL INFO NET/Plugin: Loaded net plugin NCCL RDMA Plugin v8 (v8)
use3a-ss-b200-gpu-149:99787:99787 [6] NCCL INFO NET/Plugin: Loaded collnet plugin SHARP (v8)
use3a-ss-b200-gpu-149:99787:99787 [6] NCCL INFO Successfully loaded external network plugin /opt/hpcx/nccl_rdma_sharp_plugin/lib/libnccl-net.so
use3a-ss-b200-gpu-149:99787:99787 [6] NCCL INFO Plugin Path : /opt/hpcx/nccl_rdma_sharp_plugin/lib/libnccl-net.so
use3a-ss-b200-gpu-149:99787:99787 [6] NCCL INFO P2P plugin IBext_v8
use3a-ss-b200-gpu-149:99787:99787 [6] NCCL INFO NCCL_SOCKET_IFNAME set by environment to bond0
use3a-ss-b200-gpu-150:98993:98993 [3] NCCL INFO NCCL_SOCKET_IFNAME set by environment to bond0
use3a-ss-b200-gpu-150:98996:98996 [6] NCCL INFO NCCL_SOCKET_IFNAME set by environment to bond0
use3a-ss-b200-gpu-150:98993:98993 [3] NCCL INFO Bootstrap: Using bond0:7.247.232.122<0>
use3a-ss-b200-gpu-150:98993:98993 [3] NCCL INFO NCCL version 2.29.7+cuda12.9
use3a-ss-b200-gpu-150:98993:98993 [3] NCCL INFO NCCL git version stable b81d6a5a3
use3a-ss-b200-gpu-150:98996:98996 [6] NCCL INFO Bootstrap: Using bond0:7.247.232.122<0>
use3a-ss-b200-gpu-150:98996:98996 [6] NCCL INFO NCCL version 2.29.7+cuda12.9
use3a-ss-b200-gpu-150:98996:98996 [6] NCCL INFO NCCL git version stable b81d6a5a3
use3a-ss-b200-gpu-149:99781:99781 [0] NCCL INFO NET/Plugin: Loaded net plugin NCCL RDMA Plugin v8 (v8)
use3a-ss-b200-gpu-149:99781:99781 [0] NCCL INFO NET/Plugin: Loaded collnet plugin SHARP (v8)
use3a-ss-b200-gpu-149:99781:99781 [0] NCCL INFO Successfully loaded external network plugin /opt/hpcx/nccl_rdma_sharp_plugin/lib/libnccl-net.so
use3a-ss-b200-gpu-149:99781:99781 [0] NCCL INFO Plugin Path : /opt/hpcx/nccl_rdma_sharp_plugin/lib/libnccl-net.so
use3a-ss-b200-gpu-149:99781:99781 [0] NCCL INFO P2P plugin IBext_v8
use3a-ss-b200-gpu-149:99781:99781 [0] NCCL INFO NCCL_SOCKET_IFNAME set by environment to bond0
use3a-ss-b200-gpu-149:99783:99783 [2] NCCL INFO NET/Plugin: Loaded net plugin NCCL RDMA Plugin v8 (v8)
use3a-ss-b200-gpu-149:99783:99783 [2] NCCL INFO NET/Plugin: Loaded collnet plugin SHARP (v8)
use3a-ss-b200-gpu-149:99783:99783 [2] NCCL INFO Successfully loaded external network plugin /opt/hpcx/nccl_rdma_sharp_plugin/lib/libnccl-net.so
use3a-ss-b200-gpu-149:99783:99783 [2] NCCL INFO Plugin Path : /opt/hpcx/nccl_rdma_sharp_plugin/lib/libnccl-net.so
use3a-ss-b200-gpu-149:99783:99783 [2] NCCL INFO P2P plugin IBext_v8
use3a-ss-b200-gpu-149:99783:99783 [2] NCCL INFO NCCL_SOCKET_IFNAME set by environment to bond0
use3a-ss-b200-gpu-150:98994:98994 [4] NCCL INFO NET/Plugin: Loaded net plugin NCCL RDMA Plugin v8 (v8)
use3a-ss-b200-gpu-150:98994:98994 [4] NCCL INFO NET/Plugin: Loaded collnet plugin SHARP (v8)
use3a-ss-b200-gpu-150:98994:98994 [4] NCCL INFO Successfully loaded external network plugin /opt/hpcx/nccl_rdma_sharp_plugin/lib/libnccl-net.so
use3a-ss-b200-gpu-150:98994:98994 [4] NCCL INFO Plugin Path : /opt/hpcx/nccl_rdma_sharp_plugin/lib/libnccl-net.so
use3a-ss-b200-gpu-150:98994:98994 [4] NCCL INFO P2P plugin IBext_v8
use3a-ss-b200-gpu-150:98994:98994 [4] NCCL INFO NCCL_SOCKET_IFNAME set by environment to bond0
use3a-ss-b200-gpu-149:99787:99787 [6] NCCL INFO NET/IB : Using [0]mlx5_0:1/IB/SHARP [1]mlx5_1:1/IB/SHARP [2]mlx5_4:1/IB/SHARP [3]mlx5_5:1/IB/SHARP [4]mlx5_6:1/IB/SHARP [5]mlx5_11:1/IB/SHARP [6]mlx5_14:1/IB/SHARP [7]mlx5_15:1/IB/SHARP [RO]; OOB bond0:7.247.232.121<0>
use3a-ss-b200-gpu-149:99787:99787 [6] NCCL INFO Initialized NET plugin NCCL RDMA Plugin v8
use3a-ss-b200-gpu-149:99787:99787 [6] NCCL INFO Assigned NET plugin NCCL RDMA Plugin v8 to comm
use3a-ss-b200-gpu-149:99787:99787 [6] NCCL INFO GIN/Plugin: Could not find: libnccl-gin.so
use3a-ss-b200-gpu-149:99787:99787 [6] NCCL INFO Successfully loaded external gin plugin /opt/hpcx/nccl_rdma_sharp_plugin/lib/libnccl-net.so
use3a-ss-b200-gpu-149:99787:99787 [6] NCCL INFO NCCL_SOCKET_IFNAME set by environment to bond0
use3a-ss-b200-gpu-149:99787:99787 [6] NCCL INFO NCCL_IB_HCA set to =mlx5_0:1,mlx5_1:1,mlx5_4:1,mlx5_5:1,mlx5_6:1,mlx5_11:1,mlx5_14:1,mlx5_15:1
use3a-ss-b200-gpu-150:98995:98995 [5] NCCL INFO NET/Plugin: Loaded net plugin NCCL RDMA Plugin v8 (v8)
use3a-ss-b200-gpu-150:98995:98995 [5] NCCL INFO NET/Plugin: Loaded collnet plugin SHARP (v8)
use3a-ss-b200-gpu-150:98995:98995 [5] NCCL INFO Successfully loaded external network plugin /opt/hpcx/nccl_rdma_sharp_plugin/lib/libnccl-net.so
use3a-ss-b200-gpu-150:98995:98995 [5] NCCL INFO Plugin Path : /opt/hpcx/nccl_rdma_sharp_plugin/lib/libnccl-net.so
use3a-ss-b200-gpu-150:98995:98995 [5] NCCL INFO P2P plugin IBext_v8
use3a-ss-b200-gpu-150:98995:98995 [5] NCCL INFO NCCL_SOCKET_IFNAME set by environment to bond0
use3a-ss-b200-gpu-149:99781:99781 [0] NCCL INFO NET/IB : Using [0]mlx5_0:1/IB/SHARP [1]mlx5_1:1/IB/SHARP [2]mlx5_4:1/IB/SHARP [3]mlx5_5:1/IB/SHARP [4]mlx5_6:1/IB/SHARP [5]mlx5_11:1/IB/SHARP [6]mlx5_14:1/IB/SHARP [7]mlx5_15:1/IB/SHARP [RO]; OOB bond0:7.247.232.121<0>
use3a-ss-b200-gpu-149:99781:99781 [0] NCCL INFO Initialized NET plugin NCCL RDMA Plugin v8
use3a-ss-b200-gpu-149:99781:99781 [0] NCCL INFO Assigned NET plugin NCCL RDMA Plugin v8 to comm
use3a-ss-b200-gpu-149:99781:99781 [0] NCCL INFO GIN/Plugin: Could not find: libnccl-gin.so
use3a-ss-b200-gpu-149:99781:99781 [0] NCCL INFO Successfully loaded external gin plugin /opt/hpcx/nccl_rdma_sharp_plugin/lib/libnccl-net.so
use3a-ss-b200-gpu-149:99781:99781 [0] NCCL INFO NCCL_SOCKET_IFNAME set by environment to bond0
use3a-ss-b200-gpu-149:99783:99783 [2] NCCL INFO NET/IB : Using [0]mlx5_0:1/IB/SHARP [1]mlx5_1:1/IB/SHARP [2]mlx5_4:1/IB/SHARP [3]mlx5_5:1/IB/SHARP [4]mlx5_6:1/IB/SHARP [5]mlx5_11:1/IB/SHARP [6]mlx5_14:1/IB/SHARP [7]mlx5_15:1/IB/SHARP [RO]; OOB bond0:7.247.232.121<0>
use3a-ss-b200-gpu-149:99783:99783 [2] NCCL INFO Initialized NET plugin NCCL RDMA Plugin v8
use3a-ss-b200-gpu-149:99783:99783 [2] NCCL INFO Assigned NET plugin NCCL RDMA Plugin v8 to comm
use3a-ss-b200-gpu-149:99781:99781 [0] NCCL INFO NCCL_IB_HCA set to =mlx5_0:1,mlx5_1:1,mlx5_4:1,mlx5_5:1,mlx5_6:1,mlx5_11:1,mlx5_14:1,mlx5_15:1
use3a-ss-b200-gpu-149:99783:99783 [2] NCCL INFO GIN/Plugin: Could not find: libnccl-gin.so
use3a-ss-b200-gpu-149:99783:99783 [2] NCCL INFO Successfully loaded external gin plugin /opt/hpcx/nccl_rdma_sharp_plugin/lib/libnccl-net.so
use3a-ss-b200-gpu-149:99785:99785 [4] NCCL INFO NET/Plugin: Loaded net plugin NCCL RDMA Plugin v8 (v8)
use3a-ss-b200-gpu-149:99785:99785 [4] NCCL INFO NET/Plugin: Loaded collnet plugin SHARP (v8)
use3a-ss-b200-gpu-149:99785:99785 [4] NCCL INFO Successfully loaded external network plugin /opt/hpcx/nccl_rdma_sharp_plugin/lib/libnccl-net.so
use3a-ss-b200-gpu-149:99785:99785 [4] NCCL INFO Plugin Path : /opt/hpcx/nccl_rdma_sharp_plugin/lib/libnccl-net.so
use3a-ss-b200-gpu-149:99785:99785 [4] NCCL INFO P2P plugin IBext_v8
use3a-ss-b200-gpu-149:99785:99785 [4] NCCL INFO NCCL_SOCKET_IFNAME set by environment to bond0
use3a-ss-b200-gpu-149:99783:99783 [2] NCCL INFO NCCL_SOCKET_IFNAME set by environment to bond0
use3a-ss-b200-gpu-149:99783:99783 [2] NCCL INFO NCCL_IB_HCA set to =mlx5_0:1,mlx5_1:1,mlx5_4:1,mlx5_5:1,mlx5_6:1,mlx5_11:1,mlx5_14:1,mlx5_15:1
use3a-ss-b200-gpu-149:99786:99786 [5] NCCL INFO NET/Plugin: Loaded net plugin NCCL RDMA Plugin v8 (v8)
use3a-ss-b200-gpu-149:99786:99786 [5] NCCL INFO NET/Plugin: Loaded collnet plugin SHARP (v8)
use3a-ss-b200-gpu-149:99786:99786 [5] NCCL INFO Successfully loaded external network plugin /opt/hpcx/nccl_rdma_sharp_plugin/lib/libnccl-net.so
use3a-ss-b200-gpu-149:99786:99786 [5] NCCL INFO Plugin Path : /opt/hpcx/nccl_rdma_sharp_plugin/lib/libnccl-net.so
use3a-ss-b200-gpu-149:99786:99786 [5] NCCL INFO P2P plugin IBext_v8
use3a-ss-b200-gpu-149:99786:99786 [5] NCCL INFO NCCL_SOCKET_IFNAME set by environment to bond0
use3a-ss-b200-gpu-149:99788:99788 [7] NCCL INFO NET/Plugin: Loaded net plugin NCCL RDMA Plugin v8 (v8)
use3a-ss-b200-gpu-149:99788:99788 [7] NCCL INFO NET/Plugin: Loaded collnet plugin SHARP (v8)
use3a-ss-b200-gpu-149:99788:99788 [7] NCCL INFO Successfully loaded external network plugin /opt/hpcx/nccl_rdma_sharp_plugin/lib/libnccl-net.so
use3a-ss-b200-gpu-149:99788:99788 [7] NCCL INFO Plugin Path : /opt/hpcx/nccl_rdma_sharp_plugin/lib/libnccl-net.so
use3a-ss-b200-gpu-149:99788:99788 [7] NCCL INFO P2P plugin IBext_v8
use3a-ss-b200-gpu-149:99788:99788 [7] NCCL INFO NCCL_SOCKET_IFNAME set by environment to bond0
use3a-ss-b200-gpu-150:98991:98991 [1] NCCL INFO NET/Plugin: Loaded net plugin NCCL RDMA Plugin v8 (v8)
use3a-ss-b200-gpu-150:98991:98991 [1] NCCL INFO NET/Plugin: Loaded collnet plugin SHARP (v8)
use3a-ss-b200-gpu-150:98991:98991 [1] NCCL INFO Successfully loaded external network plugin /opt/hpcx/nccl_rdma_sharp_plugin/lib/libnccl-net.so
use3a-ss-b200-gpu-150:98991:98991 [1] NCCL INFO Plugin Path : /opt/hpcx/nccl_rdma_sharp_plugin/lib/libnccl-net.so
use3a-ss-b200-gpu-150:98991:98991 [1] NCCL INFO P2P plugin IBext_v8
use3a-ss-b200-gpu-150:98991:98991 [1] NCCL INFO NCCL_SOCKET_IFNAME set by environment to bond0
use3a-ss-b200-gpu-150:98994:98994 [4] NCCL INFO NET/IB : Using [0]mlx5_0:1/IB/SHARP [1]mlx5_1:1/IB/SHARP [2]mlx5_4:1/IB/SHARP [3]mlx5_5:1/IB/SHARP [4]mlx5_6:1/IB/SHARP [5]mlx5_11:1/IB/SHARP [6]mlx5_14:1/IB/SHARP [7]mlx5_15:1/IB/SHARP [RO]; OOB bond0:7.247.232.122<0>
use3a-ss-b200-gpu-150:98994:98994 [4] NCCL INFO Initialized NET plugin NCCL RDMA Plugin v8
use3a-ss-b200-gpu-149:99784:99784 [3] NCCL INFO NET/Plugin: Loaded net plugin NCCL RDMA Plugin v8 (v8)
use3a-ss-b200-gpu-149:99784:99784 [3] NCCL INFO NET/Plugin: Loaded collnet plugin SHARP (v8)
use3a-ss-b200-gpu-149:99784:99784 [3] NCCL INFO Successfully loaded external network plugin /opt/hpcx/nccl_rdma_sharp_plugin/lib/libnccl-net.so
use3a-ss-b200-gpu-149:99784:99784 [3] NCCL INFO Plugin Path : /opt/hpcx/nccl_rdma_sharp_plugin/lib/libnccl-net.so
use3a-ss-b200-gpu-149:99784:99784 [3] NCCL INFO P2P plugin IBext_v8
use3a-ss-b200-gpu-149:99784:99784 [3] NCCL INFO NCCL_SOCKET_IFNAME set by environment to bond0
use3a-ss-b200-gpu-150:98994:98994 [4] NCCL INFO Assigned NET plugin NCCL RDMA Plugin v8 to comm
use3a-ss-b200-gpu-150:98994:98994 [4] NCCL INFO GIN/Plugin: Could not find: libnccl-gin.so
use3a-ss-b200-gpu-150:98994:98994 [4] NCCL INFO Successfully loaded external gin plugin /opt/hpcx/nccl_rdma_sharp_plugin/lib/libnccl-net.so
use3a-ss-b200-gpu-150:98994:98994 [4] NCCL INFO NCCL_SOCKET_IFNAME set by environment to bond0
use3a-ss-b200-gpu-150:98994:98994 [4] NCCL INFO NCCL_IB_HCA set to =mlx5_0:1,mlx5_1:1,mlx5_4:1,mlx5_5:1,mlx5_6:1,mlx5_11:1,mlx5_14:1,mlx5_15:1
use3a-ss-b200-gpu-149:99782:99782 [1] NCCL INFO NET/Plugin: Loaded net plugin NCCL RDMA Plugin v8 (v8)
use3a-ss-b200-gpu-149:99782:99782 [1] NCCL INFO NET/Plugin: Loaded collnet plugin SHARP (v8)
use3a-ss-b200-gpu-149:99782:99782 [1] NCCL INFO Successfully loaded external network plugin /opt/hpcx/nccl_rdma_sharp_plugin/lib/libnccl-net.so
use3a-ss-b200-gpu-149:99782:99782 [1] NCCL INFO Plugin Path : /opt/hpcx/nccl_rdma_sharp_plugin/lib/libnccl-net.so
use3a-ss-b200-gpu-149:99782:99782 [1] NCCL INFO P2P plugin IBext_v8
use3a-ss-b200-gpu-149:99782:99782 [1] NCCL INFO NCCL_SOCKET_IFNAME set by environment to bond0
use3a-ss-b200-gpu-150:98990:98990 [0] NCCL INFO NET/Plugin: Loaded net plugin NCCL RDMA Plugin v8 (v8)
use3a-ss-b200-gpu-150:98990:98990 [0] NCCL INFO NET/Plugin: Loaded collnet plugin SHARP (v8)
use3a-ss-b200-gpu-150:98990:98990 [0] NCCL INFO Successfully loaded external network plugin /opt/hpcx/nccl_rdma_sharp_plugin/lib/libnccl-net.so
use3a-ss-b200-gpu-150:98990:98990 [0] NCCL INFO Plugin Path : /opt/hpcx/nccl_rdma_sharp_plugin/lib/libnccl-net.so
use3a-ss-b200-gpu-150:98990:98990 [0] NCCL INFO P2P plugin IBext_v8
use3a-ss-b200-gpu-150:98990:98990 [0] NCCL INFO NCCL_SOCKET_IFNAME set by environment to bond0
use3a-ss-b200-gpu-149:99787:99787 [6] NCCL INFO NET/IB : Using [0]mlx5_0:1/IB [1]mlx5_1:1/IB [2]mlx5_4:1/IB [3]mlx5_5:1/IB [4]mlx5_6:1/IB [5]mlx5_11:1/IB [6]mlx5_14:1/IB [7]mlx5_15:1/IB [RO]; OOB bond0:7.247.232.121<0>
use3a-ss-b200-gpu-149:99787:99787 [6] NCCL INFO Assigned GIN plugin GIN_IB_GDAKI to comm
use3a-ss-b200-gpu-149:99787:99787 [6] NCCL INFO Assigned RMA plugin GIN_IB_PROXY to comm
use3a-ss-b200-gpu-149:99787:99787 [6] NCCL INFO Using network NCCL RDMA Plugin v8
use3a-ss-b200-gpu-150:98992:98992 [2] NCCL INFO NET/Plugin: Loaded net plugin NCCL RDMA Plugin v8 (v8)
use3a-ss-b200-gpu-150:98992:98992 [2] NCCL INFO NET/Plugin: Loaded collnet plugin SHARP (v8)
use3a-ss-b200-gpu-150:98992:98992 [2] NCCL INFO Successfully loaded external network plugin /opt/hpcx/nccl_rdma_sharp_plugin/lib/libnccl-net.so
use3a-ss-b200-gpu-150:98992:98992 [2] NCCL INFO Plugin Path : /opt/hpcx/nccl_rdma_sharp_plugin/lib/libnccl-net.so
use3a-ss-b200-gpu-150:98992:98992 [2] NCCL INFO P2P plugin IBext_v8
use3a-ss-b200-gpu-150:98992:98992 [2] NCCL INFO NCCL_SOCKET_IFNAME set by environment to bond0
use3a-ss-b200-gpu-150:98995:98995 [5] NCCL INFO NET/IB : Using [0]mlx5_0:1/IB/SHARP [1]mlx5_1:1/IB/SHARP [2]mlx5_4:1/IB/SHARP [3]mlx5_5:1/IB/SHARP [4]mlx5_6:1/IB/SHARP [5]mlx5_11:1/IB/SHARP [6]mlx5_14:1/IB/SHARP [7]mlx5_15:1/IB/SHARP [RO]; OOB bond0:7.247.232.122<0>
use3a-ss-b200-gpu-150:98995:98995 [5] NCCL INFO Initialized NET plugin NCCL RDMA Plugin v8
use3a-ss-b200-gpu-150:98995:98995 [5] NCCL INFO Assigned NET plugin NCCL RDMA Plugin v8 to comm
use3a-ss-b200-gpu-150:98995:98995 [5] NCCL INFO GIN/Plugin: Could not find: libnccl-gin.so
use3a-ss-b200-gpu-150:98995:98995 [5] NCCL INFO Successfully loaded external gin plugin /opt/hpcx/nccl_rdma_sharp_plugin/lib/libnccl-net.so
use3a-ss-b200-gpu-150:98995:98995 [5] NCCL INFO NCCL_SOCKET_IFNAME set by environment to bond0
use3a-ss-b200-gpu-150:98995:98995 [5] NCCL INFO NCCL_IB_HCA set to =mlx5_0:1,mlx5_1:1,mlx5_4:1,mlx5_5:1,mlx5_6:1,mlx5_11:1,mlx5_14:1,mlx5_15:1
use3a-ss-b200-gpu-149:99781:99781 [0] NCCL INFO NET/IB : Using [0]mlx5_0:1/IB [1]mlx5_1:1/IB [2]mlx5_4:1/IB [3]mlx5_5:1/IB [4]mlx5_6:1/IB [5]mlx5_11:1/IB [6]mlx5_14:1/IB [7]mlx5_15:1/IB [RO]; OOB bond0:7.247.232.121<0>
use3a-ss-b200-gpu-149:99781:99781 [0] NCCL INFO Assigned GIN plugin GIN_IB_GDAKI to comm
use3a-ss-b200-gpu-149:99781:99781 [0] NCCL INFO Assigned RMA plugin GIN_IB_PROXY to comm
use3a-ss-b200-gpu-149:99781:99781 [0] NCCL INFO Using network NCCL RDMA Plugin v8
use3a-ss-b200-gpu-149:99785:99785 [4] NCCL INFO NET/IB : Using [0]mlx5_0:1/IB/SHARP [1]mlx5_1:1/IB/SHARP [2]mlx5_4:1/IB/SHARP [3]mlx5_5:1/IB/SHARP [4]mlx5_6:1/IB/SHARP [5]mlx5_11:1/IB/SHARP [6]mlx5_14:1/IB/SHARP [7]mlx5_15:1/IB/SHARP [RO]; OOB bond0:7.247.232.121<0>
use3a-ss-b200-gpu-149:99785:99785 [4] NCCL INFO Initialized NET plugin NCCL RDMA Plugin v8
use3a-ss-b200-gpu-149:99785:99785 [4] NCCL INFO Assigned NET plugin NCCL RDMA Plugin v8 to comm
use3a-ss-b200-gpu-149:99783:99783 [2] NCCL INFO NET/IB : Using [0]mlx5_0:1/IB [1]mlx5_1:1/IB [2]mlx5_4:1/IB [3]mlx5_5:1/IB [4]mlx5_6:1/IB [5]mlx5_11:1/IB [6]mlx5_14:1/IB [7]mlx5_15:1/IB [RO]; OOB bond0:7.247.232.121<0>
use3a-ss-b200-gpu-149:99783:99783 [2] NCCL INFO Assigned GIN plugin GIN_IB_GDAKI to comm
use3a-ss-b200-gpu-149:99783:99783 [2] NCCL INFO Assigned RMA plugin GIN_IB_PROXY to comm
use3a-ss-b200-gpu-149:99783:99783 [2] NCCL INFO Using network NCCL RDMA Plugin v8
use3a-ss-b200-gpu-149:99785:99785 [4] NCCL INFO GIN/Plugin: Could not find: libnccl-gin.so
use3a-ss-b200-gpu-149:99785:99785 [4] NCCL INFO Successfully loaded external gin plugin /opt/hpcx/nccl_rdma_sharp_plugin/lib/libnccl-net.so
use3a-ss-b200-gpu-150:98996:98996 [6] NCCL INFO NET/Plugin: Loaded net plugin NCCL RDMA Plugin v8 (v8)
use3a-ss-b200-gpu-150:98996:98996 [6] NCCL INFO NET/Plugin: Loaded collnet plugin SHARP (v8)
use3a-ss-b200-gpu-150:98996:98996 [6] NCCL INFO Successfully loaded external network plugin /opt/hpcx/nccl_rdma_sharp_plugin/lib/libnccl-net.so
use3a-ss-b200-gpu-150:98996:98996 [6] NCCL INFO Plugin Path : /opt/hpcx/nccl_rdma_sharp_plugin/lib/libnccl-net.so
use3a-ss-b200-gpu-150:98996:98996 [6] NCCL INFO P2P plugin IBext_v8
use3a-ss-b200-gpu-150:98996:98996 [6] NCCL INFO NCCL_SOCKET_IFNAME set by environment to bond0
use3a-ss-b200-gpu-150:98997:98997 [7] NCCL INFO NET/Plugin: Loaded net plugin NCCL RDMA Plugin v8 (v8)
use3a-ss-b200-gpu-150:98997:98997 [7] NCCL INFO NET/Plugin: Loaded collnet plugin SHARP (v8)
use3a-ss-b200-gpu-150:98997:98997 [7] NCCL INFO Successfully loaded external network plugin /opt/hpcx/nccl_rdma_sharp_plugin/lib/libnccl-net.so
use3a-ss-b200-gpu-150:98997:98997 [7] NCCL INFO Plugin Path : /opt/hpcx/nccl_rdma_sharp_plugin/lib/libnccl-net.so
use3a-ss-b200-gpu-150:98997:98997 [7] NCCL INFO P2P plugin IBext_v8
use3a-ss-b200-gpu-150:98997:98997 [7] NCCL INFO NCCL_SOCKET_IFNAME set by environment to bond0
use3a-ss-b200-gpu-149:99785:99785 [4] NCCL INFO NCCL_SOCKET_IFNAME set by environment to bond0
use3a-ss-b200-gpu-149:99785:99785 [4] NCCL INFO NCCL_IB_HCA set to =mlx5_0:1,mlx5_1:1,mlx5_4:1,mlx5_5:1,mlx5_6:1,mlx5_11:1,mlx5_14:1,mlx5_15:1
use3a-ss-b200-gpu-150:98993:98993 [3] NCCL INFO NET/Plugin: Loaded net plugin NCCL RDMA Plugin v8 (v8)
use3a-ss-b200-gpu-150:98993:98993 [3] NCCL INFO NET/Plugin: Loaded collnet plugin SHARP (v8)
use3a-ss-b200-gpu-150:98993:98993 [3] NCCL INFO Successfully loaded external network plugin /opt/hpcx/nccl_rdma_sharp_plugin/lib/libnccl-net.so
use3a-ss-b200-gpu-150:98993:98993 [3] NCCL INFO Plugin Path : /opt/hpcx/nccl_rdma_sharp_plugin/lib/libnccl-net.so
use3a-ss-b200-gpu-150:98993:98993 [3] NCCL INFO P2P plugin IBext_v8
use3a-ss-b200-gpu-150:98993:98993 [3] NCCL INFO NCCL_SOCKET_IFNAME set by environment to bond0
use3a-ss-b200-gpu-149:99786:99786 [5] NCCL INFO NET/IB : Using [0]mlx5_0:1/IB/SHARP [1]mlx5_1:1/IB/SHARP [2]mlx5_4:1/IB/SHARP [3]mlx5_5:1/IB/SHARP [4]mlx5_6:1/IB/SHARP [5]mlx5_11:1/IB/SHARP [6]mlx5_14:1/IB/SHARP [7]mlx5_15:1/IB/SHARP [RO]; OOB bond0:7.247.232.121<0>
use3a-ss-b200-gpu-149:99786:99786 [5] NCCL INFO Initialized NET plugin NCCL RDMA Plugin v8
use3a-ss-b200-gpu-149:99786:99786 [5] NCCL INFO Assigned NET plugin NCCL RDMA Plugin v8 to comm
use3a-ss-b200-gpu-149:99786:99786 [5] NCCL INFO GIN/Plugin: Could not find: libnccl-gin.so
use3a-ss-b200-gpu-149:99786:99786 [5] NCCL INFO Successfully loaded external gin plugin /opt/hpcx/nccl_rdma_sharp_plugin/lib/libnccl-net.so
use3a-ss-b200-gpu-149:99786:99786 [5] NCCL INFO NCCL_SOCKET_IFNAME set by environment to bond0
use3a-ss-b200-gpu-149:99786:99786 [5] NCCL INFO NCCL_IB_HCA set to =mlx5_0:1,mlx5_1:1,mlx5_4:1,mlx5_5:1,mlx5_6:1,mlx5_11:1,mlx5_14:1,mlx5_15:1
use3a-ss-b200-gpu-149:99788:99788 [7] NCCL INFO NET/IB : Using [0]mlx5_0:1/IB/SHARP [1]mlx5_1:1/IB/SHARP [2]mlx5_4:1/IB/SHARP [3]mlx5_5:1/IB/SHARP [4]mlx5_6:1/IB/SHARP [5]mlx5_11:1/IB/SHARP [6]mlx5_14:1/IB/SHARP [7]mlx5_15:1/IB/SHARP [RO]; OOB bond0:7.247.232.121<0>
use3a-ss-b200-gpu-149:99788:99788 [7] NCCL INFO Initialized NET plugin NCCL RDMA Plugin v8
use3a-ss-b200-gpu-149:99788:99788 [7] NCCL INFO Assigned NET plugin NCCL RDMA Plugin v8 to comm
use3a-ss-b200-gpu-149:99788:99788 [7] NCCL INFO GIN/Plugin: Could not find: libnccl-gin.so
use3a-ss-b200-gpu-149:99788:99788 [7] NCCL INFO Successfully loaded external gin plugin /opt/hpcx/nccl_rdma_sharp_plugin/lib/libnccl-net.so
use3a-ss-b200-gpu-149:99788:99788 [7] NCCL INFO NCCL_SOCKET_IFNAME set by environment to bond0
use3a-ss-b200-gpu-149:99788:99788 [7] NCCL INFO NCCL_IB_HCA set to =mlx5_0:1,mlx5_1:1,mlx5_4:1,mlx5_5:1,mlx5_6:1,mlx5_11:1,mlx5_14:1,mlx5_15:1
use3a-ss-b200-gpu-150:98991:98991 [1] NCCL INFO NET/IB : Using [0]mlx5_0:1/IB/SHARP [1]mlx5_1:1/IB/SHARP [2]mlx5_4:1/IB/SHARP [3]mlx5_5:1/IB/SHARP [4]mlx5_6:1/IB/SHARP [5]mlx5_11:1/IB/SHARP [6]mlx5_14:1/IB/SHARP [7]mlx5_15:1/IB/SHARP [RO]; OOB bond0:7.247.232.122<0>
use3a-ss-b200-gpu-150:98991:98991 [1] NCCL INFO Initialized NET plugin NCCL RDMA Plugin v8
use3a-ss-b200-gpu-150:98991:98991 [1] NCCL INFO Assigned NET plugin NCCL RDMA Plugin v8 to comm
use3a-ss-b200-gpu-150:98991:98991 [1] NCCL INFO GIN/Plugin: Could not find: libnccl-gin.so
use3a-ss-b200-gpu-150:98991:98991 [1] NCCL INFO Successfully loaded external gin plugin /opt/hpcx/nccl_rdma_sharp_plugin/lib/libnccl-net.so
use3a-ss-b200-gpu-150:98991:98991 [1] NCCL INFO NCCL_SOCKET_IFNAME set by environment to bond0
use3a-ss-b200-gpu-150:98991:98991 [1] NCCL INFO NCCL_IB_HCA set to =mlx5_0:1,mlx5_1:1,mlx5_4:1,mlx5_5:1,mlx5_6:1,mlx5_11:1,mlx5_14:1,mlx5_15:1
use3a-ss-b200-gpu-149:99784:99784 [3] NCCL INFO NET/IB : Using [0]mlx5_0:1/IB/SHARP [1]mlx5_1:1/IB/SHARP [2]mlx5_4:1/IB/SHARP [3]mlx5_5:1/IB/SHARP [4]mlx5_6:1/IB/SHARP [5]mlx5_11:1/IB/SHARP [6]mlx5_14:1/IB/SHARP [7]mlx5_15:1/IB/SHARP [RO]; OOB bond0:7.247.232.121<0>
use3a-ss-b200-gpu-149:99784:99784 [3] NCCL INFO Initialized NET plugin NCCL RDMA Plugin v8
use3a-ss-b200-gpu-149:99784:99784 [3] NCCL INFO Assigned NET plugin NCCL RDMA Plugin v8 to comm
use3a-ss-b200-gpu-149:99784:99784 [3] NCCL INFO GIN/Plugin: Could not find: libnccl-gin.so
use3a-ss-b200-gpu-149:99784:99784 [3] NCCL INFO Successfully loaded external gin plugin /opt/hpcx/nccl_rdma_sharp_plugin/lib/libnccl-net.so
use3a-ss-b200-gpu-149:99784:99784 [3] NCCL INFO NCCL_SOCKET_IFNAME set by environment to bond0
use3a-ss-b200-gpu-149:99784:99784 [3] NCCL INFO NCCL_IB_HCA set to =mlx5_0:1,mlx5_1:1,mlx5_4:1,mlx5_5:1,mlx5_6:1,mlx5_11:1,mlx5_14:1,mlx5_15:1
use3a-ss-b200-gpu-149:99782:99782 [1] NCCL INFO NET/IB : Using [0]mlx5_0:1/IB/SHARP [1]mlx5_1:1/IB/SHARP [2]mlx5_4:1/IB/SHARP [3]mlx5_5:1/IB/SHARP [4]mlx5_6:1/IB/SHARP [5]mlx5_11:1/IB/SHARP [6]mlx5_14:1/IB/SHARP [7]mlx5_15:1/IB/SHARP [RO]; OOB bond0:7.247.232.121<0>
use3a-ss-b200-gpu-149:99782:99782 [1] NCCL INFO Initialized NET plugin NCCL RDMA Plugin v8
use3a-ss-b200-gpu-149:99782:99782 [1] NCCL INFO Assigned NET plugin NCCL RDMA Plugin v8 to comm
use3a-ss-b200-gpu-149:99782:99782 [1] NCCL INFO GIN/Plugin: Could not find: libnccl-gin.so
use3a-ss-b200-gpu-149:99782:99782 [1] NCCL INFO Successfully loaded external gin plugin /opt/hpcx/nccl_rdma_sharp_plugin/lib/libnccl-net.so
use3a-ss-b200-gpu-149:99782:99782 [1] NCCL INFO NCCL_SOCKET_IFNAME set by environment to bond0
use3a-ss-b200-gpu-149:99782:99782 [1] NCCL INFO NCCL_IB_HCA set to =mlx5_0:1,mlx5_1:1,mlx5_4:1,mlx5_5:1,mlx5_6:1,mlx5_11:1,mlx5_14:1,mlx5_15:1
use3a-ss-b200-gpu-150:98994:98994 [4] NCCL INFO NET/IB : Using [0]mlx5_0:1/IB [1]mlx5_1:1/IB [2]mlx5_4:1/IB [3]mlx5_5:1/IB [4]mlx5_6:1/IB [5]mlx5_11:1/IB [6]mlx5_14:1/IB [7]mlx5_15:1/IB [RO]; OOB bond0:7.247.232.122<0>
use3a-ss-b200-gpu-150:98994:98994 [4] NCCL INFO Assigned GIN plugin GIN_IB_GDAKI to comm
use3a-ss-b200-gpu-150:98994:98994 [4] NCCL INFO Assigned RMA plugin GIN_IB_PROXY to comm
use3a-ss-b200-gpu-150:98994:98994 [4] NCCL INFO Using network NCCL RDMA Plugin v8
use3a-ss-b200-gpu-150:98990:98990 [0] NCCL INFO NET/IB : Using [0]mlx5_0:1/IB/SHARP [1]mlx5_1:1/IB/SHARP [2]mlx5_4:1/IB/SHARP [3]mlx5_5:1/IB/SHARP [4]mlx5_6:1/IB/SHARP [5]mlx5_11:1/IB/SHARP [6]mlx5_14:1/IB/SHARP [7]mlx5_15:1/IB/SHARP [RO]; OOB bond0:7.247.232.122<0>
use3a-ss-b200-gpu-150:98990:98990 [0] NCCL INFO Initialized NET plugin NCCL RDMA Plugin v8
use3a-ss-b200-gpu-150:98990:98990 [0] NCCL INFO Assigned NET plugin NCCL RDMA Plugin v8 to comm
use3a-ss-b200-gpu-150:98990:98990 [0] NCCL INFO GIN/Plugin: Could not find: libnccl-gin.so
use3a-ss-b200-gpu-150:98990:98990 [0] NCCL INFO Successfully loaded external gin plugin /opt/hpcx/nccl_rdma_sharp_plugin/lib/libnccl-net.so
use3a-ss-b200-gpu-150:98990:98990 [0] NCCL INFO NCCL_SOCKET_IFNAME set by environment to bond0
use3a-ss-b200-gpu-150:98990:98990 [0] NCCL INFO NCCL_IB_HCA set to =mlx5_0:1,mlx5_1:1,mlx5_4:1,mlx5_5:1,mlx5_6:1,mlx5_11:1,mlx5_14:1,mlx5_15:1
use3a-ss-b200-gpu-150:98992:98992 [2] NCCL INFO NET/IB : Using [0]mlx5_0:1/IB/SHARP [1]mlx5_1:1/IB/SHARP [2]mlx5_4:1/IB/SHARP [3]mlx5_5:1/IB/SHARP [4]mlx5_6:1/IB/SHARP [5]mlx5_11:1/IB/SHARP [6]mlx5_14:1/IB/SHARP [7]mlx5_15:1/IB/SHARP [RO]; OOB bond0:7.247.232.122<0>
use3a-ss-b200-gpu-150:98992:98992 [2] NCCL INFO Initialized NET plugin NCCL RDMA Plugin v8
use3a-ss-b200-gpu-150:98992:98992 [2] NCCL INFO Assigned NET plugin NCCL RDMA Plugin v8 to comm
use3a-ss-b200-gpu-150:98992:98992 [2] NCCL INFO GIN/Plugin: Could not find: libnccl-gin.so
use3a-ss-b200-gpu-150:98992:98992 [2] NCCL INFO Successfully loaded external gin plugin /opt/hpcx/nccl_rdma_sharp_plugin/lib/libnccl-net.so
use3a-ss-b200-gpu-150:98995:98995 [5] NCCL INFO NET/IB : Using [0]mlx5_0:1/IB [1]mlx5_1:1/IB [2]mlx5_4:1/IB [3]mlx5_5:1/IB [4]mlx5_6:1/IB [5]mlx5_11:1/IB [6]mlx5_14:1/IB [7]mlx5_15:1/IB [RO]; OOB bond0:7.247.232.122<0>
use3a-ss-b200-gpu-150:98995:98995 [5] NCCL INFO Assigned GIN plugin GIN_IB_GDAKI to comm
use3a-ss-b200-gpu-150:98995:98995 [5] NCCL INFO Assigned RMA plugin GIN_IB_PROXY to comm
use3a-ss-b200-gpu-150:98995:98995 [5] NCCL INFO Using network NCCL RDMA Plugin v8
use3a-ss-b200-gpu-150:98992:98992 [2] NCCL INFO NCCL_SOCKET_IFNAME set by environment to bond0
use3a-ss-b200-gpu-150:98992:98992 [2] NCCL INFO NCCL_IB_HCA set to =mlx5_0:1,mlx5_1:1,mlx5_4:1,mlx5_5:1,mlx5_6:1,mlx5_11:1,mlx5_14:1,mlx5_15:1
use3a-ss-b200-gpu-149:99785:99785 [4] NCCL INFO NET/IB : Using [0]mlx5_0:1/IB [1]mlx5_1:1/IB [2]mlx5_4:1/IB [3]mlx5_5:1/IB [4]mlx5_6:1/IB [5]mlx5_11:1/IB [6]mlx5_14:1/IB [7]mlx5_15:1/IB [RO]; OOB bond0:7.247.232.121<0>
use3a-ss-b200-gpu-149:99785:99785 [4] NCCL INFO Assigned GIN plugin GIN_IB_GDAKI to comm
use3a-ss-b200-gpu-149:99785:99785 [4] NCCL INFO Assigned RMA plugin GIN_IB_PROXY to comm
use3a-ss-b200-gpu-149:99785:99785 [4] NCCL INFO Using network NCCL RDMA Plugin v8
use3a-ss-b200-gpu-150:98996:98996 [6] NCCL INFO NET/IB : Using [0]mlx5_0:1/IB/SHARP [1]mlx5_1:1/IB/SHARP [2]mlx5_4:1/IB/SHARP [3]mlx5_5:1/IB/SHARP [4]mlx5_6:1/IB/SHARP [5]mlx5_11:1/IB/SHARP [6]mlx5_14:1/IB/SHARP [7]mlx5_15:1/IB/SHARP [RO]; OOB bond0:7.247.232.122<0>
use3a-ss-b200-gpu-150:98996:98996 [6] NCCL INFO Initialized NET plugin NCCL RDMA Plugin v8
use3a-ss-b200-gpu-150:98996:98996 [6] NCCL INFO Assigned NET plugin NCCL RDMA Plugin v8 to comm
use3a-ss-b200-gpu-150:98996:98996 [6] NCCL INFO GIN/Plugin: Could not find: libnccl-gin.so
use3a-ss-b200-gpu-150:98996:98996 [6] NCCL INFO Successfully loaded external gin plugin /opt/hpcx/nccl_rdma_sharp_plugin/lib/libnccl-net.so
use3a-ss-b200-gpu-150:98996:98996 [6] NCCL INFO NCCL_SOCKET_IFNAME set by environment to bond0
use3a-ss-b200-gpu-150:98997:98997 [7] NCCL INFO NET/IB : Using [0]mlx5_0:1/IB/SHARP [1]mlx5_1:1/IB/SHARP [2]mlx5_4:1/IB/SHARP [3]mlx5_5:1/IB/SHARP [4]mlx5_6:1/IB/SHARP [5]mlx5_11:1/IB/SHARP [6]mlx5_14:1/IB/SHARP [7]mlx5_15:1/IB/SHARP [RO]; OOB bond0:7.247.232.122<0>
use3a-ss-b200-gpu-150:98997:98997 [7] NCCL INFO Initialized NET plugin NCCL RDMA Plugin v8
use3a-ss-b200-gpu-150:98997:98997 [7] NCCL INFO Assigned NET plugin NCCL RDMA Plugin v8 to comm
use3a-ss-b200-gpu-150:98993:98993 [3] NCCL INFO NET/IB : Using [0]mlx5_0:1/IB/SHARP [1]mlx5_1:1/IB/SHARP [2]mlx5_4:1/IB/SHARP [3]mlx5_5:1/IB/SHARP [4]mlx5_6:1/IB/SHARP [5]mlx5_11:1/IB/SHARP [6]mlx5_14:1/IB/SHARP [7]mlx5_15:1/IB/SHARP [RO]; OOB bond0:7.247.232.122<0>
use3a-ss-b200-gpu-150:98993:98993 [3] NCCL INFO Initialized NET plugin NCCL RDMA Plugin v8
use3a-ss-b200-gpu-150:98996:98996 [6] NCCL INFO NCCL_IB_HCA set to =mlx5_0:1,mlx5_1:1,mlx5_4:1,mlx5_5:1,mlx5_6:1,mlx5_11:1,mlx5_14:1,mlx5_15:1
use3a-ss-b200-gpu-150:98993:98993 [3] NCCL INFO Assigned NET plugin NCCL RDMA Plugin v8 to comm
use3a-ss-b200-gpu-150:98997:98997 [7] NCCL INFO GIN/Plugin: Could not find: libnccl-gin.so
use3a-ss-b200-gpu-150:98997:98997 [7] NCCL INFO Successfully loaded external gin plugin /opt/hpcx/nccl_rdma_sharp_plugin/lib/libnccl-net.so
use3a-ss-b200-gpu-150:98993:98993 [3] NCCL INFO GIN/Plugin: Could not find: libnccl-gin.so
use3a-ss-b200-gpu-150:98993:98993 [3] NCCL INFO Successfully loaded external gin plugin /opt/hpcx/nccl_rdma_sharp_plugin/lib/libnccl-net.so
use3a-ss-b200-gpu-150:98997:98997 [7] NCCL INFO NCCL_SOCKET_IFNAME set by environment to bond0
use3a-ss-b200-gpu-150:98993:98993 [3] NCCL INFO NCCL_SOCKET_IFNAME set by environment to bond0
use3a-ss-b200-gpu-150:98997:98997 [7] NCCL INFO NCCL_IB_HCA set to =mlx5_0:1,mlx5_1:1,mlx5_4:1,mlx5_5:1,mlx5_6:1,mlx5_11:1,mlx5_14:1,mlx5_15:1
use3a-ss-b200-gpu-150:98993:98993 [3] NCCL INFO NCCL_IB_HCA set to =mlx5_0:1,mlx5_1:1,mlx5_4:1,mlx5_5:1,mlx5_6:1,mlx5_11:1,mlx5_14:1,mlx5_15:1
use3a-ss-b200-gpu-149:99786:99786 [5] NCCL INFO NET/IB : Using [0]mlx5_0:1/IB [1]mlx5_1:1/IB [2]mlx5_4:1/IB [3]mlx5_5:1/IB [4]mlx5_6:1/IB [5]mlx5_11:1/IB [6]mlx5_14:1/IB [7]mlx5_15:1/IB [RO]; OOB bond0:7.247.232.121<0>
use3a-ss-b200-gpu-149:99786:99786 [5] NCCL INFO Assigned GIN plugin GIN_IB_GDAKI to comm
use3a-ss-b200-gpu-149:99786:99786 [5] NCCL INFO Assigned RMA plugin GIN_IB_PROXY to comm
use3a-ss-b200-gpu-149:99786:99786 [5] NCCL INFO Using network NCCL RDMA Plugin v8
use3a-ss-b200-gpu-149:99788:99788 [7] NCCL INFO NET/IB : Using [0]mlx5_0:1/IB [1]mlx5_1:1/IB [2]mlx5_4:1/IB [3]mlx5_5:1/IB [4]mlx5_6:1/IB [5]mlx5_11:1/IB [6]mlx5_14:1/IB [7]mlx5_15:1/IB [RO]; OOB bond0:7.247.232.121<0>
use3a-ss-b200-gpu-149:99788:99788 [7] NCCL INFO Assigned GIN plugin GIN_IB_GDAKI to comm
use3a-ss-b200-gpu-149:99788:99788 [7] NCCL INFO Assigned RMA plugin GIN_IB_PROXY to comm
use3a-ss-b200-gpu-149:99788:99788 [7] NCCL INFO Using network NCCL RDMA Plugin v8
use3a-ss-b200-gpu-150:98991:98991 [1] NCCL INFO NET/IB : Using [0]mlx5_0:1/IB [1]mlx5_1:1/IB [2]mlx5_4:1/IB [3]mlx5_5:1/IB [4]mlx5_6:1/IB [5]mlx5_11:1/IB [6]mlx5_14:1/IB [7]mlx5_15:1/IB [RO]; OOB bond0:7.247.232.122<0>
use3a-ss-b200-gpu-150:98991:98991 [1] NCCL INFO Assigned GIN plugin GIN_IB_GDAKI to comm
use3a-ss-b200-gpu-150:98991:98991 [1] NCCL INFO Assigned RMA plugin GIN_IB_PROXY to comm
use3a-ss-b200-gpu-150:98991:98991 [1] NCCL INFO Using network NCCL RDMA Plugin v8
use3a-ss-b200-gpu-149:99787:99787 [6] NCCL INFO DMA-BUF is available on GPU device 6
use3a-ss-b200-gpu-149:99787:99787 [6] NCCL INFO [Rank 6] ncclCommInitRank comm 0x56a4f019c710 rank 6 nranks 16 cudaDev 6 nvmlDev 6 busId dc000 commId 0x49035f32b865f987 - Init START
use3a-ss-b200-gpu-149:99784:99784 [3] NCCL INFO NET/IB : Using [0]mlx5_0:1/IB [1]mlx5_1:1/IB [2]mlx5_4:1/IB [3]mlx5_5:1/IB [4]mlx5_6:1/IB [5]mlx5_11:1/IB [6]mlx5_14:1/IB [7]mlx5_15:1/IB [RO]; OOB bond0:7.247.232.121<0>
use3a-ss-b200-gpu-149:99784:99784 [3] NCCL INFO Assigned GIN plugin GIN_IB_GDAKI to comm
use3a-ss-b200-gpu-149:99784:99784 [3] NCCL INFO Assigned RMA plugin GIN_IB_PROXY to comm
use3a-ss-b200-gpu-149:99784:99784 [3] NCCL INFO Using network NCCL RDMA Plugin v8
use3a-ss-b200-gpu-149:99782:99782 [1] NCCL INFO NET/IB : Using [0]mlx5_0:1/IB [1]mlx5_1:1/IB [2]mlx5_4:1/IB [3]mlx5_5:1/IB [4]mlx5_6:1/IB [5]mlx5_11:1/IB [6]mlx5_14:1/IB [7]mlx5_15:1/IB [RO]; OOB bond0:7.247.232.121<0>
use3a-ss-b200-gpu-149:99782:99782 [1] NCCL INFO Assigned GIN plugin GIN_IB_GDAKI to comm
use3a-ss-b200-gpu-149:99782:99782 [1] NCCL INFO Assigned RMA plugin GIN_IB_PROXY to comm
use3a-ss-b200-gpu-149:99782:99782 [1] NCCL INFO Using network NCCL RDMA Plugin v8
use3a-ss-b200-gpu-150:98990:98990 [0] NCCL INFO NET/IB : Using [0]mlx5_0:1/IB [1]mlx5_1:1/IB [2]mlx5_4:1/IB [3]mlx5_5:1/IB [4]mlx5_6:1/IB [5]mlx5_11:1/IB [6]mlx5_14:1/IB [7]mlx5_15:1/IB [RO]; OOB bond0:7.247.232.122<0>
use3a-ss-b200-gpu-150:98990:98990 [0] NCCL INFO Assigned GIN plugin GIN_IB_GDAKI to comm
use3a-ss-b200-gpu-150:98990:98990 [0] NCCL INFO Assigned RMA plugin GIN_IB_PROXY to comm
use3a-ss-b200-gpu-150:98990:98990 [0] NCCL INFO Using network NCCL RDMA Plugin v8
use3a-ss-b200-gpu-150:98992:98992 [2] NCCL INFO NET/IB : Using [0]mlx5_0:1/IB [1]mlx5_1:1/IB [2]mlx5_4:1/IB [3]mlx5_5:1/IB [4]mlx5_6:1/IB [5]mlx5_11:1/IB [6]mlx5_14:1/IB [7]mlx5_15:1/IB [RO]; OOB bond0:7.247.232.122<0>
use3a-ss-b200-gpu-150:98992:98992 [2] NCCL INFO Assigned GIN plugin GIN_IB_GDAKI to comm
use3a-ss-b200-gpu-150:98992:98992 [2] NCCL INFO Assigned RMA plugin GIN_IB_PROXY to comm
use3a-ss-b200-gpu-150:98992:98992 [2] NCCL INFO Using network NCCL RDMA Plugin v8
use3a-ss-b200-gpu-150:98996:98996 [6] NCCL INFO NET/IB : Using [0]mlx5_0:1/IB [1]mlx5_1:1/IB [2]mlx5_4:1/IB [3]mlx5_5:1/IB [4]mlx5_6:1/IB [5]mlx5_11:1/IB [6]mlx5_14:1/IB [7]mlx5_15:1/IB [RO]; OOB bond0:7.247.232.122<0>
use3a-ss-b200-gpu-150:98996:98996 [6] NCCL INFO Assigned GIN plugin GIN_IB_GDAKI to comm
use3a-ss-b200-gpu-150:98996:98996 [6] NCCL INFO Assigned RMA plugin GIN_IB_PROXY to comm
use3a-ss-b200-gpu-150:98996:98996 [6] NCCL INFO Using network NCCL RDMA Plugin v8
use3a-ss-b200-gpu-150:98993:98993 [3] NCCL INFO NET/IB : Using [0]mlx5_0:1/IB [1]mlx5_1:1/IB [2]mlx5_4:1/IB [3]mlx5_5:1/IB [4]mlx5_6:1/IB [5]mlx5_11:1/IB [6]mlx5_14:1/IB [7]mlx5_15:1/IB [RO]; OOB bond0:7.247.232.122<0>
use3a-ss-b200-gpu-150:98997:98997 [7] NCCL INFO NET/IB : Using [0]mlx5_0:1/IB [1]mlx5_1:1/IB [2]mlx5_4:1/IB [3]mlx5_5:1/IB [4]mlx5_6:1/IB [5]mlx5_11:1/IB [6]mlx5_14:1/IB [7]mlx5_15:1/IB [RO]; OOB bond0:7.247.232.122<0>
use3a-ss-b200-gpu-150:98993:98993 [3] NCCL INFO Assigned GIN plugin GIN_IB_GDAKI to comm
use3a-ss-b200-gpu-150:98993:98993 [3] NCCL INFO Assigned RMA plugin GIN_IB_PROXY to comm
use3a-ss-b200-gpu-150:98997:98997 [7] NCCL INFO Assigned GIN plugin GIN_IB_GDAKI to comm
use3a-ss-b200-gpu-150:98997:98997 [7] NCCL INFO Assigned RMA plugin GIN_IB_PROXY to comm
use3a-ss-b200-gpu-150:98997:98997 [7] NCCL INFO Using network NCCL RDMA Plugin v8
use3a-ss-b200-gpu-150:98993:98993 [3] NCCL INFO Using network NCCL RDMA Plugin v8
use3a-ss-b200-gpu-149:99781:99781 [0] NCCL INFO DMA-BUF is available on GPU device 0
use3a-ss-b200-gpu-149:99781:99781 [0] NCCL INFO [Rank 0] ncclCommInitRank comm 0x63215565d990 rank 0 nranks 16 cudaDev 0 nvmlDev 0 busId 17000 commId 0x49035f32b865f987 - Init START
use3a-ss-b200-gpu-149:99783:99783 [2] NCCL INFO DMA-BUF is available on GPU device 2
use3a-ss-b200-gpu-149:99783:99783 [2] NCCL INFO [Rank 2] ncclCommInitRank comm 0x638680ed1370 rank 2 nranks 16 cudaDev 2 nvmlDev 2 busId 5f000 commId 0x49035f32b865f987 - Init START
use3a-ss-b200-gpu-150:98994:98994 [4] NCCL INFO DMA-BUF is available on GPU device 4
use3a-ss-b200-gpu-150:98994:98994 [4] NCCL INFO [Rank 12] ncclCommInitRank comm 0x594dff5d85e0 rank 12 nranks 16 cudaDev 4 nvmlDev 4 busId 97000 commId 0x49035f32b865f987 - Init START
use3a-ss-b200-gpu-150:98995:98995 [5] NCCL INFO DMA-BUF is available on GPU device 5
use3a-ss-b200-gpu-150:98995:98995 [5] NCCL INFO [Rank 13] ncclCommInitRank comm 0x653719baa950 rank 13 nranks 16 cudaDev 5 nvmlDev 5 busId ba000 commId 0x49035f32b865f987 - Init START
use3a-ss-b200-gpu-149:99785:99785 [4] NCCL INFO DMA-BUF is available on GPU device 4
use3a-ss-b200-gpu-149:99785:99785 [4] NCCL INFO [Rank 4] ncclCommInitRank comm 0x6254226b4e10 rank 4 nranks 16 cudaDev 4 nvmlDev 4 busId 97000 commId 0x49035f32b865f987 - Init START
use3a-ss-b200-gpu-149:99782:99782 [1] NCCL INFO DMA-BUF is available on GPU device 1
use3a-ss-b200-gpu-149:99782:99782 [1] NCCL INFO [Rank 1] ncclCommInitRank comm 0x591655f9a0a0 rank 1 nranks 16 cudaDev 1 nvmlDev 1 busId 3d000 commId 0x49035f32b865f987 - Init START
use3a-ss-b200-gpu-149:99782:99782 [1] NCCL INFO RAS client listening socket at ::1<28028>
use3a-ss-b200-gpu-150:98990:98990 [0] NCCL INFO DMA-BUF is available on GPU device 0
use3a-ss-b200-gpu-150:98990:98990 [0] NCCL INFO [Rank 8] ncclCommInitRank comm 0x576e8275caf0 rank 8 nranks 16 cudaDev 0 nvmlDev 0 busId 17000 commId 0x49035f32b865f987 - Init START
use3a-ss-b200-gpu-150:98991:98991 [1] NCCL INFO DMA-BUF is available on GPU device 1
use3a-ss-b200-gpu-150:98991:98991 [1] NCCL INFO [Rank 9] ncclCommInitRank comm 0x6028414dc290 rank 9 nranks 16 cudaDev 1 nvmlDev 1 busId 3d000 commId 0x49035f32b865f987 - Init START
use3a-ss-b200-gpu-149:99786:99786 [5] NCCL INFO DMA-BUF is available on GPU device 5
use3a-ss-b200-gpu-149:99786:99786 [5] NCCL INFO [Rank 5] ncclCommInitRank comm 0x61a871e99c90 rank 5 nranks 16 cudaDev 5 nvmlDev 5 busId ba000 commId 0x49035f32b865f987 - Init START
use3a-ss-b200-gpu-149:99786:99786 [5] NCCL INFO RAS client listening socket at ::1<28028>
use3a-ss-b200-gpu-149:99788:99788 [7] NCCL INFO DMA-BUF is available on GPU device 7
use3a-ss-b200-gpu-149:99788:99788 [7] NCCL INFO [Rank 7] ncclCommInitRank comm 0x64b6666c8120 rank 7 nranks 16 cudaDev 7 nvmlDev 7 busId ed000 commId 0x49035f32b865f987 - Init START
use3a-ss-b200-gpu-149:99787:99787 [6] NCCL INFO RAS client listening socket at ::1<28028>
use3a-ss-b200-gpu-149:99788:99788 [7] NCCL INFO RAS client listening socket at ::1<28028>
use3a-ss-b200-gpu-150:98990:98990 [0] NCCL INFO RAS client listening socket at ::1<28028>
use3a-ss-b200-gpu-149:99784:99784 [3] NCCL INFO DMA-BUF is available on GPU device 3
use3a-ss-b200-gpu-149:99784:99784 [3] NCCL INFO [Rank 3] ncclCommInitRank comm 0x589c53413f50 rank 3 nranks 16 cudaDev 3 nvmlDev 3 busId 70000 commId 0x49035f32b865f987 - Init START
use3a-ss-b200-gpu-149:99783:99783 [2] NCCL INFO RAS client listening socket at ::1<28028>
use3a-ss-b200-gpu-149:99784:99784 [3] NCCL INFO RAS client listening socket at ::1<28028>
use3a-ss-b200-gpu-149:99785:99785 [4] NCCL INFO RAS client listening socket at ::1<28028>
use3a-ss-b200-gpu-150:98992:98992 [2] NCCL INFO DMA-BUF is available on GPU device 2
use3a-ss-b200-gpu-150:98992:98992 [2] NCCL INFO [Rank 10] ncclCommInitRank comm 0x61bbc10a9130 rank 10 nranks 16 cudaDev 2 nvmlDev 2 busId 5f000 commId 0x49035f32b865f987 - Init START
use3a-ss-b200-gpu-150:98991:98991 [1] NCCL INFO RAS client listening socket at ::1<28028>
use3a-ss-b200-gpu-150:98993:98993 [3] NCCL INFO DMA-BUF is available on GPU device 3
use3a-ss-b200-gpu-150:98993:98993 [3] NCCL INFO [Rank 11] ncclCommInitRank comm 0x57307de11820 rank 11 nranks 16 cudaDev 3 nvmlDev 3 busId 70000 commId 0x49035f32b865f987 - Init START
use3a-ss-b200-gpu-150:98992:98992 [2] NCCL INFO RAS client listening socket at ::1<28028>
use3a-ss-b200-gpu-150:98993:98993 [3] NCCL INFO RAS client listening socket at ::1<28028>
use3a-ss-b200-gpu-150:98994:98994 [4] NCCL INFO RAS client listening socket at ::1<28028>
use3a-ss-b200-gpu-150:98997:98997 [7] NCCL INFO DMA-BUF is available on GPU device 7
use3a-ss-b200-gpu-150:98997:98997 [7] NCCL INFO [Rank 15] ncclCommInitRank comm 0x5d3672e77870 rank 15 nranks 16 cudaDev 7 nvmlDev 7 busId ed000 commId 0x49035f32b865f987 - Init START
use3a-ss-b200-gpu-150:98996:98996 [6] NCCL INFO DMA-BUF is available on GPU device 6
use3a-ss-b200-gpu-150:98996:98996 [6] NCCL INFO [Rank 14] ncclCommInitRank comm 0x5b800e8bae50 rank 14 nranks 16 cudaDev 6 nvmlDev 6 busId dc000 commId 0x49035f32b865f987 - Init START
use3a-ss-b200-gpu-149:99781:99781 [0] NCCL INFO RAS client listening socket at ::1<28028>
use3a-ss-b200-gpu-150:98995:98995 [5] NCCL INFO RAS client listening socket at ::1<28028>
use3a-ss-b200-gpu-150:98996:98996 [6] NCCL INFO RAS client listening socket at ::1<28028>
use3a-ss-b200-gpu-150:98997:98997 [7] NCCL INFO RAS client listening socket at ::1<28028>
use3a-ss-b200-gpu-149:99788:99788 [7] NCCL INFO Bootstrap timings total 0.248644 (create 0.000049, send 0.000114, recv 0.000416, ring 0.247162, delay 0.000000)
use3a-ss-b200-gpu-150:98990:98990 [0] NCCL INFO Bootstrap timings total 0.333931 (create 0.000051, send 0.000474, recv 0.030377, ring 0.246216, delay 0.000001)
use3a-ss-b200-gpu-150:98991:98991 [1] NCCL INFO Bootstrap timings total 0.304479 (create 0.000053, send 0.000476, recv 0.274992, ring 0.028475, delay 0.000000)
use3a-ss-b200-gpu-149:99787:99787 [6] NCCL INFO Bootstrap timings total 1.090198 (create 0.000056, send 0.000108, recv 0.841511, ring 0.247936, delay 0.000001)
use3a-ss-b200-gpu-150:98992:98992 [2] NCCL INFO Bootstrap timings total 0.030604 (create 0.000048, send 0.000452, recv 0.017865, ring 0.011663, delay 0.000000)
use3a-ss-b200-gpu-149:99786:99786 [5] NCCL INFO Bootstrap timings total 0.299764 (create 0.000053, send 0.000119, recv 0.000469, ring 0.298669, delay 0.000001)
use3a-ss-b200-gpu-150:98993:98993 [3] NCCL INFO Bootstrap timings total 0.013501 (create 0.000032, send 0.000387, recv 0.001058, ring 0.011623, delay 0.000000)
use3a-ss-b200-gpu-149:99784:99784 [3] NCCL INFO Bootstrap timings total 0.240760 (create 0.000058, send 0.000112, recv 0.000461, ring 0.239384, delay 0.000000)
use3a-ss-b200-gpu-150:98994:98994 [4] NCCL INFO Bootstrap timings total 0.711978 (create 0.000059, send 0.000454, recv 0.015341, ring 0.012016, delay 0.000001)
use3a-ss-b200-gpu-149:99785:99785 [4] NCCL INFO Bootstrap timings total 0.554913 (create 0.000053, send 0.000117, recv 0.255256, ring 0.239396, delay 0.000000)
use3a-ss-b200-gpu-150:98995:98995 [5] NCCL INFO Bootstrap timings total 0.697926 (create 0.000055, send 0.000477, recv 0.693439, ring 0.003541, delay 0.000001)
use3a-ss-b200-gpu-149:99781:99781 [0] NCCL INFO Bootstrap timings total 0.810516 (create 0.000042, send 0.000118, recv 0.439164, ring 0.005294, delay 0.000001)
use3a-ss-b200-gpu-149:99782:99782 [1] NCCL INFO Bootstrap timings total 0.371784 (create 0.000066, send 0.000133, recv 0.000491, ring 0.370565, delay 0.000001)
use3a-ss-b200-gpu-149:99783:99783 [2] NCCL INFO Bootstrap timings total 0.758673 (create 0.000047, send 0.000112, recv 0.518218, ring 0.239709, delay 0.000000)
use3a-ss-b200-gpu-150:98996:98996 [6] NCCL INFO Bootstrap timings total 0.005815 (create 0.000050, send 0.000405, recv 0.001399, ring 0.003427, delay 0.000000)
use3a-ss-b200-gpu-150:98997:98997 [7] NCCL INFO Bootstrap timings total 0.007884 (create 0.000036, send 0.000756, recv 0.000666, ring 0.003522, delay 0.000000)
use3a-ss-b200-gpu-149:99788:99788 [7] NCCL INFO MNNVL busId 0xed000 fabric UUID 0.0 cliqueId 0x0 state 3 healthMask 0x80
use3a-ss-b200-gpu-150:98990:98990 [0] NCCL INFO MNNVL busId 0x17000 fabric UUID 0.0 cliqueId 0x0 state 3 healthMask 0x80
use3a-ss-b200-gpu-149:99787:99787 [6] NCCL INFO MNNVL busId 0xdc000 fabric UUID 0.0 cliqueId 0x0 state 3 healthMask 0x80
use3a-ss-b200-gpu-150:98993:98993 [3] NCCL INFO MNNVL busId 0x70000 fabric UUID 0.0 cliqueId 0x0 state 3 healthMask 0x80
use3a-ss-b200-gpu-149:99786:99786 [5] NCCL INFO MNNVL busId 0xba000 fabric UUID 0.0 cliqueId 0x0 state 3 healthMask 0x80
use3a-ss-b200-gpu-150:98992:98992 [2] NCCL INFO MNNVL busId 0x5f000 fabric UUID 0.0 cliqueId 0x0 state 3 healthMask 0x80
use3a-ss-b200-gpu-150:98995:98995 [5] NCCL INFO MNNVL busId 0xba000 fabric UUID 0.0 cliqueId 0x0 state 3 healthMask 0x80
use3a-ss-b200-gpu-150:98996:98996 [6] NCCL INFO MNNVL busId 0xdc000 fabric UUID 0.0 cliqueId 0x0 state 3 healthMask 0x80
use3a-ss-b200-gpu-150:98997:98997 [7] NCCL INFO MNNVL busId 0xed000 fabric UUID 0.0 cliqueId 0x0 state 3 healthMask 0x80
use3a-ss-b200-gpu-149:99784:99784 [3] NCCL INFO MNNVL busId 0x70000 fabric UUID 0.0 cliqueId 0x0 state 3 healthMask 0x80
use3a-ss-b200-gpu-149:99785:99785 [4] NCCL INFO MNNVL busId 0x97000 fabric UUID 0.0 cliqueId 0x0 state 3 healthMask 0x80
use3a-ss-b200-gpu-149:99783:99783 [2] NCCL INFO MNNVL busId 0x5f000 fabric UUID 0.0 cliqueId 0x0 state 3 healthMask 0x80
use3a-ss-b200-gpu-150:98994:98994 [4] NCCL INFO MNNVL busId 0x97000 fabric UUID 0.0 cliqueId 0x0 state 3 healthMask 0x80
use3a-ss-b200-gpu-149:99781:99781 [0] NCCL INFO MNNVL busId 0x17000 fabric UUID 0.0 cliqueId 0x0 state 3 healthMask 0x80
use3a-ss-b200-gpu-149:99782:99782 [1] NCCL INFO MNNVL busId 0x3d000 fabric UUID 0.0 cliqueId 0x0 state 3 healthMask 0x80
use3a-ss-b200-gpu-150:98991:98991 [1] NCCL INFO MNNVL busId 0x3d000 fabric UUID 0.0 cliqueId 0x0 state 3 healthMask 0x80
use3a-ss-b200-gpu-149:99788:99788 [7] NCCL INFO ncclTopoGetCpuAffinity: Affinity for GPU 7 is 152-159. (GPU affinity = 128-255 ; CPU affinity = 152-159).
use3a-ss-b200-gpu-149:99788:99788 [7] NCCL INFO NCCL_NVLS_ENABLE set by environment to 0.
use3a-ss-b200-gpu-149:99786:99786 [5] NCCL INFO ncclTopoGetCpuAffinity: Affinity for GPU 5 is 144-151. (GPU affinity = 128-255 ; CPU affinity = 144-151).
use3a-ss-b200-gpu-149:99786:99786 [5] NCCL INFO NCCL_NVLS_ENABLE set by environment to 0.
use3a-ss-b200-gpu-149:99782:99782 [1] NCCL INFO ncclTopoGetCpuAffinity: Affinity for GPU 1 is empty, ignoring. (GPU affinity = 0-127 ; CPU affinity = 128-135).
use3a-ss-b200-gpu-149:99782:99782 [1] NCCL INFO NCCL_NVLS_ENABLE set by environment to 0.
use3a-ss-b200-gpu-149:99784:99784 [3] NCCL INFO ncclTopoGetCpuAffinity: Affinity for GPU 3 is empty, ignoring. (GPU affinity = 0-127 ; CPU affinity = 136-143).
use3a-ss-b200-gpu-149:99784:99784 [3] NCCL INFO NCCL_NVLS_ENABLE set by environment to 0.
use3a-ss-b200-gpu-149:99787:99787 [6] NCCL INFO ncclTopoGetCpuAffinity: Affinity for GPU 6 is empty, ignoring. (GPU affinity = 128-255 ; CPU affinity = 24-31).
use3a-ss-b200-gpu-149:99787:99787 [6] NCCL INFO NCCL_NVLS_ENABLE set by environment to 0.
use3a-ss-b200-gpu-149:99785:99785 [4] NCCL INFO ncclTopoGetCpuAffinity: Affinity for GPU 4 is empty, ignoring. (GPU affinity = 128-255 ; CPU affinity = 16-23).
use3a-ss-b200-gpu-149:99785:99785 [4] NCCL INFO NCCL_NVLS_ENABLE set by environment to 0.
use3a-ss-b200-gpu-149:99781:99781 [0] NCCL INFO ncclTopoGetCpuAffinity: Affinity for GPU 0 is 0-7. (GPU affinity = 0-127 ; CPU affinity = 0-7).
use3a-ss-b200-gpu-149:99781:99781 [0] NCCL INFO NCCL_NVLS_ENABLE set by environment to 0.
use3a-ss-b200-gpu-149:99783:99783 [2] NCCL INFO ncclTopoGetCpuAffinity: Affinity for GPU 2 is 8-15. (GPU affinity = 0-127 ; CPU affinity = 8-15).
use3a-ss-b200-gpu-149:99783:99783 [2] NCCL INFO NCCL_NVLS_ENABLE set by environment to 0.
use3a-ss-b200-gpu-150:98995:98995 [5] NCCL INFO ncclTopoGetCpuAffinity: Affinity for GPU 5 is 144-151. (GPU affinity = 128-255 ; CPU affinity = 144-151).
use3a-ss-b200-gpu-150:98995:98995 [5] NCCL INFO NCCL_NVLS_ENABLE set by environment to 0.
use3a-ss-b200-gpu-150:98993:98993 [3] NCCL INFO ncclTopoGetCpuAffinity: Affinity for GPU 3 is empty, ignoring. (GPU affinity = 0-127 ; CPU affinity = 136-143).
use3a-ss-b200-gpu-150:98993:98993 [3] NCCL INFO NCCL_NVLS_ENABLE set by environment to 0.
use3a-ss-b200-gpu-150:98997:98997 [7] NCCL INFO ncclTopoGetCpuAffinity: Affinity for GPU 7 is 152-159. (GPU affinity = 128-255 ; CPU affinity = 152-159).
use3a-ss-b200-gpu-150:98997:98997 [7] NCCL INFO NCCL_NVLS_ENABLE set by environment to 0.
use3a-ss-b200-gpu-150:98992:98992 [2] NCCL INFO ncclTopoGetCpuAffinity: Affinity for GPU 2 is 8-15. (GPU affinity = 0-127 ; CPU affinity = 8-15).
use3a-ss-b200-gpu-150:98992:98992 [2] NCCL INFO NCCL_NVLS_ENABLE set by environment to 0.
use3a-ss-b200-gpu-150:98994:98994 [4] NCCL INFO ncclTopoGetCpuAffinity: Affinity for GPU 4 is empty, ignoring. (GPU affinity = 128-255 ; CPU affinity = 16-23).
use3a-ss-b200-gpu-150:98994:98994 [4] NCCL INFO NCCL_NVLS_ENABLE set by environment to 0.
use3a-ss-b200-gpu-150:98991:98991 [1] NCCL INFO ncclTopoGetCpuAffinity: Affinity for GPU 1 is empty, ignoring. (GPU affinity = 0-127 ; CPU affinity = 128-135).
use3a-ss-b200-gpu-150:98996:98996 [6] NCCL INFO ncclTopoGetCpuAffinity: Affinity for GPU 6 is empty, ignoring. (GPU affinity = 128-255 ; CPU affinity = 24-31).
use3a-ss-b200-gpu-150:98996:98996 [6] NCCL INFO NCCL_NVLS_ENABLE set by environment to 0.
use3a-ss-b200-gpu-150:98991:98991 [1] NCCL INFO NCCL_NVLS_ENABLE set by environment to 0.
use3a-ss-b200-gpu-150:98990:98990 [0] NCCL INFO ncclTopoGetCpuAffinity: Affinity for GPU 0 is 0-7. (GPU affinity = 0-127 ; CPU affinity = 0-7).
use3a-ss-b200-gpu-150:98990:98990 [0] NCCL INFO NCCL_NVLS_ENABLE set by environment to 0.
use3a-ss-b200-gpu-149:99781:99781 [0] NCCL INFO comm 0x63215565d990 rank 0 nRanks 16 nNodes 2 localRanks 8 localRank 0 MNNVL 0
use3a-ss-b200-gpu-149:99781:99781 [0] NCCL INFO Channel 00/16 :  0  7  6  5  4  3  2  1  8 15 14 13 12 11 10  9
use3a-ss-b200-gpu-149:99781:99781 [0] NCCL INFO Channel 01/16 :  0  7  6  5  4  3  2  9  8 15 14 13 12 11 10  1
use3a-ss-b200-gpu-149:99781:99781 [0] NCCL INFO Channel 02/16 :  0  7  6  5  4  3 10  9  8 15 14 13 12 11  2  1
use3a-ss-b200-gpu-149:99781:99781 [0] NCCL INFO Channel 03/16 :  0  7  6  5  4 11 10  9  8 15 14 13 12  3  2  1
use3a-ss-b200-gpu-149:99781:99781 [0] NCCL INFO Channel 04/16 :  0  7  6  5 12 11 10  9  8 15 14 13  4  3  2  1
use3a-ss-b200-gpu-149:99781:99781 [0] NCCL INFO Channel 05/16 :  0  7  6 13 12 11 10  9  8 15 14  5  4  3  2  1
use3a-ss-b200-gpu-149:99781:99781 [0] NCCL INFO Channel 06/16 :  0  7 14 13 12 11 10  9  8 15  6  5  4  3  2  1
use3a-ss-b200-gpu-149:99781:99781 [0] NCCL INFO Channel 07/16 :  0 15 14 13 12 11 10  9  8  7  6  5  4  3  2  1
use3a-ss-b200-gpu-150:98997:98997 [7] NCCL INFO comm 0x5d3672e77870 rank 15 nRanks 16 nNodes 2 localRanks 8 localRank 7 MNNVL 0
use3a-ss-b200-gpu-150:98997:98997 [7] NCCL INFO Trees [0] -1/-1/-1->15->14 [1] 8/-1/-1->15->14 [2] 8/-1/-1->15->14 [3] 8/-1/-1->15->14 [4] 8/-1/-1->15->14 [5] 8/-1/-1->15->14 [6] 8/-1/-1->15->14 [7] 8/-1/-1->15->7 [8] -1/-1/-1->15->14 [9] 8/-1/-1->15->14 [10] 8/-1/-1->15->14 [11] 8/-1/-1->15->14 [12] 8/-1/-1->15->14 [13] 8/-1/-1->15->14 [14] 8/-1/-1->15->14 [15] 8/7/-1->15->-1
use3a-ss-b200-gpu-150:98997:98997 [7] NCCL INFO P2P Chunksize set to 131072
use3a-ss-b200-gpu-149:99781:99781 [0] NCCL INFO Channel 08/16 :  0  7  6  5  4  3  2  1  8 15 14 13 12 11 10  9
use3a-ss-b200-gpu-149:99781:99781 [0] NCCL INFO Channel 09/16 :  0  7  6  5  4  3  2  9  8 15 14 13 12 11 10  1
use3a-ss-b200-gpu-149:99781:99781 [0] NCCL INFO Channel 10/16 :  0  7  6  5  4  3 10  9  8 15 14 13 12 11  2  1
use3a-ss-b200-gpu-149:99781:99781 [0] NCCL INFO Channel 11/16 :  0  7  6  5  4 11 10  9  8 15 14 13 12  3  2  1
use3a-ss-b200-gpu-149:99781:99781 [0] NCCL INFO Channel 12/16 :  0  7  6  5 12 11 10  9  8 15 14 13  4  3  2  1
use3a-ss-b200-gpu-149:99781:99781 [0] NCCL INFO Channel 13/16 :  0  7  6 13 12 11 10  9  8 15 14  5  4  3  2  1
use3a-ss-b200-gpu-149:99781:99781 [0] NCCL INFO Channel 14/16 :  0  7 14 13 12 11 10  9  8 15  6  5  4  3  2  1
use3a-ss-b200-gpu-149:99781:99781 [0] NCCL INFO Channel 15/16 :  0 15 14 13 12 11 10  9  8  7  6  5  4  3  2  1
use3a-ss-b200-gpu-149:99781:99781 [0] NCCL INFO Trees [0] 1/8/-1->0->-1 [1] -1/-1/-1->0->7 [2] 1/-1/-1->0->7 [3] 1/-1/-1->0->7 [4] 1/-1/-1->0->7 [5] 1/-1/-1->0->7 [6] 1/-1/-1->0->7 [7] 1/-1/-1->0->7 [8] 1/-1/-1->0->8 [9] -1/-1/-1->0->7 [10] 1/-1/-1->0->7 [11] 1/-1/-1->0->7 [12] 1/-1/-1->0->7 [13] 1/-1/-1->0->7 [14] 1/-1/-1->0->7 [15] 1/-1/-1->0->7
use3a-ss-b200-gpu-149:99781:99781 [0] NCCL INFO P2P Chunksize set to 131072
use3a-ss-b200-gpu-149:99782:99782 [1] NCCL INFO comm 0x591655f9a0a0 rank 1 nRanks 16 nNodes 2 localRanks 8 localRank 1 MNNVL 0
use3a-ss-b200-gpu-149:99782:99782 [1] NCCL INFO Trees [0] 2/-1/-1->1->0 [1] 2/9/-1->1->-1 [2] -1/-1/-1->1->0 [3] 2/-1/-1->1->0 [4] 2/-1/-1->1->0 [5] 2/-1/-1->1->0 [6] 2/-1/-1->1->0 [7] 2/-1/-1->1->0 [8] 2/-1/-1->1->0 [9] 2/-1/-1->1->9 [10] -1/-1/-1->1->0 [11] 2/-1/-1->1->0 [12] 2/-1/-1->1->0 [13] 2/-1/-1->1->0 [14] 2/-1/-1->1->0 [15] 2/-1/-1->1->0
use3a-ss-b200-gpu-149:99782:99782 [1] NCCL INFO P2P Chunksize set to 131072
use3a-ss-b200-gpu-149:99783:99783 [2] NCCL INFO comm 0x638680ed1370 rank 2 nRanks 16 nNodes 2 localRanks 8 localRank 2 MNNVL 0
use3a-ss-b200-gpu-149:99784:99784 [3] NCCL INFO comm 0x589c53413f50 rank 3 nRanks 16 nNodes 2 localRanks 8 localRank 3 MNNVL 0
use3a-ss-b200-gpu-149:99783:99783 [2] NCCL INFO Trees [0] 3/-1/-1->2->1 [1] 3/-1/-1->2->1 [2] 3/10/-1->2->-1 [3] -1/-1/-1->2->1 [4] 3/-1/-1->2->1 [5] 3/-1/-1->2->1 [6] 3/-1/-1->2->1 [7] 3/-1/-1->2->1 [8] 3/-1/-1->2->1 [9] 3/-1/-1->2->1 [10] 3/-1/-1->2->10 [11] -1/-1/-1->2->1 [12] 3/-1/-1->2->1 [13] 3/-1/-1->2->1 [14] 3/-1/-1->2->1 [15] 3/-1/-1->2->1
use3a-ss-b200-gpu-149:99783:99783 [2] NCCL INFO P2P Chunksize set to 131072
use3a-ss-b200-gpu-149:99784:99784 [3] NCCL INFO Trees [0] 4/-1/-1->3->2 [1] 4/-1/-1->3->2 [2] 4/-1/-1->3->2 [3] 4/11/-1->3->-1 [4] -1/-1/-1->3->2 [5] 4/-1/-1->3->2 [6] 4/-1/-1->3->2 [7] 4/-1/-1->3->2 [8] 4/-1/-1->3->2 [9] 4/-1/-1->3->2 [10] 4/-1/-1->3->2 [11] 4/-1/-1->3->11 [12] -1/-1/-1->3->2 [13] 4/-1/-1->3->2 [14] 4/-1/-1->3->2 [15] 4/-1/-1->3->2
use3a-ss-b200-gpu-149:99784:99784 [3] NCCL INFO P2P Chunksize set to 131072
use3a-ss-b200-gpu-149:99785:99785 [4] NCCL INFO comm 0x6254226b4e10 rank 4 nRanks 16 nNodes 2 localRanks 8 localRank 4 MNNVL 0
use3a-ss-b200-gpu-149:99785:99785 [4] NCCL INFO Trees [0] 5/-1/-1->4->3 [1] 5/-1/-1->4->3 [2] 5/-1/-1->4->3 [3] 5/-1/-1->4->3 [4] 5/12/-1->4->-1 [5] -1/-1/-1->4->3 [6] 5/-1/-1->4->3 [7] 5/-1/-1->4->3 [8] 5/-1/-1->4->3 [9] 5/-1/-1->4->3 [10] 5/-1/-1->4->3 [11] 5/-1/-1->4->3 [12] 5/-1/-1->4->12 [13] -1/-1/-1->4->3 [14] 5/-1/-1->4->3 [15] 5/-1/-1->4->3
use3a-ss-b200-gpu-149:99785:99785 [4] NCCL INFO P2P Chunksize set to 131072
use3a-ss-b200-gpu-150:98995:98995 [5] NCCL INFO comm 0x653719baa950 rank 13 nRanks 16 nNodes 2 localRanks 8 localRank 5 MNNVL 0
use3a-ss-b200-gpu-150:98995:98995 [5] NCCL INFO Trees [0] 14/-1/-1->13->12 [1] 14/-1/-1->13->12 [2] 14/-1/-1->13->12 [3] 14/-1/-1->13->12 [4] 14/-1/-1->13->12 [5] 14/-1/-1->13->5 [6] -1/-1/-1->13->12 [7] 14/-1/-1->13->12 [8] 14/-1/-1->13->12 [9] 14/-1/-1->13->12 [10] 14/-1/-1->13->12 [11] 14/-1/-1->13->12 [12] 14/-1/-1->13->12 [13] 14/5/-1->13->-1 [14] -1/-1/-1->13->12 [15] 14/-1/-1->13->12
use3a-ss-b200-gpu-150:98995:98995 [5] NCCL INFO P2P Chunksize set to 131072
use3a-ss-b200-gpu-149:99786:99786 [5] NCCL INFO comm 0x61a871e99c90 rank 5 nRanks 16 nNodes 2 localRanks 8 localRank 5 MNNVL 0
use3a-ss-b200-gpu-149:99786:99786 [5] NCCL INFO Trees [0] 6/-1/-1->5->4 [1] 6/-1/-1->5->4 [2] 6/-1/-1->5->4 [3] 6/-1/-1->5->4 [4] 6/-1/-1->5->4 [5] 6/13/-1->5->-1 [6] -1/-1/-1->5->4 [7] 6/-1/-1->5->4 [8] 6/-1/-1->5->4 [9] 6/-1/-1->5->4 [10] 6/-1/-1->5->4 [11] 6/-1/-1->5->4 [12] 6/-1/-1->5->4 [13] 6/-1/-1->5->13 [14] -1/-1/-1->5->4 [15] 6/-1/-1->5->4
use3a-ss-b200-gpu-149:99786:99786 [5] NCCL INFO P2P Chunksize set to 131072
use3a-ss-b200-gpu-150:98996:98996 [6] NCCL INFO comm 0x5b800e8bae50 rank 14 nRanks 16 nNodes 2 localRanks 8 localRank 6 MNNVL 0
use3a-ss-b200-gpu-150:98996:98996 [6] NCCL INFO Trees [0] 15/-1/-1->14->13 [1] 15/-1/-1->14->13 [2] 15/-1/-1->14->13 [3] 15/-1/-1->14->13 [4] 15/-1/-1->14->13 [5] 15/-1/-1->14->13 [6] 15/-1/-1->14->6 [7] -1/-1/-1->14->13 [8] 15/-1/-1->14->13 [9] 15/-1/-1->14->13 [10] 15/-1/-1->14->13 [11] 15/-1/-1->14->13 [12] 15/-1/-1->14->13 [13] 15/-1/-1->14->13 [14] 15/6/-1->14->-1 [15] -1/-1/-1->14->13
use3a-ss-b200-gpu-150:98996:98996 [6] NCCL INFO P2P Chunksize set to 131072
use3a-ss-b200-gpu-149:99787:99787 [6] NCCL INFO comm 0x56a4f019c710 rank 6 nRanks 16 nNodes 2 localRanks 8 localRank 6 MNNVL 0
use3a-ss-b200-gpu-149:99787:99787 [6] NCCL INFO Trees [0] 7/-1/-1->6->5 [1] 7/-1/-1->6->5 [2] 7/-1/-1->6->5 [3] 7/-1/-1->6->5 [4] 7/-1/-1->6->5 [5] 7/-1/-1->6->5 [6] 7/14/-1->6->-1 [7] -1/-1/-1->6->5 [8] 7/-1/-1->6->5 [9] 7/-1/-1->6->5 [10] 7/-1/-1->6->5 [11] 7/-1/-1->6->5 [12] 7/-1/-1->6->5 [13] 7/-1/-1->6->5 [14] 7/-1/-1->6->14 [15] -1/-1/-1->6->5
use3a-ss-b200-gpu-149:99787:99787 [6] NCCL INFO P2P Chunksize set to 131072
use3a-ss-b200-gpu-150:98994:98994 [4] NCCL INFO comm 0x594dff5d85e0 rank 12 nRanks 16 nNodes 2 localRanks 8 localRank 4 MNNVL 0
use3a-ss-b200-gpu-149:99788:99788 [7] NCCL INFO comm 0x64b6666c8120 rank 7 nRanks 16 nNodes 2 localRanks 8 localRank 7 MNNVL 0
use3a-ss-b200-gpu-149:99788:99788 [7] NCCL INFO Trees [0] -1/-1/-1->7->6 [1] 0/-1/-1->7->6 [2] 0/-1/-1->7->6 [3] 0/-1/-1->7->6 [4] 0/-1/-1->7->6 [5] 0/-1/-1->7->6 [6] 0/-1/-1->7->6 [7] 0/15/-1->7->-1 [8] -1/-1/-1->7->6 [9] 0/-1/-1->7->6 [10] 0/-1/-1->7->6 [11] 0/-1/-1->7->6 [12] 0/-1/-1->7->6 [13] 0/-1/-1->7->6 [14] 0/-1/-1->7->6 [15] 0/-1/-1->7->15
use3a-ss-b200-gpu-149:99788:99788 [7] NCCL INFO P2P Chunksize set to 131072
use3a-ss-b200-gpu-150:98993:98993 [3] NCCL INFO comm 0x57307de11820 rank 11 nRanks 16 nNodes 2 localRanks 8 localRank 3 MNNVL 0
use3a-ss-b200-gpu-150:98994:98994 [4] NCCL INFO Trees [0] 13/-1/-1->12->11 [1] 13/-1/-1->12->11 [2] 13/-1/-1->12->11 [3] 13/-1/-1->12->11 [4] 13/-1/-1->12->4 [5] -1/-1/-1->12->11 [6] 13/-1/-1->12->11 [7] 13/-1/-1->12->11 [8] 13/-1/-1->12->11 [9] 13/-1/-1->12->11 [10] 13/-1/-1->12->11 [11] 13/-1/-1->12->11 [12] 13/4/-1->12->-1 [13] -1/-1/-1->12->11 [14] 13/-1/-1->12->11 [15] 13/-1/-1->12->11
use3a-ss-b200-gpu-150:98994:98994 [4] NCCL INFO P2P Chunksize set to 131072
use3a-ss-b200-gpu-150:98993:98993 [3] NCCL INFO Trees [0] 12/-1/-1->11->10 [1] 12/-1/-1->11->10 [2] 12/-1/-1->11->10 [3] 12/-1/-1->11->3 [4] -1/-1/-1->11->10 [5] 12/-1/-1->11->10 [6] 12/-1/-1->11->10 [7] 12/-1/-1->11->10 [8] 12/-1/-1->11->10 [9] 12/-1/-1->11->10 [10] 12/-1/-1->11->10 [11] 12/3/-1->11->-1 [12] -1/-1/-1->11->10 [13] 12/-1/-1->11->10 [14] 12/-1/-1->11->10 [15] 12/-1/-1->11->10
use3a-ss-b200-gpu-150:98993:98993 [3] NCCL INFO P2P Chunksize set to 131072
use3a-ss-b200-gpu-150:98990:98990 [0] NCCL INFO comm 0x576e8275caf0 rank 8 nRanks 16 nNodes 2 localRanks 8 localRank 0 MNNVL 0
use3a-ss-b200-gpu-150:98990:98990 [0] NCCL INFO Trees [0] 9/-1/-1->8->0 [1] -1/-1/-1->8->15 [2] 9/-1/-1->8->15 [3] 9/-1/-1->8->15 [4] 9/-1/-1->8->15 [5] 9/-1/-1->8->15 [6] 9/-1/-1->8->15 [7] 9/-1/-1->8->15 [8] 9/0/-1->8->-1 [9] -1/-1/-1->8->15 [10] 9/-1/-1->8->15 [11] 9/-1/-1->8->15 [12] 9/-1/-1->8->15 [13] 9/-1/-1->8->15 [14] 9/-1/-1->8->15 [15] 9/-1/-1->8->15
use3a-ss-b200-gpu-150:98990:98990 [0] NCCL INFO P2P Chunksize set to 131072
use3a-ss-b200-gpu-150:98991:98991 [1] NCCL INFO comm 0x6028414dc290 rank 9 nRanks 16 nNodes 2 localRanks 8 localRank 1 MNNVL 0
use3a-ss-b200-gpu-150:98991:98991 [1] NCCL INFO Trees [0] 10/-1/-1->9->8 [1] 10/-1/-1->9->1 [2] -1/-1/-1->9->8 [3] 10/-1/-1->9->8 [4] 10/-1/-1->9->8 [5] 10/-1/-1->9->8 [6] 10/-1/-1->9->8 [7] 10/-1/-1->9->8 [8] 10/-1/-1->9->8 [9] 10/1/-1->9->-1 [10] -1/-1/-1->9->8 [11] 10/-1/-1->9->8 [12] 10/-1/-1->9->8 [13] 10/-1/-1->9->8 [14] 10/-1/-1->9->8 [15] 10/-1/-1->9->8
use3a-ss-b200-gpu-150:98991:98991 [1] NCCL INFO P2P Chunksize set to 131072
use3a-ss-b200-gpu-150:98992:98992 [2] NCCL INFO comm 0x61bbc10a9130 rank 10 nRanks 16 nNodes 2 localRanks 8 localRank 2 MNNVL 0
use3a-ss-b200-gpu-150:98992:98992 [2] NCCL INFO Trees [0] 11/-1/-1->10->9 [1] 11/-1/-1->10->9 [2] 11/-1/-1->10->2 [3] -1/-1/-1->10->9 [4] 11/-1/-1->10->9 [5] 11/-1/-1->10->9 [6] 11/-1/-1->10->9 [7] 11/-1/-1->10->9 [8] 11/-1/-1->10->9 [9] 11/-1/-1->10->9 [10] 11/2/-1->10->-1 [11] -1/-1/-1->10->9 [12] 11/-1/-1->10->9 [13] 11/-1/-1->10->9 [14] 11/-1/-1->10->9 [15] 11/-1/-1->10->9
use3a-ss-b200-gpu-150:98992:98992 [2] NCCL INFO P2P Chunksize set to 131072
use3a-ss-b200-gpu-149:99785:99785 [4] NCCL INFO PROFILER/Plugin: Could not find: libnccl-profiler.so
use3a-ss-b200-gpu-149:99785:99785 [4] NCCL INFO Check P2P Type isAllDirectP2p 1 directMode 0 isAllCudaP2p 1
use3a-ss-b200-gpu-150:98995:98995 [5] NCCL INFO PROFILER/Plugin: Could not find: libnccl-profiler.so
use3a-ss-b200-gpu-150:98995:98995 [5] NCCL INFO Check P2P Type isAllDirectP2p 1 directMode 0 isAllCudaP2p 1
use3a-ss-b200-gpu-149:99785:100108 [0] NCCL INFO [Proxy Service] Device 4 CPU core 17
use3a-ss-b200-gpu-150:98995:99319 [0] NCCL INFO [Proxy Service] Device 5 CPU core 146
use3a-ss-b200-gpu-150:98995:99320 [0] NCCL INFO [Proxy Service UDS] Device 5 CPU core 147
use3a-ss-b200-gpu-149:99785:100109 [0] NCCL INFO [Proxy Service UDS] Device 4 CPU core 18
use3a-ss-b200-gpu-150:98992:98992 [2] NCCL INFO PROFILER/Plugin: Could not find: libnccl-profiler.so
use3a-ss-b200-gpu-150:98992:98992 [2] NCCL INFO Check P2P Type isAllDirectP2p 1 directMode 0 isAllCudaP2p 1
use3a-ss-b200-gpu-150:98992:99321 [0] NCCL INFO [Proxy Service] Device 2 CPU core 12
use3a-ss-b200-gpu-150:98997:98997 [7] NCCL INFO PROFILER/Plugin: Could not find: libnccl-profiler.so
use3a-ss-b200-gpu-150:98997:98997 [7] NCCL INFO Check P2P Type isAllDirectP2p 1 directMode 0 isAllCudaP2p 1
use3a-ss-b200-gpu-150:98992:99322 [0] NCCL INFO [Proxy Service UDS] Device 2 CPU core 13
use3a-ss-b200-gpu-150:98997:99324 [0] NCCL INFO [Proxy Service UDS] Device 7 CPU core 157
use3a-ss-b200-gpu-150:98997:99323 [0] NCCL INFO [Proxy Service] Device 7 CPU core 156
use3a-ss-b200-gpu-150:98993:98993 [3] NCCL INFO PROFILER/Plugin: Could not find: libnccl-profiler.so
use3a-ss-b200-gpu-150:98993:98993 [3] NCCL INFO Check P2P Type isAllDirectP2p 1 directMode 0 isAllCudaP2p 1
use3a-ss-b200-gpu-150:98993:99325 [0] NCCL INFO [Proxy Service] Device 3 CPU core 141
use3a-ss-b200-gpu-150:98993:99326 [0] NCCL INFO [Proxy Service UDS] Device 3 CPU core 142
use3a-ss-b200-gpu-150:98996:98996 [6] NCCL INFO PROFILER/Plugin: Could not find: libnccl-profiler.so
use3a-ss-b200-gpu-150:98996:98996 [6] NCCL INFO Check P2P Type isAllDirectP2p 1 directMode 0 isAllCudaP2p 1
use3a-ss-b200-gpu-149:99786:99786 [5] NCCL INFO PROFILER/Plugin: Could not find: libnccl-profiler.so
use3a-ss-b200-gpu-149:99786:99786 [5] NCCL INFO Check P2P Type isAllDirectP2p 1 directMode 0 isAllCudaP2p 1
use3a-ss-b200-gpu-150:98996:99327 [0] NCCL INFO [Proxy Service] Device 6 CPU core 26
use3a-ss-b200-gpu-149:99786:100110 [0] NCCL INFO [Proxy Service] Device 5 CPU core 146
use3a-ss-b200-gpu-150:98996:99328 [0] NCCL INFO [Proxy Service UDS] Device 6 CPU core 27
use3a-ss-b200-gpu-149:99786:100111 [0] NCCL INFO [Proxy Service UDS] Device 5 CPU core 147
use3a-ss-b200-gpu-149:99781:99781 [0] NCCL INFO PROFILER/Plugin: Could not find: libnccl-profiler.so
use3a-ss-b200-gpu-149:99781:99781 [0] NCCL INFO Check P2P Type isAllDirectP2p 1 directMode 0 isAllCudaP2p 1
use3a-ss-b200-gpu-149:99781:100112 [0] NCCL INFO [Proxy Service] Device 0 CPU core 3
use3a-ss-b200-gpu-149:99781:100113 [0] NCCL INFO [Proxy Service UDS] Device 0 CPU core 4
use3a-ss-b200-gpu-149:99788:99788 [7] NCCL INFO PROFILER/Plugin: Could not find: libnccl-profiler.so
use3a-ss-b200-gpu-149:99788:99788 [7] NCCL INFO Check P2P Type isAllDirectP2p 1 directMode 0 isAllCudaP2p 1
use3a-ss-b200-gpu-149:99788:100114 [0] NCCL INFO [Proxy Service] Device 7 CPU core 154
use3a-ss-b200-gpu-149:99788:100115 [0] NCCL INFO [Proxy Service UDS] Device 7 CPU core 155
use3a-ss-b200-gpu-149:99783:99783 [2] NCCL INFO PROFILER/Plugin: Could not find: libnccl-profiler.so
use3a-ss-b200-gpu-149:99783:99783 [2] NCCL INFO Check P2P Type isAllDirectP2p 1 directMode 0 isAllCudaP2p 1
use3a-ss-b200-gpu-149:99783:100116 [0] NCCL INFO [Proxy Service] Device 2 CPU core 12
use3a-ss-b200-gpu-149:99783:100117 [0] NCCL INFO [Proxy Service UDS] Device 2 CPU core 13
use3a-ss-b200-gpu-150:98994:98994 [4] NCCL INFO PROFILER/Plugin: Could not find: libnccl-profiler.so
use3a-ss-b200-gpu-150:98994:98994 [4] NCCL INFO Check P2P Type isAllDirectP2p 1 directMode 0 isAllCudaP2p 1
use3a-ss-b200-gpu-150:98994:99329 [0] NCCL INFO [Proxy Service] Device 4 CPU core 18
use3a-ss-b200-gpu-150:98994:99330 [0] NCCL INFO [Proxy Service UDS] Device 4 CPU core 19
use3a-ss-b200-gpu-149:99787:99787 [6] NCCL INFO PROFILER/Plugin: Could not find: libnccl-profiler.so
use3a-ss-b200-gpu-149:99787:99787 [6] NCCL INFO Check P2P Type isAllDirectP2p 1 directMode 0 isAllCudaP2p 1
use3a-ss-b200-gpu-150:98990:98990 [0] NCCL INFO PROFILER/Plugin: Could not find: libnccl-profiler.so
use3a-ss-b200-gpu-150:98990:98990 [0] NCCL INFO Check P2P Type isAllDirectP2p 1 directMode 0 isAllCudaP2p 1
use3a-ss-b200-gpu-149:99787:100118 [0] NCCL INFO [Proxy Service] Device 6 CPU core 26
use3a-ss-b200-gpu-149:99787:100119 [0] NCCL INFO [Proxy Service UDS] Device 6 CPU core 27
use3a-ss-b200-gpu-150:98990:99331 [0] NCCL INFO [Proxy Service] Device 0 CPU core 2
use3a-ss-b200-gpu-150:98990:99332 [0] NCCL INFO [Proxy Service UDS] Device 0 CPU core 4
use3a-ss-b200-gpu-150:98991:98991 [1] NCCL INFO PROFILER/Plugin: Could not find: libnccl-profiler.so
use3a-ss-b200-gpu-150:98991:98991 [1] NCCL INFO Check P2P Type isAllDirectP2p 1 directMode 0 isAllCudaP2p 1
use3a-ss-b200-gpu-149:99784:99784 [3] NCCL INFO PROFILER/Plugin: Could not find: libnccl-profiler.so
use3a-ss-b200-gpu-149:99784:99784 [3] NCCL INFO Check P2P Type isAllDirectP2p 1 directMode 0 isAllCudaP2p 1
use3a-ss-b200-gpu-149:99784:100120 [0] NCCL INFO [Proxy Service] Device 3 CPU core 141
use3a-ss-b200-gpu-150:98991:99333 [0] NCCL INFO [Proxy Service] Device 1 CPU core 132
use3a-ss-b200-gpu-149:99784:100121 [0] NCCL INFO [Proxy Service UDS] Device 3 CPU core 142
use3a-ss-b200-gpu-150:98991:99334 [0] NCCL INFO [Proxy Service UDS] Device 1 CPU core 133
use3a-ss-b200-gpu-149:99782:99782 [1] NCCL INFO PROFILER/Plugin: Could not find: libnccl-profiler.so
use3a-ss-b200-gpu-149:99782:99782 [1] NCCL INFO Check P2P Type isAllDirectP2p 1 directMode 0 isAllCudaP2p 1
use3a-ss-b200-gpu-149:99782:100122 [0] NCCL INFO [Proxy Service] Device 1 CPU core 132
use3a-ss-b200-gpu-149:99782:100123 [0] NCCL INFO [Proxy Service UDS] Device 1 CPU core 133
use3a-ss-b200-gpu-149:99785:99785 [4] NCCL INFO TUNER/Plugin: Could not find: libnccl-tuner.so
use3a-ss-b200-gpu-149:99785:99785 [4] NCCL INFO threadThresholds 8/8/64 | 128/8/64 | 512 | 512
use3a-ss-b200-gpu-149:99785:99785 [4] NCCL INFO 16 coll channels, 16 collnet channels, 0 nvls channels, 16 p2p channels, 4 p2p channels per peer
use3a-ss-b200-gpu-149:99785:99785 [4] NCCL INFO Symmetric VA size=180GB
use3a-ss-b200-gpu-149:99788:99788 [7] NCCL INFO TUNER/Plugin: Could not find: libnccl-tuner.so
use3a-ss-b200-gpu-149:99788:99788 [7] NCCL INFO threadThresholds 8/8/64 | 128/8/64 | 512 | 512
use3a-ss-b200-gpu-149:99788:99788 [7] NCCL INFO 16 coll channels, 16 collnet channels, 0 nvls channels, 16 p2p channels, 4 p2p channels per peer
use3a-ss-b200-gpu-149:99788:99788 [7] NCCL INFO Symmetric VA size=180GB
use3a-ss-b200-gpu-149:99781:99781 [0] NCCL INFO TUNER/Plugin: Could not find: libnccl-tuner.so
use3a-ss-b200-gpu-149:99781:99781 [0] NCCL INFO threadThresholds 8/8/64 | 128/8/64 | 512 | 512
use3a-ss-b200-gpu-149:99781:99781 [0] NCCL INFO 16 coll channels, 16 collnet channels, 0 nvls channels, 16 p2p channels, 4 p2p channels per peer
use3a-ss-b200-gpu-149:99781:99781 [0] NCCL INFO Symmetric VA size=180GB
use3a-ss-b200-gpu-149:99781:99781 [0] NCCL INFO CC Off, workFifoBytes 1048576
use3a-ss-b200-gpu-150:98996:98996 [6] NCCL INFO TUNER/Plugin: Could not find: libnccl-tuner.so
use3a-ss-b200-gpu-150:98996:98996 [6] NCCL INFO threadThresholds 8/8/64 | 128/8/64 | 512 | 512
use3a-ss-b200-gpu-150:98996:98996 [6] NCCL INFO 16 coll channels, 16 collnet channels, 0 nvls channels, 16 p2p channels, 4 p2p channels per peer
use3a-ss-b200-gpu-150:98996:98996 [6] NCCL INFO Symmetric VA size=180GB
use3a-ss-b200-gpu-149:99784:99784 [3] NCCL INFO TUNER/Plugin: Could not find: libnccl-tuner.so
use3a-ss-b200-gpu-149:99784:99784 [3] NCCL INFO threadThresholds 8/8/64 | 128/8/64 | 512 | 512
use3a-ss-b200-gpu-149:99784:99784 [3] NCCL INFO 16 coll channels, 16 collnet channels, 0 nvls channels, 16 p2p channels, 4 p2p channels per peer
use3a-ss-b200-gpu-149:99784:99784 [3] NCCL INFO Symmetric VA size=180GB
use3a-ss-b200-gpu-149:99782:99782 [1] NCCL INFO TUNER/Plugin: Could not find: libnccl-tuner.so
use3a-ss-b200-gpu-149:99782:99782 [1] NCCL INFO threadThresholds 8/8/64 | 128/8/64 | 512 | 512
use3a-ss-b200-gpu-149:99782:99782 [1] NCCL INFO 16 coll channels, 16 collnet channels, 0 nvls channels, 16 p2p channels, 4 p2p channels per peer
use3a-ss-b200-gpu-149:99782:99782 [1] NCCL INFO Symmetric VA size=180GB
use3a-ss-b200-gpu-150:98993:98993 [3] NCCL INFO TUNER/Plugin: Could not find: libnccl-tuner.so
use3a-ss-b200-gpu-150:98993:98993 [3] NCCL INFO threadThresholds 8/8/64 | 128/8/64 | 512 | 512
use3a-ss-b200-gpu-150:98993:98993 [3] NCCL INFO 16 coll channels, 16 collnet channels, 0 nvls channels, 16 p2p channels, 4 p2p channels per peer
use3a-ss-b200-gpu-150:98993:98993 [3] NCCL INFO Symmetric VA size=180GB
use3a-ss-b200-gpu-149:99786:99786 [5] NCCL INFO TUNER/Plugin: Could not find: libnccl-tuner.so
use3a-ss-b200-gpu-149:99786:99786 [5] NCCL INFO threadThresholds 8/8/64 | 128/8/64 | 512 | 512
use3a-ss-b200-gpu-149:99786:99786 [5] NCCL INFO 16 coll channels, 16 collnet channels, 0 nvls channels, 16 p2p channels, 4 p2p channels per peer
use3a-ss-b200-gpu-149:99786:99786 [5] NCCL INFO Symmetric VA size=180GB
use3a-ss-b200-gpu-149:99783:99783 [2] NCCL INFO TUNER/Plugin: Could not find: libnccl-tuner.so
use3a-ss-b200-gpu-149:99783:99783 [2] NCCL INFO threadThresholds 8/8/64 | 128/8/64 | 512 | 512
use3a-ss-b200-gpu-149:99783:99783 [2] NCCL INFO 16 coll channels, 16 collnet channels, 0 nvls channels, 16 p2p channels, 4 p2p channels per peer
use3a-ss-b200-gpu-149:99783:99783 [2] NCCL INFO Symmetric VA size=180GB
use3a-ss-b200-gpu-150:98992:98992 [2] NCCL INFO TUNER/Plugin: Could not find: libnccl-tuner.so
use3a-ss-b200-gpu-150:98992:98992 [2] NCCL INFO threadThresholds 8/8/64 | 128/8/64 | 512 | 512
use3a-ss-b200-gpu-150:98992:98992 [2] NCCL INFO 16 coll channels, 16 collnet channels, 0 nvls channels, 16 p2p channels, 4 p2p channels per peer
use3a-ss-b200-gpu-150:98992:98992 [2] NCCL INFO Symmetric VA size=180GB
use3a-ss-b200-gpu-149:99787:99787 [6] NCCL INFO TUNER/Plugin: Could not find: libnccl-tuner.so
use3a-ss-b200-gpu-149:99787:99787 [6] NCCL INFO threadThresholds 8/8/64 | 128/8/64 | 512 | 512
use3a-ss-b200-gpu-149:99787:99787 [6] NCCL INFO 16 coll channels, 16 collnet channels, 0 nvls channels, 16 p2p channels, 4 p2p channels per peer
use3a-ss-b200-gpu-149:99787:99787 [6] NCCL INFO Symmetric VA size=180GB
use3a-ss-b200-gpu-150:98997:98997 [7] NCCL INFO TUNER/Plugin: Could not find: libnccl-tuner.so
use3a-ss-b200-gpu-150:98997:98997 [7] NCCL INFO threadThresholds 8/8/64 | 128/8/64 | 512 | 512
use3a-ss-b200-gpu-150:98997:98997 [7] NCCL INFO 16 coll channels, 16 collnet channels, 0 nvls channels, 16 p2p channels, 4 p2p channels per peer
use3a-ss-b200-gpu-150:98997:98997 [7] NCCL INFO Symmetric VA size=180GB
use3a-ss-b200-gpu-150:98995:98995 [5] NCCL INFO TUNER/Plugin: Could not find: libnccl-tuner.so
use3a-ss-b200-gpu-150:98995:98995 [5] NCCL INFO threadThresholds 8/8/64 | 128/8/64 | 512 | 512
use3a-ss-b200-gpu-150:98995:98995 [5] NCCL INFO 16 coll channels, 16 collnet channels, 0 nvls channels, 16 p2p channels, 4 p2p channels per peer
use3a-ss-b200-gpu-150:98995:98995 [5] NCCL INFO Symmetric VA size=180GB
use3a-ss-b200-gpu-149:99782:99782 [1] NCCL INFO ncclCommInitRank comm 0x591655f9a0a0 rank 1 nranks 16 cudaDev 1 nvmlDev 1 busId 3d000 commId 0x49035f32b865f987 - Init COMPLETE
use3a-ss-b200-gpu-149:99782:99782 [1] NCCL INFO Init timings - ncclCommInitRank: rank 1 nranks 16 total 2.94 (kernels 0.26, alloc 0.95, bootstrap 0.37, allgathers 0.12, topo 0.97, graphs 0.11, connections 0.13, rest 0.02)
use3a-ss-b200-gpu-149:99783:99783 [2] NCCL INFO ncclCommInitRank comm 0x638680ed1370 rank 2 nranks 16 cudaDev 2 nvmlDev 2 busId 5f000 commId 0x49035f32b865f987 - Init COMPLETE
use3a-ss-b200-gpu-149:99783:99783 [2] NCCL INFO Init timings - ncclCommInitRank: rank 2 nranks 16 total 3.16 (kernels 0.29, alloc 0.76, bootstrap 0.76, allgathers 0.11, topo 0.98, graphs 0.11, connections 0.14, rest 0.02)
use3a-ss-b200-gpu-149:99784:99784 [3] NCCL INFO ncclCommInitRank comm 0x589c53413f50 rank 3 nranks 16 cudaDev 3 nvmlDev 3 busId 70000 commId 0x49035f32b865f987 - Init COMPLETE
use3a-ss-b200-gpu-149:99784:99784 [3] NCCL INFO Init timings - ncclCommInitRank: rank 3 nranks 16 total 2.95 (kernels 0.26, alloc 1.09, bootstrap 0.24, allgathers 0.12, topo 0.97, graphs 0.11, connections 0.13, rest 0.02)
use3a-ss-b200-gpu-149:99785:99785 [4] NCCL INFO ncclCommInitRank comm 0x6254226b4e10 rank 4 nranks 16 cudaDev 4 nvmlDev 4 busId 97000 commId 0x49035f32b865f987 - Init COMPLETE
use3a-ss-b200-gpu-149:99785:99785 [4] NCCL INFO Init timings - ncclCommInitRank: rank 4 nranks 16 total 3.02 (kernels 0.27, alloc 0.84, bootstrap 0.55, allgathers 0.12, topo 0.97, graphs 0.11, connections 0.05, rest 0.11)
use3a-ss-b200-gpu-149:99786:99786 [5] NCCL INFO ncclCommInitRank comm 0x61a871e99c90 rank 5 nranks 16 cudaDev 5 nvmlDev 5 busId ba000 commId 0x49035f32b865f987 - Init COMPLETE
use3a-ss-b200-gpu-149:99786:99786 [5] NCCL INFO Init timings - ncclCommInitRank: rank 5 nranks 16 total 2.99 (kernels 0.26, alloc 1.07, bootstrap 0.30, allgathers 0.12, topo 0.97, graphs 0.11, connections 0.14, rest 0.02)
use3a-ss-b200-gpu-149:99787:99787 [6] NCCL INFO ncclCommInitRank comm 0x56a4f019c710 rank 6 nranks 16 cudaDev 6 nvmlDev 6 busId dc000 commId 0x49035f32b865f987 - Init COMPLETE
use3a-ss-b200-gpu-149:99787:99787 [6] NCCL INFO Init timings - ncclCommInitRank: rank 6 nranks 16 total 3.25 (kernels 0.34, alloc 0.46, bootstrap 1.09, allgathers 0.12, topo 0.97, graphs 0.11, connections 0.14, rest 0.01)
use3a-ss-b200-gpu-149:99781:99781 [0] NCCL INFO ncclCommInitRank comm 0x63215565d990 rank 0 nranks 16 cudaDev 0 nvmlDev 0 busId 17000 commId 0x49035f32b865f987 - Init COMPLETE
use3a-ss-b200-gpu-149:99781:99781 [0] NCCL INFO Init timings - ncclCommInitRank: rank 0 nranks 16 total 3.19 (kernels 0.30, alloc 0.71, bootstrap 0.81, allgathers 0.11, topo 0.97, graphs 0.11, connections 0.12, rest 0.04)
#
#                                                              out-of-place                       in-place          
#       size         count      type   redop    root     time   algbw   busbw #wrong     time   algbw   busbw #wrong
#        (B)    (elements)                               (us)  (GB/s)  (GB/s)            (us)  (GB/s)  (GB/s)       
use3a-ss-b200-gpu-149:99788:99788 [7] NCCL INFO ncclCommInitRank comm 0x64b6666c8120 rank 7 nranks 16 cudaDev 7 nvmlDev 7 busId ed000 commId 0x49035f32b865f987 - Init COMPLETE
use3a-ss-b200-gpu-149:99788:99788 [7] NCCL INFO Init timings - ncclCommInitRank: rank 7 nranks 16 total 3.00 (kernels 0.27, alloc 1.12, bootstrap 0.25, allgathers 0.12, topo 0.97, graphs 0.11, connections 0.10, rest 0.06)
use3a-ss-b200-gpu-150:98990:98990 [0] NCCL INFO TUNER/Plugin: Could not find: libnccl-tuner.so
use3a-ss-b200-gpu-150:98990:98990 [0] NCCL INFO threadThresholds 8/8/64 | 128/8/64 | 512 | 512
use3a-ss-b200-gpu-150:98990:98990 [0] NCCL INFO 16 coll channels, 16 collnet channels, 0 nvls channels, 16 p2p channels, 4 p2p channels per peer
use3a-ss-b200-gpu-150:98990:98990 [0] NCCL INFO Symmetric VA size=180GB
use3a-ss-b200-gpu-150:98991:98991 [1] NCCL INFO TUNER/Plugin: Could not find: libnccl-tuner.so
use3a-ss-b200-gpu-150:98991:98991 [1] NCCL INFO threadThresholds 8/8/64 | 128/8/64 | 512 | 512
use3a-ss-b200-gpu-150:98991:98991 [1] NCCL INFO 16 coll channels, 16 collnet channels, 0 nvls channels, 16 p2p channels, 4 p2p channels per peer
use3a-ss-b200-gpu-150:98991:98991 [1] NCCL INFO Symmetric VA size=180GB
use3a-ss-b200-gpu-150:98994:98994 [4] NCCL INFO TUNER/Plugin: Could not find: libnccl-tuner.so
use3a-ss-b200-gpu-150:98994:98994 [4] NCCL INFO threadThresholds 8/8/64 | 128/8/64 | 512 | 512
use3a-ss-b200-gpu-150:98994:98994 [4] NCCL INFO 16 coll channels, 16 collnet channels, 0 nvls channels, 16 p2p channels, 4 p2p channels per peer
use3a-ss-b200-gpu-150:98994:98994 [4] NCCL INFO Symmetric VA size=180GB
use3a-ss-b200-gpu-150:98990:98990 [0] NCCL INFO ncclCommInitRank comm 0x576e8275caf0 rank 8 nranks 16 cudaDev 0 nvmlDev 0 busId 17000 commId 0x49035f32b865f987 - Init COMPLETE
use3a-ss-b200-gpu-150:98990:98990 [0] NCCL INFO Init timings - ncclCommInitRank: rank 8 nranks 16 total 2.98 (kernels 0.28, alloc 0.99, bootstrap 0.33, allgathers 0.02, topo 1.07, graphs 0.11, connections 0.15, rest 0.02)
use3a-ss-b200-gpu-150:98991:98991 [1] NCCL INFO ncclCommInitRank comm 0x6028414dc290 rank 9 nranks 16 cudaDev 1 nvmlDev 1 busId 3d000 commId 0x49035f32b865f987 - Init COMPLETE
use3a-ss-b200-gpu-150:98991:98991 [1] NCCL INFO Init timings - ncclCommInitRank: rank 9 nranks 16 total 3.01 (kernels 0.28, alloc 1.05, bootstrap 0.30, allgathers 0.02, topo 1.07, graphs 0.11, connections 0.16, rest 0.02)
use3a-ss-b200-gpu-150:98992:98992 [2] NCCL INFO ncclCommInitRank comm 0x61bbc10a9130 rank 10 nranks 16 cudaDev 2 nvmlDev 2 busId 5f000 commId 0x49035f32b865f987 - Init COMPLETE
use3a-ss-b200-gpu-150:98992:98992 [2] NCCL INFO Init timings - ncclCommInitRank: rank 10 nranks 16 total 2.95 (kernels 0.27, alloc 1.27, bootstrap 0.03, allgathers 0.02, topo 1.07, graphs 0.11, connections 0.15, rest 0.03)
use3a-ss-b200-gpu-150:98993:98993 [3] NCCL INFO ncclCommInitRank comm 0x57307de11820 rank 11 nranks 16 cudaDev 3 nvmlDev 3 busId 70000 commId 0x49035f32b865f987 - Init COMPLETE
use3a-ss-b200-gpu-150:98993:98993 [3] NCCL INFO Init timings - ncclCommInitRank: rank 11 nranks 16 total 2.91 (kernels 0.27, alloc 1.25, bootstrap 0.01, allgathers 0.02, topo 1.07, graphs 0.11, connections 0.14, rest 0.04)
use3a-ss-b200-gpu-150:98994:98994 [4] NCCL INFO ncclCommInitRank comm 0x594dff5d85e0 rank 12 nranks 16 cudaDev 4 nvmlDev 4 busId 97000 commId 0x49035f32b865f987 - Init COMPLETE
use3a-ss-b200-gpu-150:98994:98994 [4] NCCL INFO Init timings - ncclCommInitRank: rank 12 nranks 16 total 3.14 (kernels 0.32, alloc 0.74, bootstrap 0.71, allgathers 0.02, topo 1.07, graphs 0.11, connections 0.17, rest 0.01)
use3a-ss-b200-gpu-150:98995:98995 [5] NCCL INFO ncclCommInitRank comm 0x653719baa950 rank 13 nranks 16 cudaDev 5 nvmlDev 5 busId ba000 commId 0x49035f32b865f987 - Init COMPLETE
use3a-ss-b200-gpu-150:98995:98995 [5] NCCL INFO Init timings - ncclCommInitRank: rank 13 nranks 16 total 3.09 (kernels 0.30, alloc 0.72, bootstrap 0.70, allgathers 0.02, topo 1.07, graphs 0.11, connections 0.16, rest 0.02)
use3a-ss-b200-gpu-150:98996:98996 [6] NCCL INFO ncclCommInitRank comm 0x5b800e8bae50 rank 14 nranks 16 cudaDev 6 nvmlDev 6 busId dc000 commId 0x49035f32b865f987 - Init COMPLETE
use3a-ss-b200-gpu-150:98996:98996 [6] NCCL INFO Init timings - ncclCommInitRank: rank 14 nranks 16 total 2.91 (kernels 0.26, alloc 1.27, bootstrap 0.01, allgathers 0.01, topo 1.07, graphs 0.11, connections 0.14, rest 0.04)
use3a-ss-b200-gpu-150:98997:98997 [7] NCCL INFO ncclCommInitRank comm 0x5d3672e77870 rank 15 nranks 16 cudaDev 7 nvmlDev 7 busId ed000 commId 0x49035f32b865f987 - Init COMPLETE
use3a-ss-b200-gpu-150:98997:98997 [7] NCCL INFO Init timings - ncclCommInitRank: rank 15 nranks 16 total 2.92 (kernels 0.27, alloc 1.27, bootstrap 0.01, allgathers 0.01, topo 1.07, graphs 0.11, connections 0.16, rest 0.02)
use3a-ss-b200-gpu-149:99785:99785 [4] NCCL INFO Channel 00/1 : 4[4] -> 5[5] via P2P/CUMEM
use3a-ss-b200-gpu-149:99785:99785 [4] NCCL INFO Channel 01/1 : 4[4] -> 5[5] via P2P/CUMEM
use3a-ss-b200-gpu-150:98992:98992 [2] NCCL INFO Channel 00/1 : 10[2] -> 11[3] via P2P/CUMEM
use3a-ss-b200-gpu-150:98993:98993 [3] NCCL INFO Channel 00/1 : 11[3] -> 12[4] via P2P/CUMEM
use3a-ss-b200-gpu-150:98991:98991 [1] NCCL INFO Channel 00/1 : 9[1] -> 10[2] via P2P/CUMEM
use3a-ss-b200-gpu-150:98991:98991 [1] NCCL INFO Channel 01/1 : 9[1] -> 10[2] via P2P/CUMEM
use3a-ss-b200-gpu-150:98992:98992 [2] NCCL INFO Channel 01/1 : 10[2] -> 11[3] via P2P/CUMEM
use3a-ss-b200-gpu-150:98991:98991 [1] NCCL INFO Channel 02/1 : 9[1] -> 10[2] via P2P/CUMEM
use3a-ss-b200-gpu-150:98995:98995 [5] NCCL INFO Channel 00/1 : 13[5] -> 14[6] via P2P/CUMEM
use3a-ss-b200-gpu-150:98992:98992 [2] NCCL INFO Channel 02/1 : 10[2] -> 11[3] via P2P/CUMEM
use3a-ss-b200-gpu-150:98991:98991 [1] NCCL INFO Channel 03/1 : 9[1] -> 10[2] via P2P/CUMEM
use3a-ss-b200-gpu-150:98993:98993 [3] NCCL INFO Channel 01/1 : 11[3] -> 12[4] via P2P/CUMEM
use3a-ss-b200-gpu-150:98995:98995 [5] NCCL INFO Channel 01/1 : 13[5] -> 14[6] via P2P/CUMEM
use3a-ss-b200-gpu-150:98996:98996 [6] NCCL INFO Channel 00/1 : 14[6] -> 15[7] via P2P/CUMEM
use3a-ss-b200-gpu-149:99784:99784 [3] NCCL INFO Channel 00/1 : 3[3] -> 4[4] via P2P/CUMEM
use3a-ss-b200-gpu-150:98992:98992 [2] NCCL INFO Channel 03/1 : 10[2] -> 11[3] via P2P/CUMEM
use3a-ss-b200-gpu-150:98994:98994 [4] NCCL INFO Channel 00/1 : 12[4] -> 13[5] via P2P/CUMEM
use3a-ss-b200-gpu-149:99784:99784 [3] NCCL INFO Channel 01/1 : 3[3] -> 4[4] via P2P/CUMEM
use3a-ss-b200-gpu-149:99784:99784 [3] NCCL INFO Channel 02/1 : 3[3] -> 4[4] via P2P/CUMEM
use3a-ss-b200-gpu-150:98994:98994 [4] NCCL INFO Channel 01/1 : 12[4] -> 13[5] via P2P/CUMEM
use3a-ss-b200-gpu-150:98995:98995 [5] NCCL INFO Channel 02/1 : 13[5] -> 14[6] via P2P/CUMEM
use3a-ss-b200-gpu-150:98993:98993 [3] NCCL INFO Channel 02/1 : 11[3] -> 12[4] via P2P/CUMEM
use3a-ss-b200-gpu-149:99786:99786 [5] NCCL INFO Channel 00/1 : 5[5] -> 6[6] via P2P/CUMEM
use3a-ss-b200-gpu-149:99785:99785 [4] NCCL INFO Channel 02/1 : 4[4] -> 5[5] via P2P/CUMEM
use3a-ss-b200-gpu-149:99785:99785 [4] NCCL INFO Channel 03/1 : 4[4] -> 5[5] via P2P/CUMEM
use3a-ss-b200-gpu-149:99783:99783 [2] NCCL INFO Channel 00/1 : 2[2] -> 3[3] via P2P/CUMEM
use3a-ss-b200-gpu-149:99784:99784 [3] NCCL INFO Channel 03/1 : 3[3] -> 4[4] via P2P/CUMEM
use3a-ss-b200-gpu-149:99782:99782 [1] NCCL INFO Channel 00/1 : 1[1] -> 2[2] via P2P/CUMEM
use3a-ss-b200-gpu-149:99782:99782 [1] NCCL INFO Channel 01/1 : 1[1] -> 2[2] via P2P/CUMEM
use3a-ss-b200-gpu-149:99787:99787 [6] NCCL INFO Channel 00/1 : 6[6] -> 7[7] via P2P/CUMEM
use3a-ss-b200-gpu-150:98993:98993 [3] NCCL INFO Channel 03/1 : 11[3] -> 12[4] via P2P/CUMEM
use3a-ss-b200-gpu-149:99786:99786 [5] NCCL INFO Channel 01/1 : 5[5] -> 6[6] via P2P/CUMEM
use3a-ss-b200-gpu-150:98994:98994 [4] NCCL INFO Channel 02/1 : 12[4] -> 13[5] via P2P/CUMEM
use3a-ss-b200-gpu-150:98996:98996 [6] NCCL INFO Channel 01/1 : 14[6] -> 15[7] via P2P/CUMEM
use3a-ss-b200-gpu-149:99782:99782 [1] NCCL INFO Channel 02/1 : 1[1] -> 2[2] via P2P/CUMEM
use3a-ss-b200-gpu-149:99783:99783 [2] NCCL INFO Channel 01/1 : 2[2] -> 3[3] via P2P/CUMEM
use3a-ss-b200-gpu-149:99786:99786 [5] NCCL INFO Channel 02/1 : 5[5] -> 6[6] via P2P/CUMEM
use3a-ss-b200-gpu-149:99787:99787 [6] NCCL INFO Channel 01/1 : 6[6] -> 7[7] via P2P/CUMEM
use3a-ss-b200-gpu-149:99782:99782 [1] NCCL INFO Channel 03/1 : 1[1] -> 2[2] via P2P/CUMEM
use3a-ss-b200-gpu-149:99783:99783 [2] NCCL INFO Channel 02/1 : 2[2] -> 3[3] via P2P/CUMEM
use3a-ss-b200-gpu-149:99786:99786 [5] NCCL INFO Channel 03/1 : 5[5] -> 6[6] via P2P/CUMEM
use3a-ss-b200-gpu-149:99787:99787 [6] NCCL INFO Channel 02/1 : 6[6] -> 7[7] via P2P/CUMEM
use3a-ss-b200-gpu-150:98995:98995 [5] NCCL INFO Channel 03/1 : 13[5] -> 14[6] via P2P/CUMEM
use3a-ss-b200-gpu-149:99783:99783 [2] NCCL INFO Channel 03/1 : 2[2] -> 3[3] via P2P/CUMEM
use3a-ss-b200-gpu-149:99787:99787 [6] NCCL INFO Channel 03/1 : 6[6] -> 7[7] via P2P/CUMEM
use3a-ss-b200-gpu-150:98996:98996 [6] NCCL INFO Channel 02/1 : 14[6] -> 15[7] via P2P/CUMEM
use3a-ss-b200-gpu-150:98994:98994 [4] NCCL INFO Channel 03/1 : 12[4] -> 13[5] via P2P/CUMEM
use3a-ss-b200-gpu-150:98996:98996 [6] NCCL INFO Channel 03/1 : 14[6] -> 15[7] via P2P/CUMEM
use3a-ss-b200-gpu-150:98990:99335 [0] NCCL INFO [Proxy Progress] Device 0 CPU core 5
use3a-ss-b200-gpu-150:98990:98990 [0] NCCL INFO Channel 08/1 : 7[7] -> 8[0] [receive] via NET/NCCL RDMA Plugin v8/0/GDRDMA/Shared
use3a-ss-b200-gpu-150:98997:98997 [7] NCCL INFO Channel 08/1 : 15[7] -> 0[0] [send] via NET/NCCL RDMA Plugin v8/0(8)/GDRDMA/Shared
use3a-ss-b200-gpu-150:98997:98997 [7] NCCL INFO Channel 09/1 : 15[7] -> 0[0] [send] via NET/NCCL RDMA Plugin v8/0(8)/GDRDMA/Shared
use3a-ss-b200-gpu-150:98990:98990 [0] NCCL INFO Channel 09/1 : 7[7] -> 8[0] [receive] via NET/NCCL RDMA Plugin v8/0/GDRDMA/Shared
use3a-ss-b200-gpu-149:99781:100124 [0] NCCL INFO [Proxy Progress] Device 0 CPU core 6
use3a-ss-b200-gpu-149:99781:99781 [0] NCCL INFO Channel 08/1 : 15[7] -> 0[0] [receive] via NET/NCCL RDMA Plugin v8/0/GDRDMA/Shared
use3a-ss-b200-gpu-150:98990:98990 [0] NCCL INFO Channel 10/1 : 7[7] -> 8[0] [receive] via NET/NCCL RDMA Plugin v8/0/GDRDMA/Shared
use3a-ss-b200-gpu-150:98990:98990 [0] NCCL INFO Channel 11/1 : 7[7] -> 8[0] [receive] via NET/NCCL RDMA Plugin v8/0/GDRDMA/Shared
use3a-ss-b200-gpu-150:98990:98990 [0] NCCL INFO Channel 00/1 : 8[0] -> 9[1] via P2P/CUMEM
use3a-ss-b200-gpu-149:99788:99788 [7] NCCL INFO Channel 08/1 : 7[7] -> 8[0] [send] via NET/NCCL RDMA Plugin v8/0(0)/GDRDMA/Shared
use3a-ss-b200-gpu-150:98997:98997 [7] NCCL INFO Channel 10/1 : 15[7] -> 0[0] [send] via NET/NCCL RDMA Plugin v8/0(8)/GDRDMA/Shared
use3a-ss-b200-gpu-149:99781:99781 [0] NCCL INFO Channel 09/1 : 15[7] -> 0[0] [receive] via NET/NCCL RDMA Plugin v8/0/GDRDMA/Shared
use3a-ss-b200-gpu-150:98997:98997 [7] NCCL INFO Channel 11/1 : 15[7] -> 0[0] [send] via NET/NCCL RDMA Plugin v8/0(8)/GDRDMA/Shared
use3a-ss-b200-gpu-149:99788:99788 [7] NCCL INFO Channel 09/1 : 7[7] -> 8[0] [send] via NET/NCCL RDMA Plugin v8/0(0)/GDRDMA/Shared
use3a-ss-b200-gpu-149:99781:99781 [0] NCCL INFO Channel 10/1 : 15[7] -> 0[0] [receive] via NET/NCCL RDMA Plugin v8/0/GDRDMA/Shared
use3a-ss-b200-gpu-149:99788:99788 [7] NCCL INFO Channel 10/1 : 7[7] -> 8[0] [send] via NET/NCCL RDMA Plugin v8/0(0)/GDRDMA/Shared
use3a-ss-b200-gpu-149:99781:99781 [0] NCCL INFO Channel 11/1 : 15[7] -> 0[0] [receive] via NET/NCCL RDMA Plugin v8/0/GDRDMA/Shared
use3a-ss-b200-gpu-149:99781:99781 [0] NCCL INFO Channel 00/1 : 0[0] -> 1[1] via P2P/CUMEM
use3a-ss-b200-gpu-149:99788:99788 [7] NCCL INFO Channel 11/1 : 7[7] -> 8[0] [send] via NET/NCCL RDMA Plugin v8/0(0)/GDRDMA/Shared
use3a-ss-b200-gpu-150:98990:98990 [0] NCCL INFO Channel 01/1 : 8[0] -> 9[1] via P2P/CUMEM
use3a-ss-b200-gpu-149:99781:99781 [0] NCCL INFO Channel 01/1 : 0[0] -> 1[1] via P2P/CUMEM
use3a-ss-b200-gpu-149:99781:99781 [0] NCCL INFO Channel 02/1 : 0[0] -> 1[1] via P2P/CUMEM
use3a-ss-b200-gpu-150:98990:98990 [0] NCCL INFO Channel 02/1 : 8[0] -> 9[1] via P2P/CUMEM
use3a-ss-b200-gpu-149:99781:99781 [0] NCCL INFO Channel 03/1 : 0[0] -> 1[1] via P2P/CUMEM
use3a-ss-b200-gpu-150:98990:98990 [0] NCCL INFO Channel 03/1 : 8[0] -> 9[1] via P2P/CUMEM
   134217728      33554432     float     sum      -1   3228.6   41.57   41.57      0   3222.7   41.65   41.65    N/A
use3a-ss-b200-gpu-150:98997:98997 [7] NCCL INFO comm 0x5d3672e77870 rank 15 nranks 16 cudaDev 7 busId ed000 - Destroy COMPLETE
use3a-ss-b200-gpu-150:98997:98997 [7] NCCL INFO Unloading plugin libnccl-net.so
use3a-ss-b200-gpu-149:99787:99787 [6] NCCL INFO comm 0x56a4f019c710 rank 6 nranks 16 cudaDev 6 busId dc000 - Destroy COMPLETE
use3a-ss-b200-gpu-149:99787:99787 [6] NCCL INFO Unloading plugin libnccl-net.so
use3a-ss-b200-gpu-149:99782:99782 [1] NCCL INFO comm 0x591655f9a0a0 rank 1 nranks 16 cudaDev 1 busId 3d000 - Destroy COMPLETE
use3a-ss-b200-gpu-149:99782:99782 [1] NCCL INFO Unloading plugin libnccl-net.so
use3a-ss-b200-gpu-150:98996:98996 [6] NCCL INFO comm 0x5b800e8bae50 rank 14 nranks 16 cudaDev 6 busId dc000 - Destroy COMPLETE
use3a-ss-b200-gpu-150:98996:98996 [6] NCCL INFO Unloading plugin libnccl-net.so
use3a-ss-b200-gpu-150:98994:98994 [4] NCCL INFO comm 0x594dff5d85e0 rank 12 nranks 16 cudaDev 4 busId 97000 - Destroy COMPLETE
use3a-ss-b200-gpu-150:98994:98994 [4] NCCL INFO Unloading plugin libnccl-net.so
use3a-ss-b200-gpu-150:98995:98995 [5] NCCL INFO comm 0x653719baa950 rank 13 nranks 16 cudaDev 5 busId ba000 - Destroy COMPLETE
use3a-ss-b200-gpu-150:98995:98995 [5] NCCL INFO Unloading plugin libnccl-net.so
use3a-ss-b200-gpu-149:99785:99785 [4] NCCL INFO comm 0x6254226b4e10 rank 4 nranks 16 cudaDev 4 busId 97000 - Destroy COMPLETE
use3a-ss-b200-gpu-149:99785:99785 [4] NCCL INFO Unloading plugin libnccl-net.so
use3a-ss-b200-gpu-150:98992:98992 [2] NCCL INFO comm 0x61bbc10a9130 rank 10 nranks 16 cudaDev 2 busId 5f000 - Destroy COMPLETE
use3a-ss-b200-gpu-150:98992:98992 [2] NCCL INFO Unloading plugin libnccl-net.so
use3a-ss-b200-gpu-150:98993:98993 [3] NCCL INFO comm 0x57307de11820 rank 11 nranks 16 cudaDev 3 busId 70000 - Destroy COMPLETE
use3a-ss-b200-gpu-150:98993:98993 [3] NCCL INFO Unloading plugin libnccl-net.so
use3a-ss-b200-gpu-149:99783:99783 [2] NCCL INFO comm 0x638680ed1370 rank 2 nranks 16 cudaDev 2 busId 5f000 - Destroy COMPLETE
use3a-ss-b200-gpu-149:99783:99783 [2] NCCL INFO Unloading plugin libnccl-net.so
use3a-ss-b200-gpu-149:99781:99781 [0] NCCL INFO comm 0x63215565d990 rank 0 nranks 16 cudaDev 0 busId 17000 - Destroy COMPLETE
use3a-ss-b200-gpu-149:99781:99781 [0] NCCL INFO Unloading plugin libnccl-net.so
use3a-ss-b200-gpu-149:99788:99788 [7] NCCL INFO comm 0x64b6666c8120 rank 7 nranks 16 cudaDev 7 busId ed000 - Destroy COMPLETE
use3a-ss-b200-gpu-149:99788:99788 [7] NCCL INFO Unloading plugin libnccl-net.so
use3a-ss-b200-gpu-149:99786:99786 [5] NCCL INFO comm 0x61a871e99c90 rank 5 nranks 16 cudaDev 5 busId ba000 - Destroy COMPLETE
use3a-ss-b200-gpu-149:99786:99786 [5] NCCL INFO Unloading plugin libnccl-net.so
use3a-ss-b200-gpu-149:99784:99784 [3] NCCL INFO comm 0x589c53413f50 rank 3 nranks 16 cudaDev 3 busId 70000 - Destroy COMPLETE
use3a-ss-b200-gpu-149:99784:99784 [3] NCCL INFO Unloading plugin libnccl-net.so
use3a-ss-b200-gpu-150:98991:98991 [1] NCCL INFO comm 0x6028414dc290 rank 9 nranks 16 cudaDev 1 busId 3d000 - Destroy COMPLETE
use3a-ss-b200-gpu-150:98991:98991 [1] NCCL INFO Unloading plugin libnccl-net.so
use3a-ss-b200-gpu-150:98990:98990 [0] NCCL INFO comm 0x576e8275caf0 rank 8 nranks 16 cudaDev 0 busId 17000 - Destroy COMPLETE
use3a-ss-b200-gpu-150:98990:98990 [0] NCCL INFO Unloading plugin libnccl-net.so
# Out of bounds values : 0 OK
# Avg bus bandwidth    : 41.6096 
#

use3a-ss-b200-gpu-149:99782:99782 [1] NCCL INFO ENV/Plugin: Closing env plugin ncclEnvDefault
use3a-ss-b200-gpu-150:98995:98995 [5] NCCL INFO ENV/Plugin: Closing env plugin ncclEnvDefault
use3a-ss-b200-gpu-150:98997:98997 [7] NCCL INFO ENV/Plugin: Closing env plugin ncclEnvDefault
use3a-ss-b200-gpu-150:98993:98993 [3] NCCL INFO ENV/Plugin: Closing env plugin ncclEnvDefault
use3a-ss-b200-gpu-149:99785:99785 [4] NCCL INFO ENV/Plugin: Closing env plugin ncclEnvDefault
use3a-ss-b200-gpu-150:98991:98991 [1] NCCL INFO ENV/Plugin: Closing env plugin ncclEnvDefault
use3a-ss-b200-gpu-149:99788:99788 [7] NCCL INFO ENV/Plugin: Closing env plugin ncclEnvDefault
use3a-ss-b200-gpu-149:99787:99787 [6] NCCL INFO ENV/Plugin: Closing env plugin ncclEnvDefault
use3a-ss-b200-gpu-149:99784:99784 [3] NCCL INFO ENV/Plugin: Closing env plugin ncclEnvDefault
use3a-ss-b200-gpu-149:99783:99783 [2] NCCL INFO ENV/Plugin: Closing env plugin ncclEnvDefault
use3a-ss-b200-gpu-150:98996:98996 [6] NCCL INFO ENV/Plugin: Closing env plugin ncclEnvDefault
use3a-ss-b200-gpu-150:98992:98992 [2] NCCL INFO ENV/Plugin: Closing env plugin ncclEnvDefault
use3a-ss-b200-gpu-150:98994:98994 [4] NCCL INFO ENV/Plugin: Closing env plugin ncclEnvDefault
use3a-ss-b200-gpu-150:98990:98990 [0] NCCL INFO ENV/Plugin: Closing env plugin ncclEnvDefault
use3a-ss-b200-gpu-149:99781:99781 [0] NCCL INFO ENV/Plugin: Closing env plugin ncclEnvDefault
use3a-ss-b200-gpu-149:99786:99786 [5] NCCL INFO ENV/Plugin: Closing env plugin ncclEnvDefault

=== 2-Node SendRecv Complete ===
Results in: /mnt/vast/dgxc-benchmarking-auto/nvbandwidth_benchmarks/results/
